ISO-10303-21;
HEADER;
FILE_DESCRIPTION((''),'2;1');
FILE_NAME('RTJ0020G_ASM','2019-09-20T10:36:29',('a0412086'),(''),
'CREO PARAMETRIC BY PTC INC, 2018020','CREO PARAMETRIC BY PTC INC, 2018020','');
FILE_SCHEMA(('AUTOMOTIVE_DESIGN { 1 0 10303 214 1 1 1 1 }'));
ENDSEC;
DATA;
#31=DIRECTION('',(0.E0,0.E0,-1.E0));
#32=VECTOR('',#31,2.4E-1);
#33=CARTESIAN_POINT('',(-2.E0,0.E0,-8.8E-1));
#34=LINE('',#33,#32);
#35=DRAUGHTING_PRE_DEFINED_CURVE_FONT('continuous');
#36=CURVE_STYLE('',#35,POSITIVE_LENGTH_MEASURE(2.E-2),#28);
#37=PRESENTATION_STYLE_ASSIGNMENT((#36));
#38=STYLED_ITEM('',(#37),#34);
#39=DIRECTION('',(1.E0,0.E0,0.E0));
#40=VECTOR('',#39,2.81E-1);
#41=CARTESIAN_POINT('',(-2.E0,0.E0,-8.8E-1));
#42=LINE('',#41,#40);
#43=CURVE_STYLE('',#35,POSITIVE_LENGTH_MEASURE(2.E-2),#28);
#44=PRESENTATION_STYLE_ASSIGNMENT((#43));
#45=STYLED_ITEM('',(#44),#42);
#46=CARTESIAN_POINT('',(-1.719E0,0.E0,-9.99E-1));
#47=DIRECTION('',(0.E0,1.E0,0.E0));
#48=DIRECTION('',(0.E0,0.E0,1.E0));
#49=AXIS2_PLACEMENT_3D('',#46,#47,#48);
#51=CURVE_STYLE('',#35,POSITIVE_LENGTH_MEASURE(2.E-2),#28);
#52=PRESENTATION_STYLE_ASSIGNMENT((#51));
#53=STYLED_ITEM('',(#52),#50);
#54=DIRECTION('',(0.E0,0.E0,-1.E0));
#55=VECTOR('',#54,2.E-3);
#56=CARTESIAN_POINT('',(-1.6E0,0.E0,-9.99E-1));
#57=LINE('',#56,#55);
#58=CURVE_STYLE('',#35,POSITIVE_LENGTH_MEASURE(2.E-2),#28);
#59=PRESENTATION_STYLE_ASSIGNMENT((#58));
#60=STYLED_ITEM('',(#59),#57);
#61=CARTESIAN_POINT('',(-1.719E0,0.E0,-1.001E0));
#62=DIRECTION('',(0.E0,1.E0,0.E0));
#63=DIRECTION('',(1.E0,0.E0,0.E0));
#64=AXIS2_PLACEMENT_3D('',#61,#62,#63);
#66=CURVE_STYLE('',#35,POSITIVE_LENGTH_MEASURE(2.E-2),#28);
#67=PRESENTATION_STYLE_ASSIGNMENT((#66));
#68=STYLED_ITEM('',(#67),#65);
#69=DIRECTION('',(-1.E0,0.E0,0.E0));
#70=VECTOR('',#69,2.81E-1);
#71=CARTESIAN_POINT('',(-1.719E0,0.E0,-1.12E0));
#72=LINE('',#71,#70);
#73=CURVE_STYLE('',#35,POSITIVE_LENGTH_MEASURE(2.E-2),#28);
#74=PRESENTATION_STYLE_ASSIGNMENT((#73));
#75=STYLED_ITEM('',(#74),#72);
#76=DIRECTION('',(0.E0,1.E0,0.E0));
#77=VECTOR('',#76,2.E-1);
#78=CARTESIAN_POINT('',(-2.E0,0.E0,-1.12E0));
#79=LINE('',#78,#77);
#80=CURVE_STYLE('',#35,POSITIVE_LENGTH_MEASURE(2.E-2),#28);
#81=PRESENTATION_STYLE_ASSIGNMENT((#80));
#82=STYLED_ITEM('',(#81),#79);
#83=DIRECTION('',(0.E0,1.E0,0.E0));
#84=VECTOR('',#83,2.E-1);
#85=CARTESIAN_POINT('',(-1.719E0,0.E0,-1.12E0));
#86=LINE('',#85,#84);
#87=CURVE_STYLE('',#35,POSITIVE_LENGTH_MEASURE(2.E-2),#28);
#88=PRESENTATION_STYLE_ASSIGNMENT((#87));
#89=STYLED_ITEM('',(#88),#86);
#90=DIRECTION('',(0.E0,1.E0,0.E0));
#91=VECTOR('',#90,2.E-1);
#92=CARTESIAN_POINT('',(-1.6E0,0.E0,-1.001E0));
#93=LINE('',#92,#91);
#94=CURVE_STYLE('',#35,POSITIVE_LENGTH_MEASURE(2.E-2),#28);
#95=PRESENTATION_STYLE_ASSIGNMENT((#94));
#96=STYLED_ITEM('',(#95),#93);
#97=DIRECTION('',(0.E0,1.E0,0.E0));
#98=VECTOR('',#97,2.E-1);
#99=CARTESIAN_POINT('',(-1.6E0,0.E0,-9.99E-1));
#100=LINE('',#99,#98);
#101=CURVE_STYLE('',#35,POSITIVE_LENGTH_MEASURE(2.E-2),#28);
#102=PRESENTATION_STYLE_ASSIGNMENT((#101));
#103=STYLED_ITEM('',(#102),#100);
#104=DIRECTION('',(0.E0,1.E0,0.E0));
#105=VECTOR('',#104,2.E-1);
#106=CARTESIAN_POINT('',(-1.719E0,0.E0,-8.8E-1));
#107=LINE('',#106,#105);
#108=CURVE_STYLE('',#35,POSITIVE_LENGTH_MEASURE(2.E-2),#28);
#109=PRESENTATION_STYLE_ASSIGNMENT((#108));
#110=STYLED_ITEM('',(#109),#107);
#111=DIRECTION('',(0.E0,1.E0,0.E0));
#112=VECTOR('',#111,2.E-1);
#113=CARTESIAN_POINT('',(-2.E0,0.E0,-8.8E-1));
#114=LINE('',#113,#112);
#115=CURVE_STYLE('',#35,POSITIVE_LENGTH_MEASURE(2.E-2),#28);
#116=PRESENTATION_STYLE_ASSIGNMENT((#115));
#117=STYLED_ITEM('',(#116),#114);
#118=DIRECTION('',(0.E0,0.E0,-1.E0));
#119=VECTOR('',#118,2.4E-1);
#120=CARTESIAN_POINT('',(-2.E0,2.E-1,-8.8E-1));
#121=LINE('',#120,#119);
#122=CURVE_STYLE('',#35,POSITIVE_LENGTH_MEASURE(2.E-2),#28);
#123=PRESENTATION_STYLE_ASSIGNMENT((#122));
#124=STYLED_ITEM('',(#123),#121);
#125=DIRECTION('',(-1.E0,0.E0,0.E0));
#126=VECTOR('',#125,2.81E-1);
#127=CARTESIAN_POINT('',(-1.719E0,2.E-1,-1.12E0));
#128=LINE('',#127,#126);
#129=CURVE_STYLE('',#35,POSITIVE_LENGTH_MEASURE(2.E-2),#28);
#130=PRESENTATION_STYLE_ASSIGNMENT((#129));
#131=STYLED_ITEM('',(#130),#128);
#132=CARTESIAN_POINT('',(-1.719E0,2.E-1,-1.001E0));
#133=DIRECTION('',(0.E0,1.E0,0.E0));
#134=DIRECTION('',(1.E0,0.E0,0.E0));
#135=AXIS2_PLACEMENT_3D('',#132,#133,#134);
#137=CURVE_STYLE('',#35,POSITIVE_LENGTH_MEASURE(2.E-2),#28);
#138=PRESENTATION_STYLE_ASSIGNMENT((#137));
#139=STYLED_ITEM('',(#138),#136);
#140=DIRECTION('',(0.E0,0.E0,-1.E0));
#141=VECTOR('',#140,2.E-3);
#142=CARTESIAN_POINT('',(-1.6E0,2.E-1,-9.99E-1));
#143=LINE('',#142,#141);
#144=CURVE_STYLE('',#35,POSITIVE_LENGTH_MEASURE(2.E-2),#28);
#145=PRESENTATION_STYLE_ASSIGNMENT((#144));
#146=STYLED_ITEM('',(#145),#143);
#147=CARTESIAN_POINT('',(-1.719E0,2.E-1,-9.99E-1));
#148=DIRECTION('',(0.E0,1.E0,0.E0));
#149=DIRECTION('',(0.E0,0.E0,1.E0));
#150=AXIS2_PLACEMENT_3D('',#147,#148,#149);
#152=CURVE_STYLE('',#35,POSITIVE_LENGTH_MEASURE(2.E-2),#28);
#153=PRESENTATION_STYLE_ASSIGNMENT((#152));
#154=STYLED_ITEM('',(#153),#151);
#155=DIRECTION('',(1.E0,0.E0,0.E0));
#156=VECTOR('',#155,2.81E-1);
#157=CARTESIAN_POINT('',(-2.E0,2.E-1,-8.8E-1));
#158=LINE('',#157,#156);
#159=CURVE_STYLE('',#35,POSITIVE_LENGTH_MEASURE(2.E-2),#28);
#160=PRESENTATION_STYLE_ASSIGNMENT((#159));
#161=STYLED_ITEM('',(#160),#158);
#162=CARTESIAN_POINT('',(-1.719E0,0.E0,-8.8E-1));
#163=CARTESIAN_POINT('',(-1.6E0,0.E0,-9.99E-1));
#164=VERTEX_POINT('',#162);
#165=VERTEX_POINT('',#163);
#166=CARTESIAN_POINT('',(-1.6E0,0.E0,-1.001E0));
#167=VERTEX_POINT('',#166);
#168=CARTESIAN_POINT('',(-1.719E0,0.E0,-1.12E0));
#169=VERTEX_POINT('',#168);
#170=CARTESIAN_POINT('',(-1.719E0,2.E-1,-8.8E-1));
#171=CARTESIAN_POINT('',(-1.6E0,2.E-1,-9.99E-1));
#172=VERTEX_POINT('',#170);
#173=VERTEX_POINT('',#171);
#174=CARTESIAN_POINT('',(-1.6E0,2.E-1,-1.001E0));
#175=VERTEX_POINT('',#174);
#176=CARTESIAN_POINT('',(-1.719E0,2.E-1,-1.12E0));
#177=VERTEX_POINT('',#176);
#178=CARTESIAN_POINT('',(-2.E0,0.E0,-8.8E-1));
#179=CARTESIAN_POINT('',(-2.E0,0.E0,-1.12E0));
#180=VERTEX_POINT('',#178);
#181=VERTEX_POINT('',#179);
#182=CARTESIAN_POINT('',(-2.E0,2.E-1,-8.8E-1));
#183=CARTESIAN_POINT('',(-2.E0,2.E-1,-1.12E0));
#184=VERTEX_POINT('',#182);
#185=VERTEX_POINT('',#183);
#186=CARTESIAN_POINT('',(0.E0,0.E0,0.E0));
#187=DIRECTION('',(0.E0,1.E0,0.E0));
#188=DIRECTION('',(1.E0,0.E0,0.E0));
#189=AXIS2_PLACEMENT_3D('',#186,#187,#188);
#190=PLANE('',#189);
#192=ORIENTED_EDGE('',*,*,#191,.F.);
#194=ORIENTED_EDGE('',*,*,#193,.T.);
#196=ORIENTED_EDGE('',*,*,#195,.T.);
#198=ORIENTED_EDGE('',*,*,#197,.T.);
#200=ORIENTED_EDGE('',*,*,#199,.T.);
#202=ORIENTED_EDGE('',*,*,#201,.T.);
#203=EDGE_LOOP('',(#192,#194,#196,#198,#200,#202));
#204=FACE_OUTER_BOUND('',#203,.F.);
#206=CARTESIAN_POINT('',(-2.E0,0.E0,2.E0));
#207=DIRECTION('',(1.E0,0.E0,0.E0));
#208=DIRECTION('',(0.E0,0.E0,-1.E0));
#209=AXIS2_PLACEMENT_3D('',#206,#207,#208);
#210=PLANE('',#209);
#211=ORIENTED_EDGE('',*,*,#191,.T.);
#213=ORIENTED_EDGE('',*,*,#212,.T.);
#215=ORIENTED_EDGE('',*,*,#214,.F.);
#217=ORIENTED_EDGE('',*,*,#216,.F.);
#218=EDGE_LOOP('',(#211,#213,#215,#217));
#219=FACE_OUTER_BOUND('',#218,.F.);
#221=FILL_AREA_STYLE_COLOUR('',#29);
#222=FILL_AREA_STYLE('',(#221));
#223=SURFACE_STYLE_FILL_AREA(#222);
#224=SURFACE_SIDE_STYLE('',(#223));
#225=SURFACE_STYLE_USAGE(.POSITIVE.,#224);
#226=FILL_AREA_STYLE_COLOUR('',#28);
#227=FILL_AREA_STYLE('',(#226));
#228=SURFACE_STYLE_FILL_AREA(#227);
#229=SURFACE_SIDE_STYLE('',(#228));
#230=SURFACE_STYLE_USAGE(.NEGATIVE.,#229);
#231=PRESENTATION_STYLE_ASSIGNMENT((#225,#230));
#232=OVER_RIDING_STYLED_ITEM('',(#231),#220,#30);
#233=CARTESIAN_POINT('',(-1.719E0,0.E0,-1.12E0));
#234=DIRECTION('',(0.E0,0.E0,-1.E0));
#235=DIRECTION('',(-1.E0,0.E0,0.E0));
#236=AXIS2_PLACEMENT_3D('',#233,#234,#235);
#237=PLANE('',#236);
#238=ORIENTED_EDGE('',*,*,#212,.F.);
#239=ORIENTED_EDGE('',*,*,#201,.F.);
#241=ORIENTED_EDGE('',*,*,#240,.T.);
#243=ORIENTED_EDGE('',*,*,#242,.T.);
#244=EDGE_LOOP('',(#238,#239,#241,#243));
#245=FACE_OUTER_BOUND('',#244,.F.);
#247=CARTESIAN_POINT('',(-1.719E0,0.E0,-1.001E0));
#248=DIRECTION('',(0.E0,1.E0,0.E0));
#249=DIRECTION('',(1.E0,0.E0,0.E0));
#250=AXIS2_PLACEMENT_3D('',#247,#248,#249);
#251=CYLINDRICAL_SURFACE('',#250,1.19E-1);
#252=ORIENTED_EDGE('',*,*,#199,.F.);
#254=ORIENTED_EDGE('',*,*,#253,.T.);
#256=ORIENTED_EDGE('',*,*,#255,.T.);
#257=ORIENTED_EDGE('',*,*,#240,.F.);
#258=EDGE_LOOP('',(#252,#254,#256,#257));
#259=FACE_OUTER_BOUND('',#258,.F.);
#261=CARTESIAN_POINT('',(-1.6E0,0.E0,-9.99E-1));
#262=DIRECTION('',(1.E0,0.E0,0.E0));
#263=DIRECTION('',(0.E0,0.E0,-1.E0));
#264=AXIS2_PLACEMENT_3D('',#261,#262,#263);
#265=PLANE('',#264);
#266=ORIENTED_EDGE('',*,*,#197,.F.);
#268=ORIENTED_EDGE('',*,*,#267,.T.);
#270=ORIENTED_EDGE('',*,*,#269,.T.);
#271=ORIENTED_EDGE('',*,*,#253,.F.);
#272=EDGE_LOOP('',(#266,#268,#270,#271));
#273=FACE_OUTER_BOUND('',#272,.F.);
#275=CARTESIAN_POINT('',(-1.719E0,0.E0,-9.99E-1));
#276=DIRECTION('',(0.E0,1.E0,0.E0));
#277=DIRECTION('',(1.E0,0.E0,0.E0));
#278=AXIS2_PLACEMENT_3D('',#275,#276,#277);
#279=CYLINDRICAL_SURFACE('',#278,1.19E-1);
#280=ORIENTED_EDGE('',*,*,#195,.F.);
#282=ORIENTED_EDGE('',*,*,#281,.T.);
#284=ORIENTED_EDGE('',*,*,#283,.T.);
#285=ORIENTED_EDGE('',*,*,#267,.F.);
#286=EDGE_LOOP('',(#280,#282,#284,#285));
#287=FACE_OUTER_BOUND('',#286,.F.);
#289=CARTESIAN_POINT('',(-2.1E0,0.E0,-8.8E-1));
#290=DIRECTION('',(0.E0,0.E0,1.E0));
#291=DIRECTION('',(1.E0,0.E0,0.E0));
#292=AXIS2_PLACEMENT_3D('',#289,#290,#291);
#293=PLANE('',#292);
#294=ORIENTED_EDGE('',*,*,#216,.T.);
#296=ORIENTED_EDGE('',*,*,#295,.T.);
#297=ORIENTED_EDGE('',*,*,#281,.F.);
#298=ORIENTED_EDGE('',*,*,#193,.F.);
#299=EDGE_LOOP('',(#294,#296,#297,#298));
#300=FACE_OUTER_BOUND('',#299,.F.);
#302=CARTESIAN_POINT('',(0.E0,2.E-1,0.E0));
#303=DIRECTION('',(0.E0,1.E0,0.E0));
#304=DIRECTION('',(1.E0,0.E0,0.E0));
#305=AXIS2_PLACEMENT_3D('',#302,#303,#304);
#306=PLANE('',#305);
#307=ORIENTED_EDGE('',*,*,#214,.T.);
#308=ORIENTED_EDGE('',*,*,#242,.F.);
#309=ORIENTED_EDGE('',*,*,#255,.F.);
#310=ORIENTED_EDGE('',*,*,#269,.F.);
#311=ORIENTED_EDGE('',*,*,#283,.F.);
#312=ORIENTED_EDGE('',*,*,#295,.F.);
#313=EDGE_LOOP('',(#307,#308,#309,#310,#311,#312));
#314=FACE_OUTER_BOUND('',#313,.F.);
#316=CLOSED_SHELL('',(#205,#220,#246,#260,#274,#288,#301,#315));
#317=MANIFOLD_SOLID_BREP('',#316);
#318=FILL_AREA_STYLE_COLOUR('',#28);
#319=FILL_AREA_STYLE('',(#318));
#320=SURFACE_STYLE_FILL_AREA(#319);
#321=SURFACE_SIDE_STYLE('',(#320));
#322=SURFACE_STYLE_USAGE(.BOTH.,#321);
#323=PRESENTATION_STYLE_ASSIGNMENT((#322));
#30=STYLED_ITEM('',(#323),#317);
#325=DIRECTION('',(0.E0,0.E0,-1.E0));
#326=VECTOR('',#325,2.4E-1);
#327=CARTESIAN_POINT('',(-2.E0,0.E0,-3.8E-1));
#328=LINE('',#327,#326);
#329=CURVE_STYLE('',#35,POSITIVE_LENGTH_MEASURE(2.E-2),#28);
#330=PRESENTATION_STYLE_ASSIGNMENT((#329));
#331=STYLED_ITEM('',(#330),#328);
#332=DIRECTION('',(1.E0,0.E0,0.E0));
#333=VECTOR('',#332,2.81E-1);
#334=CARTESIAN_POINT('',(-2.E0,0.E0,-3.8E-1));
#335=LINE('',#334,#333);
#336=CURVE_STYLE('',#35,POSITIVE_LENGTH_MEASURE(2.E-2),#28);
#337=PRESENTATION_STYLE_ASSIGNMENT((#336));
#338=STYLED_ITEM('',(#337),#335);
#339=CARTESIAN_POINT('',(-1.719E0,0.E0,-4.99E-1));
#340=DIRECTION('',(0.E0,1.E0,0.E0));
#341=DIRECTION('',(0.E0,0.E0,1.E0));
#342=AXIS2_PLACEMENT_3D('',#339,#340,#341);
#344=CURVE_STYLE('',#35,POSITIVE_LENGTH_MEASURE(2.E-2),#28);
#345=PRESENTATION_STYLE_ASSIGNMENT((#344));
#346=STYLED_ITEM('',(#345),#343);
#347=DIRECTION('',(-1.110223024625E-13,0.E0,-1.E0));
#348=VECTOR('',#347,2.E-3);
#349=CARTESIAN_POINT('',(-1.6E0,0.E0,-4.99E-1));
#350=LINE('',#349,#348);
#351=CURVE_STYLE('',#35,POSITIVE_LENGTH_MEASURE(2.E-2),#28);
#352=PRESENTATION_STYLE_ASSIGNMENT((#351));
#353=STYLED_ITEM('',(#352),#350);
#354=CARTESIAN_POINT('',(-1.719E0,0.E0,-5.01E-1));
#355=DIRECTION('',(0.E0,1.E0,0.E0));
#356=DIRECTION('',(1.E0,0.E0,0.E0));
#357=AXIS2_PLACEMENT_3D('',#354,#355,#356);
#359=CURVE_STYLE('',#35,POSITIVE_LENGTH_MEASURE(2.E-2),#28);
#360=PRESENTATION_STYLE_ASSIGNMENT((#359));
#361=STYLED_ITEM('',(#360),#358);
#362=DIRECTION('',(-1.E0,0.E0,0.E0));
#363=VECTOR('',#362,2.81E-1);
#364=CARTESIAN_POINT('',(-1.719E0,0.E0,-6.2E-1));
#365=LINE('',#364,#363);
#366=CURVE_STYLE('',#35,POSITIVE_LENGTH_MEASURE(2.E-2),#28);
#367=PRESENTATION_STYLE_ASSIGNMENT((#366));
#368=STYLED_ITEM('',(#367),#365);
#369=DIRECTION('',(0.E0,1.E0,0.E0));
#370=VECTOR('',#369,2.E-1);
#371=CARTESIAN_POINT('',(-2.E0,0.E0,-6.2E-1));
#372=LINE('',#371,#370);
#373=CURVE_STYLE('',#35,POSITIVE_LENGTH_MEASURE(2.E-2),#28);
#374=PRESENTATION_STYLE_ASSIGNMENT((#373));
#375=STYLED_ITEM('',(#374),#372);
#376=DIRECTION('',(0.E0,1.E0,0.E0));
#377=VECTOR('',#376,2.E-1);
#378=CARTESIAN_POINT('',(-1.719E0,0.E0,-6.2E-1));
#379=LINE('',#378,#377);
#380=CURVE_STYLE('',#35,POSITIVE_LENGTH_MEASURE(2.E-2),#28);
#381=PRESENTATION_STYLE_ASSIGNMENT((#380));
#382=STYLED_ITEM('',(#381),#379);
#383=DIRECTION('',(0.E0,1.E0,0.E0));
#384=VECTOR('',#383,2.E-1);
#385=CARTESIAN_POINT('',(-1.6E0,0.E0,-5.01E-1));
#386=LINE('',#385,#384);
#387=CURVE_STYLE('',#35,POSITIVE_LENGTH_MEASURE(2.E-2),#28);
#388=PRESENTATION_STYLE_ASSIGNMENT((#387));
#389=STYLED_ITEM('',(#388),#386);
#390=DIRECTION('',(0.E0,1.E0,0.E0));
#391=VECTOR('',#390,2.E-1);
#392=CARTESIAN_POINT('',(-1.6E0,0.E0,-4.99E-1));
#393=LINE('',#392,#391);
#394=CURVE_STYLE('',#35,POSITIVE_LENGTH_MEASURE(2.E-2),#28);
#395=PRESENTATION_STYLE_ASSIGNMENT((#394));
#396=STYLED_ITEM('',(#395),#393);
#397=DIRECTION('',(0.E0,1.E0,0.E0));
#398=VECTOR('',#397,2.E-1);
#399=CARTESIAN_POINT('',(-1.719E0,0.E0,-3.8E-1));
#400=LINE('',#399,#398);
#401=CURVE_STYLE('',#35,POSITIVE_LENGTH_MEASURE(2.E-2),#28);
#402=PRESENTATION_STYLE_ASSIGNMENT((#401));
#403=STYLED_ITEM('',(#402),#400);
#404=DIRECTION('',(0.E0,1.E0,0.E0));
#405=VECTOR('',#404,2.E-1);
#406=CARTESIAN_POINT('',(-2.E0,0.E0,-3.8E-1));
#407=LINE('',#406,#405);
#408=CURVE_STYLE('',#35,POSITIVE_LENGTH_MEASURE(2.E-2),#28);
#409=PRESENTATION_STYLE_ASSIGNMENT((#408));
#410=STYLED_ITEM('',(#409),#407);
#411=DIRECTION('',(0.E0,0.E0,-1.E0));
#412=VECTOR('',#411,2.4E-1);
#413=CARTESIAN_POINT('',(-2.E0,2.E-1,-3.8E-1));
#414=LINE('',#413,#412);
#415=CURVE_STYLE('',#35,POSITIVE_LENGTH_MEASURE(2.E-2),#28);
#416=PRESENTATION_STYLE_ASSIGNMENT((#415));
#417=STYLED_ITEM('',(#416),#414);
#418=DIRECTION('',(-1.E0,0.E0,0.E0));
#419=VECTOR('',#418,2.81E-1);
#420=CARTESIAN_POINT('',(-1.719E0,2.E-1,-6.2E-1));
#421=LINE('',#420,#419);
#422=CURVE_STYLE('',#35,POSITIVE_LENGTH_MEASURE(2.E-2),#28);
#423=PRESENTATION_STYLE_ASSIGNMENT((#422));
#424=STYLED_ITEM('',(#423),#421);
#425=CARTESIAN_POINT('',(-1.719E0,2.E-1,-5.01E-1));
#426=DIRECTION('',(0.E0,1.E0,0.E0));
#427=DIRECTION('',(1.E0,0.E0,0.E0));
#428=AXIS2_PLACEMENT_3D('',#425,#426,#427);
#430=CURVE_STYLE('',#35,POSITIVE_LENGTH_MEASURE(2.E-2),#28);
#431=PRESENTATION_STYLE_ASSIGNMENT((#430));
#432=STYLED_ITEM('',(#431),#429);
#433=DIRECTION('',(0.E0,0.E0,-1.E0));
#434=VECTOR('',#433,2.E-3);
#435=CARTESIAN_POINT('',(-1.6E0,2.E-1,-4.99E-1));
#436=LINE('',#435,#434);
#437=CURVE_STYLE('',#35,POSITIVE_LENGTH_MEASURE(2.E-2),#28);
#438=PRESENTATION_STYLE_ASSIGNMENT((#437));
#439=STYLED_ITEM('',(#438),#436);
#440=CARTESIAN_POINT('',(-1.719E0,2.E-1,-4.99E-1));
#441=DIRECTION('',(0.E0,1.E0,0.E0));
#442=DIRECTION('',(0.E0,0.E0,1.E0));
#443=AXIS2_PLACEMENT_3D('',#440,#441,#442);
#445=CURVE_STYLE('',#35,POSITIVE_LENGTH_MEASURE(2.E-2),#28);
#446=PRESENTATION_STYLE_ASSIGNMENT((#445));
#447=STYLED_ITEM('',(#446),#444);
#448=DIRECTION('',(1.E0,0.E0,0.E0));
#449=VECTOR('',#448,2.81E-1);
#450=CARTESIAN_POINT('',(-2.E0,2.E-1,-3.8E-1));
#451=LINE('',#450,#449);
#452=CURVE_STYLE('',#35,POSITIVE_LENGTH_MEASURE(2.E-2),#28);
#453=PRESENTATION_STYLE_ASSIGNMENT((#452));
#454=STYLED_ITEM('',(#453),#451);
#455=CARTESIAN_POINT('',(-1.719E0,0.E0,-3.8E-1));
#456=CARTESIAN_POINT('',(-1.6E0,0.E0,-4.99E-1));
#457=VERTEX_POINT('',#455);
#458=VERTEX_POINT('',#456);
#459=CARTESIAN_POINT('',(-1.6E0,0.E0,-5.01E-1));
#460=VERTEX_POINT('',#459);
#461=CARTESIAN_POINT('',(-1.719E0,0.E0,-6.2E-1));
#462=VERTEX_POINT('',#461);
#463=CARTESIAN_POINT('',(-1.719E0,2.E-1,-3.8E-1));
#464=CARTESIAN_POINT('',(-1.6E0,2.E-1,-4.99E-1));
#465=VERTEX_POINT('',#463);
#466=VERTEX_POINT('',#464);
#467=CARTESIAN_POINT('',(-1.6E0,2.E-1,-5.01E-1));
#468=VERTEX_POINT('',#467);
#469=CARTESIAN_POINT('',(-1.719E0,2.E-1,-6.2E-1));
#470=VERTEX_POINT('',#469);
#471=CARTESIAN_POINT('',(-2.E0,0.E0,-3.8E-1));
#472=CARTESIAN_POINT('',(-2.E0,0.E0,-6.2E-1));
#473=VERTEX_POINT('',#471);
#474=VERTEX_POINT('',#472);
#475=CARTESIAN_POINT('',(-2.E0,2.E-1,-3.8E-1));
#476=CARTESIAN_POINT('',(-2.E0,2.E-1,-6.2E-1));
#477=VERTEX_POINT('',#475);
#478=VERTEX_POINT('',#476);
#479=CARTESIAN_POINT('',(0.E0,0.E0,0.E0));
#480=DIRECTION('',(0.E0,1.E0,0.E0));
#481=DIRECTION('',(1.E0,0.E0,0.E0));
#482=AXIS2_PLACEMENT_3D('',#479,#480,#481);
#483=PLANE('',#482);
#485=ORIENTED_EDGE('',*,*,#484,.F.);
#487=ORIENTED_EDGE('',*,*,#486,.T.);
#489=ORIENTED_EDGE('',*,*,#488,.T.);
#491=ORIENTED_EDGE('',*,*,#490,.T.);
#493=ORIENTED_EDGE('',*,*,#492,.T.);
#495=ORIENTED_EDGE('',*,*,#494,.T.);
#496=EDGE_LOOP('',(#485,#487,#489,#491,#493,#495));
#497=FACE_OUTER_BOUND('',#496,.F.);
#499=CARTESIAN_POINT('',(-2.E0,0.E0,2.E0));
#500=DIRECTION('',(1.E0,0.E0,0.E0));
#501=DIRECTION('',(0.E0,0.E0,-1.E0));
#502=AXIS2_PLACEMENT_3D('',#499,#500,#501);
#503=PLANE('',#502);
#504=ORIENTED_EDGE('',*,*,#484,.T.);
#506=ORIENTED_EDGE('',*,*,#505,.T.);
#508=ORIENTED_EDGE('',*,*,#507,.F.);
#510=ORIENTED_EDGE('',*,*,#509,.F.);
#511=EDGE_LOOP('',(#504,#506,#508,#510));
#512=FACE_OUTER_BOUND('',#511,.F.);
#514=FILL_AREA_STYLE_COLOUR('',#29);
#515=FILL_AREA_STYLE('',(#514));
#516=SURFACE_STYLE_FILL_AREA(#515);
#517=SURFACE_SIDE_STYLE('',(#516));
#518=SURFACE_STYLE_USAGE(.POSITIVE.,#517);
#519=PRESENTATION_STYLE_ASSIGNMENT((#518));
#520=OVER_RIDING_STYLED_ITEM('',(#519),#513,#324);
#521=CARTESIAN_POINT('',(-1.719E0,0.E0,-6.2E-1));
#522=DIRECTION('',(0.E0,0.E0,-1.E0));
#523=DIRECTION('',(-1.E0,0.E0,0.E0));
#524=AXIS2_PLACEMENT_3D('',#521,#522,#523);
#525=PLANE('',#524);
#526=ORIENTED_EDGE('',*,*,#505,.F.);
#527=ORIENTED_EDGE('',*,*,#494,.F.);
#529=ORIENTED_EDGE('',*,*,#528,.T.);
#531=ORIENTED_EDGE('',*,*,#530,.T.);
#532=EDGE_LOOP('',(#526,#527,#529,#531));
#533=FACE_OUTER_BOUND('',#532,.F.);
#535=CARTESIAN_POINT('',(-1.719E0,0.E0,-5.01E-1));
#536=DIRECTION('',(0.E0,1.E0,0.E0));
#537=DIRECTION('',(1.E0,0.E0,0.E0));
#538=AXIS2_PLACEMENT_3D('',#535,#536,#537);
#539=CYLINDRICAL_SURFACE('',#538,1.19E-1);
#540=ORIENTED_EDGE('',*,*,#492,.F.);
#542=ORIENTED_EDGE('',*,*,#541,.T.);
#544=ORIENTED_EDGE('',*,*,#543,.T.);
#545=ORIENTED_EDGE('',*,*,#528,.F.);
#546=EDGE_LOOP('',(#540,#542,#544,#545));
#547=FACE_OUTER_BOUND('',#546,.F.);
#549=CARTESIAN_POINT('',(-1.6E0,0.E0,-4.99E-1));
#550=DIRECTION('',(1.E0,0.E0,0.E0));
#551=DIRECTION('',(0.E0,0.E0,-1.E0));
#552=AXIS2_PLACEMENT_3D('',#549,#550,#551);
#553=PLANE('',#552);
#554=ORIENTED_EDGE('',*,*,#490,.F.);
#556=ORIENTED_EDGE('',*,*,#555,.T.);
#558=ORIENTED_EDGE('',*,*,#557,.T.);
#559=ORIENTED_EDGE('',*,*,#541,.F.);
#560=EDGE_LOOP('',(#554,#556,#558,#559));
#561=FACE_OUTER_BOUND('',#560,.F.);
#563=CARTESIAN_POINT('',(-1.719E0,0.E0,-4.99E-1));
#564=DIRECTION('',(0.E0,1.E0,0.E0));
#565=DIRECTION('',(1.E0,0.E0,0.E0));
#566=AXIS2_PLACEMENT_3D('',#563,#564,#565);
#567=CYLINDRICAL_SURFACE('',#566,1.19E-1);
#568=ORIENTED_EDGE('',*,*,#488,.F.);
#570=ORIENTED_EDGE('',*,*,#569,.T.);
#572=ORIENTED_EDGE('',*,*,#571,.T.);
#573=ORIENTED_EDGE('',*,*,#555,.F.);
#574=EDGE_LOOP('',(#568,#570,#572,#573));
#575=FACE_OUTER_BOUND('',#574,.F.);
#577=CARTESIAN_POINT('',(-2.1E0,0.E0,-3.8E-1));
#578=DIRECTION('',(0.E0,0.E0,1.E0));
#579=DIRECTION('',(1.E0,0.E0,0.E0));
#580=AXIS2_PLACEMENT_3D('',#577,#578,#579);
#581=PLANE('',#580);
#582=ORIENTED_EDGE('',*,*,#509,.T.);
#584=ORIENTED_EDGE('',*,*,#583,.T.);
#585=ORIENTED_EDGE('',*,*,#569,.F.);
#586=ORIENTED_EDGE('',*,*,#486,.F.);
#587=EDGE_LOOP('',(#582,#584,#585,#586));
#588=FACE_OUTER_BOUND('',#587,.F.);
#590=CARTESIAN_POINT('',(0.E0,2.E-1,0.E0));
#591=DIRECTION('',(0.E0,1.E0,0.E0));
#592=DIRECTION('',(1.E0,0.E0,0.E0));
#593=AXIS2_PLACEMENT_3D('',#590,#591,#592);
#594=PLANE('',#593);
#595=ORIENTED_EDGE('',*,*,#507,.T.);
#596=ORIENTED_EDGE('',*,*,#530,.F.);
#597=ORIENTED_EDGE('',*,*,#543,.F.);
#598=ORIENTED_EDGE('',*,*,#557,.F.);
#599=ORIENTED_EDGE('',*,*,#571,.F.);
#600=ORIENTED_EDGE('',*,*,#583,.F.);
#601=EDGE_LOOP('',(#595,#596,#597,#598,#599,#600));
#602=FACE_OUTER_BOUND('',#601,.F.);
#604=CLOSED_SHELL('',(#498,#513,#534,#548,#562,#576,#589,#603));
#605=MANIFOLD_SOLID_BREP('',#604);
#606=FILL_AREA_STYLE_COLOUR('',#28);
#607=FILL_AREA_STYLE('',(#606));
#608=SURFACE_STYLE_FILL_AREA(#607);
#609=SURFACE_SIDE_STYLE('',(#608));
#610=SURFACE_STYLE_USAGE(.POSITIVE.,#609);
#611=PRESENTATION_STYLE_ASSIGNMENT((#610));
#324=STYLED_ITEM('',(#611),#605);
#613=DIRECTION('',(0.E0,0.E0,-1.E0));
#614=VECTOR('',#613,2.4E-1);
#615=CARTESIAN_POINT('',(-2.E0,0.E0,1.2E-1));
#616=LINE('',#615,#614);
#617=CURVE_STYLE('',#35,POSITIVE_LENGTH_MEASURE(2.E-2),#28);
#618=PRESENTATION_STYLE_ASSIGNMENT((#617));
#619=STYLED_ITEM('',(#618),#616);
#620=DIRECTION('',(1.E0,0.E0,0.E0));
#621=VECTOR('',#620,2.81E-1);
#622=CARTESIAN_POINT('',(-2.E0,0.E0,1.2E-1));
#623=LINE('',#622,#621);
#624=CURVE_STYLE('',#35,POSITIVE_LENGTH_MEASURE(2.E-2),#28);
#625=PRESENTATION_STYLE_ASSIGNMENT((#624));
#626=STYLED_ITEM('',(#625),#623);
#627=CARTESIAN_POINT('',(-1.719E0,0.E0,1.E-3));
#628=DIRECTION('',(0.E0,1.E0,0.E0));
#629=DIRECTION('',(0.E0,0.E0,1.E0));
#630=AXIS2_PLACEMENT_3D('',#627,#628,#629);
#632=CURVE_STYLE('',#35,POSITIVE_LENGTH_MEASURE(2.E-2),#28);
#633=PRESENTATION_STYLE_ASSIGNMENT((#632));
#634=STYLED_ITEM('',(#633),#631);
#635=DIRECTION('',(-1.110223024625E-13,0.E0,-1.E0));
#636=VECTOR('',#635,2.E-3);
#637=CARTESIAN_POINT('',(-1.6E0,0.E0,1.E-3));
#638=LINE('',#637,#636);
#639=CURVE_STYLE('',#35,POSITIVE_LENGTH_MEASURE(2.E-2),#28);
#640=PRESENTATION_STYLE_ASSIGNMENT((#639));
#641=STYLED_ITEM('',(#640),#638);
#642=CARTESIAN_POINT('',(-1.719E0,0.E0,-1.E-3));
#643=DIRECTION('',(0.E0,1.E0,0.E0));
#644=DIRECTION('',(1.E0,0.E0,0.E0));
#645=AXIS2_PLACEMENT_3D('',#642,#643,#644);
#647=CURVE_STYLE('',#35,POSITIVE_LENGTH_MEASURE(2.E-2),#28);
#648=PRESENTATION_STYLE_ASSIGNMENT((#647));
#649=STYLED_ITEM('',(#648),#646);
#650=DIRECTION('',(-1.E0,0.E0,0.E0));
#651=VECTOR('',#650,2.81E-1);
#652=CARTESIAN_POINT('',(-1.719E0,0.E0,-1.2E-1));
#653=LINE('',#652,#651);
#654=CURVE_STYLE('',#35,POSITIVE_LENGTH_MEASURE(2.E-2),#28);
#655=PRESENTATION_STYLE_ASSIGNMENT((#654));
#656=STYLED_ITEM('',(#655),#653);
#657=DIRECTION('',(0.E0,1.E0,0.E0));
#658=VECTOR('',#657,2.E-1);
#659=CARTESIAN_POINT('',(-2.E0,0.E0,-1.2E-1));
#660=LINE('',#659,#658);
#661=CURVE_STYLE('',#35,POSITIVE_LENGTH_MEASURE(2.E-2),#28);
#662=PRESENTATION_STYLE_ASSIGNMENT((#661));
#663=STYLED_ITEM('',(#662),#660);
#664=DIRECTION('',(0.E0,1.E0,0.E0));
#665=VECTOR('',#664,2.E-1);
#666=CARTESIAN_POINT('',(-1.719E0,0.E0,-1.2E-1));
#667=LINE('',#666,#665);
#668=CURVE_STYLE('',#35,POSITIVE_LENGTH_MEASURE(2.E-2),#28);
#669=PRESENTATION_STYLE_ASSIGNMENT((#668));
#670=STYLED_ITEM('',(#669),#667);
#671=DIRECTION('',(0.E0,1.E0,0.E0));
#672=VECTOR('',#671,2.E-1);
#673=CARTESIAN_POINT('',(-1.6E0,0.E0,-1.E-3));
#674=LINE('',#673,#672);
#675=CURVE_STYLE('',#35,POSITIVE_LENGTH_MEASURE(2.E-2),#28);
#676=PRESENTATION_STYLE_ASSIGNMENT((#675));
#677=STYLED_ITEM('',(#676),#674);
#678=DIRECTION('',(0.E0,1.E0,0.E0));
#679=VECTOR('',#678,2.E-1);
#680=CARTESIAN_POINT('',(-1.6E0,0.E0,1.E-3));
#681=LINE('',#680,#679);
#682=CURVE_STYLE('',#35,POSITIVE_LENGTH_MEASURE(2.E-2),#28);
#683=PRESENTATION_STYLE_ASSIGNMENT((#682));
#684=STYLED_ITEM('',(#683),#681);
#685=DIRECTION('',(0.E0,1.E0,0.E0));
#686=VECTOR('',#685,2.E-1);
#687=CARTESIAN_POINT('',(-1.719E0,0.E0,1.2E-1));
#688=LINE('',#687,#686);
#689=CURVE_STYLE('',#35,POSITIVE_LENGTH_MEASURE(2.E-2),#28);
#690=PRESENTATION_STYLE_ASSIGNMENT((#689));
#691=STYLED_ITEM('',(#690),#688);
#692=DIRECTION('',(0.E0,1.E0,0.E0));
#693=VECTOR('',#692,2.E-1);
#694=CARTESIAN_POINT('',(-2.E0,0.E0,1.2E-1));
#695=LINE('',#694,#693);
#696=CURVE_STYLE('',#35,POSITIVE_LENGTH_MEASURE(2.E-2),#28);
#697=PRESENTATION_STYLE_ASSIGNMENT((#696));
#698=STYLED_ITEM('',(#697),#695);
#699=DIRECTION('',(0.E0,0.E0,-1.E0));
#700=VECTOR('',#699,2.4E-1);
#701=CARTESIAN_POINT('',(-2.E0,2.E-1,1.2E-1));
#702=LINE('',#701,#700);
#703=CURVE_STYLE('',#35,POSITIVE_LENGTH_MEASURE(2.E-2),#28);
#704=PRESENTATION_STYLE_ASSIGNMENT((#703));
#705=STYLED_ITEM('',(#704),#702);
#706=DIRECTION('',(-1.E0,0.E0,0.E0));
#707=VECTOR('',#706,2.81E-1);
#708=CARTESIAN_POINT('',(-1.719E0,2.E-1,-1.2E-1));
#709=LINE('',#708,#707);
#710=CURVE_STYLE('',#35,POSITIVE_LENGTH_MEASURE(2.E-2),#28);
#711=PRESENTATION_STYLE_ASSIGNMENT((#710));
#712=STYLED_ITEM('',(#711),#709);
#713=CARTESIAN_POINT('',(-1.719E0,2.E-1,-1.E-3));
#714=DIRECTION('',(0.E0,1.E0,0.E0));
#715=DIRECTION('',(1.E0,0.E0,0.E0));
#716=AXIS2_PLACEMENT_3D('',#713,#714,#715);
#718=CURVE_STYLE('',#35,POSITIVE_LENGTH_MEASURE(2.E-2),#28);
#719=PRESENTATION_STYLE_ASSIGNMENT((#718));
#720=STYLED_ITEM('',(#719),#717);
#721=DIRECTION('',(0.E0,0.E0,-1.E0));
#722=VECTOR('',#721,2.E-3);
#723=CARTESIAN_POINT('',(-1.6E0,2.E-1,1.E-3));
#724=LINE('',#723,#722);
#725=CURVE_STYLE('',#35,POSITIVE_LENGTH_MEASURE(2.E-2),#28);
#726=PRESENTATION_STYLE_ASSIGNMENT((#725));
#727=STYLED_ITEM('',(#726),#724);
#728=CARTESIAN_POINT('',(-1.719E0,2.E-1,1.E-3));
#729=DIRECTION('',(0.E0,1.E0,0.E0));
#730=DIRECTION('',(0.E0,0.E0,1.E0));
#731=AXIS2_PLACEMENT_3D('',#728,#729,#730);
#733=CURVE_STYLE('',#35,POSITIVE_LENGTH_MEASURE(2.E-2),#28);
#734=PRESENTATION_STYLE_ASSIGNMENT((#733));
#735=STYLED_ITEM('',(#734),#732);
#736=DIRECTION('',(1.E0,0.E0,0.E0));
#737=VECTOR('',#736,2.81E-1);
#738=CARTESIAN_POINT('',(-2.E0,2.E-1,1.2E-1));
#739=LINE('',#738,#737);
#740=CURVE_STYLE('',#35,POSITIVE_LENGTH_MEASURE(2.E-2),#28);
#741=PRESENTATION_STYLE_ASSIGNMENT((#740));
#742=STYLED_ITEM('',(#741),#739);
#743=CARTESIAN_POINT('',(-1.719E0,0.E0,1.2E-1));
#744=CARTESIAN_POINT('',(-1.6E0,0.E0,1.E-3));
#745=VERTEX_POINT('',#743);
#746=VERTEX_POINT('',#744);
#747=CARTESIAN_POINT('',(-1.6E0,0.E0,-1.E-3));
#748=VERTEX_POINT('',#747);
#749=CARTESIAN_POINT('',(-1.719E0,0.E0,-1.2E-1));
#750=VERTEX_POINT('',#749);
#751=CARTESIAN_POINT('',(-1.719E0,2.E-1,1.2E-1));
#752=CARTESIAN_POINT('',(-1.6E0,2.E-1,1.E-3));
#753=VERTEX_POINT('',#751);
#754=VERTEX_POINT('',#752);
#755=CARTESIAN_POINT('',(-1.6E0,2.E-1,-1.E-3));
#756=VERTEX_POINT('',#755);
#757=CARTESIAN_POINT('',(-1.719E0,2.E-1,-1.2E-1));
#758=VERTEX_POINT('',#757);
#759=CARTESIAN_POINT('',(-2.E0,0.E0,1.2E-1));
#760=CARTESIAN_POINT('',(-2.E0,0.E0,-1.2E-1));
#761=VERTEX_POINT('',#759);
#762=VERTEX_POINT('',#760);
#763=CARTESIAN_POINT('',(-2.E0,2.E-1,1.2E-1));
#764=CARTESIAN_POINT('',(-2.E0,2.E-1,-1.2E-1));
#765=VERTEX_POINT('',#763);
#766=VERTEX_POINT('',#764);
#767=CARTESIAN_POINT('',(0.E0,0.E0,0.E0));
#768=DIRECTION('',(0.E0,1.E0,0.E0));
#769=DIRECTION('',(1.E0,0.E0,0.E0));
#770=AXIS2_PLACEMENT_3D('',#767,#768,#769);
#771=PLANE('',#770);
#773=ORIENTED_EDGE('',*,*,#772,.F.);
#775=ORIENTED_EDGE('',*,*,#774,.T.);
#777=ORIENTED_EDGE('',*,*,#776,.T.);
#779=ORIENTED_EDGE('',*,*,#778,.T.);
#781=ORIENTED_EDGE('',*,*,#780,.T.);
#783=ORIENTED_EDGE('',*,*,#782,.T.);
#784=EDGE_LOOP('',(#773,#775,#777,#779,#781,#783));
#785=FACE_OUTER_BOUND('',#784,.F.);
#787=CARTESIAN_POINT('',(-2.E0,0.E0,2.E0));
#788=DIRECTION('',(1.E0,0.E0,0.E0));
#789=DIRECTION('',(0.E0,0.E0,-1.E0));
#790=AXIS2_PLACEMENT_3D('',#787,#788,#789);
#791=PLANE('',#790);
#792=ORIENTED_EDGE('',*,*,#772,.T.);
#794=ORIENTED_EDGE('',*,*,#793,.T.);
#796=ORIENTED_EDGE('',*,*,#795,.F.);
#798=ORIENTED_EDGE('',*,*,#797,.F.);
#799=EDGE_LOOP('',(#792,#794,#796,#798));
#800=FACE_OUTER_BOUND('',#799,.F.);
#802=FILL_AREA_STYLE_COLOUR('',#29);
#803=FILL_AREA_STYLE('',(#802));
#804=SURFACE_STYLE_FILL_AREA(#803);
#805=SURFACE_SIDE_STYLE('',(#804));
#806=SURFACE_STYLE_USAGE(.POSITIVE.,#805);
#807=PRESENTATION_STYLE_ASSIGNMENT((#806));
#808=OVER_RIDING_STYLED_ITEM('',(#807),#801,#612);
#809=CARTESIAN_POINT('',(-1.719E0,0.E0,-1.2E-1));
#810=DIRECTION('',(0.E0,0.E0,-1.E0));
#811=DIRECTION('',(-1.E0,0.E0,0.E0));
#812=AXIS2_PLACEMENT_3D('',#809,#810,#811);
#813=PLANE('',#812);
#814=ORIENTED_EDGE('',*,*,#793,.F.);
#815=ORIENTED_EDGE('',*,*,#782,.F.);
#817=ORIENTED_EDGE('',*,*,#816,.T.);
#819=ORIENTED_EDGE('',*,*,#818,.T.);
#820=EDGE_LOOP('',(#814,#815,#817,#819));
#821=FACE_OUTER_BOUND('',#820,.F.);
#823=CARTESIAN_POINT('',(-1.719E0,0.E0,-1.E-3));
#824=DIRECTION('',(0.E0,1.E0,0.E0));
#825=DIRECTION('',(1.E0,0.E0,0.E0));
#826=AXIS2_PLACEMENT_3D('',#823,#824,#825);
#827=CYLINDRICAL_SURFACE('',#826,1.19E-1);
#828=ORIENTED_EDGE('',*,*,#780,.F.);
#830=ORIENTED_EDGE('',*,*,#829,.T.);
#832=ORIENTED_EDGE('',*,*,#831,.T.);
#833=ORIENTED_EDGE('',*,*,#816,.F.);
#834=EDGE_LOOP('',(#828,#830,#832,#833));
#835=FACE_OUTER_BOUND('',#834,.F.);
#837=CARTESIAN_POINT('',(-1.6E0,0.E0,1.E-3));
#838=DIRECTION('',(1.E0,0.E0,0.E0));
#839=DIRECTION('',(0.E0,0.E0,-1.E0));
#840=AXIS2_PLACEMENT_3D('',#837,#838,#839);
#841=PLANE('',#840);
#842=ORIENTED_EDGE('',*,*,#778,.F.);
#844=ORIENTED_EDGE('',*,*,#843,.T.);
#846=ORIENTED_EDGE('',*,*,#845,.T.);
#847=ORIENTED_EDGE('',*,*,#829,.F.);
#848=EDGE_LOOP('',(#842,#844,#846,#847));
#849=FACE_OUTER_BOUND('',#848,.F.);
#851=CARTESIAN_POINT('',(-1.719E0,0.E0,1.E-3));
#852=DIRECTION('',(0.E0,1.E0,0.E0));
#853=DIRECTION('',(1.E0,0.E0,0.E0));
#854=AXIS2_PLACEMENT_3D('',#851,#852,#853);
#855=CYLINDRICAL_SURFACE('',#854,1.19E-1);
#856=ORIENTED_EDGE('',*,*,#776,.F.);
#858=ORIENTED_EDGE('',*,*,#857,.T.);
#860=ORIENTED_EDGE('',*,*,#859,.T.);
#861=ORIENTED_EDGE('',*,*,#843,.F.);
#862=EDGE_LOOP('',(#856,#858,#860,#861));
#863=FACE_OUTER_BOUND('',#862,.F.);
#865=CARTESIAN_POINT('',(-2.1E0,0.E0,1.2E-1));
#866=DIRECTION('',(0.E0,0.E0,1.E0));
#867=DIRECTION('',(1.E0,0.E0,0.E0));
#868=AXIS2_PLACEMENT_3D('',#865,#866,#867);
#869=PLANE('',#868);
#870=ORIENTED_EDGE('',*,*,#797,.T.);
#872=ORIENTED_EDGE('',*,*,#871,.T.);
#873=ORIENTED_EDGE('',*,*,#857,.F.);
#874=ORIENTED_EDGE('',*,*,#774,.F.);
#875=EDGE_LOOP('',(#870,#872,#873,#874));
#876=FACE_OUTER_BOUND('',#875,.F.);
#878=CARTESIAN_POINT('',(0.E0,2.E-1,0.E0));
#879=DIRECTION('',(0.E0,1.E0,0.E0));
#880=DIRECTION('',(1.E0,0.E0,0.E0));
#881=AXIS2_PLACEMENT_3D('',#878,#879,#880);
#882=PLANE('',#881);
#883=ORIENTED_EDGE('',*,*,#795,.T.);
#884=ORIENTED_EDGE('',*,*,#818,.F.);
#885=ORIENTED_EDGE('',*,*,#831,.F.);
#886=ORIENTED_EDGE('',*,*,#845,.F.);
#887=ORIENTED_EDGE('',*,*,#859,.F.);
#888=ORIENTED_EDGE('',*,*,#871,.F.);
#889=EDGE_LOOP('',(#883,#884,#885,#886,#887,#888));
#890=FACE_OUTER_BOUND('',#889,.F.);
#892=CLOSED_SHELL('',(#786,#801,#822,#836,#850,#864,#877,#891));
#893=MANIFOLD_SOLID_BREP('',#892);
#894=FILL_AREA_STYLE_COLOUR('',#28);
#895=FILL_AREA_STYLE('',(#894));
#896=SURFACE_STYLE_FILL_AREA(#895);
#897=SURFACE_SIDE_STYLE('',(#896));
#898=SURFACE_STYLE_USAGE(.POSITIVE.,#897);
#899=PRESENTATION_STYLE_ASSIGNMENT((#898));
#612=STYLED_ITEM('',(#899),#893);
#901=DIRECTION('',(0.E0,0.E0,-1.E0));
#902=VECTOR('',#901,2.4E-1);
#903=CARTESIAN_POINT('',(-2.E0,0.E0,6.2E-1));
#904=LINE('',#903,#902);
#905=CURVE_STYLE('',#35,POSITIVE_LENGTH_MEASURE(2.E-2),#28);
#906=PRESENTATION_STYLE_ASSIGNMENT((#905));
#907=STYLED_ITEM('',(#906),#904);
#908=DIRECTION('',(1.E0,0.E0,0.E0));
#909=VECTOR('',#908,2.81E-1);
#910=CARTESIAN_POINT('',(-2.E0,0.E0,6.2E-1));
#911=LINE('',#910,#909);
#912=CURVE_STYLE('',#35,POSITIVE_LENGTH_MEASURE(2.E-2),#28);
#913=PRESENTATION_STYLE_ASSIGNMENT((#912));
#914=STYLED_ITEM('',(#913),#911);
#915=CARTESIAN_POINT('',(-1.719E0,0.E0,5.01E-1));
#916=DIRECTION('',(0.E0,1.E0,0.E0));
#917=DIRECTION('',(0.E0,0.E0,1.E0));
#918=AXIS2_PLACEMENT_3D('',#915,#916,#917);
#920=CURVE_STYLE('',#35,POSITIVE_LENGTH_MEASURE(2.E-2),#28);
#921=PRESENTATION_STYLE_ASSIGNMENT((#920));
#922=STYLED_ITEM('',(#921),#919);
#923=DIRECTION('',(-1.110223024625E-13,0.E0,-1.E0));
#924=VECTOR('',#923,2.E-3);
#925=CARTESIAN_POINT('',(-1.6E0,0.E0,5.01E-1));
#926=LINE('',#925,#924);
#927=CURVE_STYLE('',#35,POSITIVE_LENGTH_MEASURE(2.E-2),#28);
#928=PRESENTATION_STYLE_ASSIGNMENT((#927));
#929=STYLED_ITEM('',(#928),#926);
#930=CARTESIAN_POINT('',(-1.719E0,0.E0,4.99E-1));
#931=DIRECTION('',(0.E0,1.E0,0.E0));
#932=DIRECTION('',(1.E0,0.E0,0.E0));
#933=AXIS2_PLACEMENT_3D('',#930,#931,#932);
#935=CURVE_STYLE('',#35,POSITIVE_LENGTH_MEASURE(2.E-2),#28);
#936=PRESENTATION_STYLE_ASSIGNMENT((#935));
#937=STYLED_ITEM('',(#936),#934);
#938=DIRECTION('',(-1.E0,0.E0,0.E0));
#939=VECTOR('',#938,2.81E-1);
#940=CARTESIAN_POINT('',(-1.719E0,0.E0,3.8E-1));
#941=LINE('',#940,#939);
#942=CURVE_STYLE('',#35,POSITIVE_LENGTH_MEASURE(2.E-2),#28);
#943=PRESENTATION_STYLE_ASSIGNMENT((#942));
#944=STYLED_ITEM('',(#943),#941);
#945=DIRECTION('',(0.E0,1.E0,0.E0));
#946=VECTOR('',#945,2.E-1);
#947=CARTESIAN_POINT('',(-2.E0,0.E0,3.8E-1));
#948=LINE('',#947,#946);
#949=CURVE_STYLE('',#35,POSITIVE_LENGTH_MEASURE(2.E-2),#28);
#950=PRESENTATION_STYLE_ASSIGNMENT((#949));
#951=STYLED_ITEM('',(#950),#948);
#952=DIRECTION('',(0.E0,1.E0,0.E0));
#953=VECTOR('',#952,2.E-1);
#954=CARTESIAN_POINT('',(-1.719E0,0.E0,3.8E-1));
#955=LINE('',#954,#953);
#956=CURVE_STYLE('',#35,POSITIVE_LENGTH_MEASURE(2.E-2),#28);
#957=PRESENTATION_STYLE_ASSIGNMENT((#956));
#958=STYLED_ITEM('',(#957),#955);
#959=DIRECTION('',(0.E0,1.E0,0.E0));
#960=VECTOR('',#959,2.E-1);
#961=CARTESIAN_POINT('',(-1.6E0,0.E0,4.99E-1));
#962=LINE('',#961,#960);
#963=CURVE_STYLE('',#35,POSITIVE_LENGTH_MEASURE(2.E-2),#28);
#964=PRESENTATION_STYLE_ASSIGNMENT((#963));
#965=STYLED_ITEM('',(#964),#962);
#966=DIRECTION('',(0.E0,1.E0,0.E0));
#967=VECTOR('',#966,2.E-1);
#968=CARTESIAN_POINT('',(-1.6E0,0.E0,5.01E-1));
#969=LINE('',#968,#967);
#970=CURVE_STYLE('',#35,POSITIVE_LENGTH_MEASURE(2.E-2),#28);
#971=PRESENTATION_STYLE_ASSIGNMENT((#970));
#972=STYLED_ITEM('',(#971),#969);
#973=DIRECTION('',(0.E0,1.E0,0.E0));
#974=VECTOR('',#973,2.E-1);
#975=CARTESIAN_POINT('',(-1.719E0,0.E0,6.2E-1));
#976=LINE('',#975,#974);
#977=CURVE_STYLE('',#35,POSITIVE_LENGTH_MEASURE(2.E-2),#28);
#978=PRESENTATION_STYLE_ASSIGNMENT((#977));
#979=STYLED_ITEM('',(#978),#976);
#980=DIRECTION('',(0.E0,1.E0,0.E0));
#981=VECTOR('',#980,2.E-1);
#982=CARTESIAN_POINT('',(-2.E0,0.E0,6.2E-1));
#983=LINE('',#982,#981);
#984=CURVE_STYLE('',#35,POSITIVE_LENGTH_MEASURE(2.E-2),#28);
#985=PRESENTATION_STYLE_ASSIGNMENT((#984));
#986=STYLED_ITEM('',(#985),#983);
#987=DIRECTION('',(0.E0,0.E0,-1.E0));
#988=VECTOR('',#987,2.4E-1);
#989=CARTESIAN_POINT('',(-2.E0,2.E-1,6.2E-1));
#990=LINE('',#989,#988);
#991=CURVE_STYLE('',#35,POSITIVE_LENGTH_MEASURE(2.E-2),#28);
#992=PRESENTATION_STYLE_ASSIGNMENT((#991));
#993=STYLED_ITEM('',(#992),#990);
#994=DIRECTION('',(-1.E0,0.E0,0.E0));
#995=VECTOR('',#994,2.81E-1);
#996=CARTESIAN_POINT('',(-1.719E0,2.E-1,3.8E-1));
#997=LINE('',#996,#995);
#998=CURVE_STYLE('',#35,POSITIVE_LENGTH_MEASURE(2.E-2),#28);
#999=PRESENTATION_STYLE_ASSIGNMENT((#998));
#1000=STYLED_ITEM('',(#999),#997);
#1001=CARTESIAN_POINT('',(-1.719E0,2.E-1,4.99E-1));
#1002=DIRECTION('',(0.E0,1.E0,0.E0));
#1003=DIRECTION('',(1.E0,0.E0,0.E0));
#1004=AXIS2_PLACEMENT_3D('',#1001,#1002,#1003);
#1006=CURVE_STYLE('',#35,POSITIVE_LENGTH_MEASURE(2.E-2),#28);
#1007=PRESENTATION_STYLE_ASSIGNMENT((#1006));
#1008=STYLED_ITEM('',(#1007),#1005);
#1009=DIRECTION('',(0.E0,0.E0,-1.E0));
#1010=VECTOR('',#1009,2.E-3);
#1011=CARTESIAN_POINT('',(-1.6E0,2.E-1,5.01E-1));
#1012=LINE('',#1011,#1010);
#1013=CURVE_STYLE('',#35,POSITIVE_LENGTH_MEASURE(2.E-2),#28);
#1014=PRESENTATION_STYLE_ASSIGNMENT((#1013));
#1015=STYLED_ITEM('',(#1014),#1012);
#1016=CARTESIAN_POINT('',(-1.719E0,2.E-1,5.01E-1));
#1017=DIRECTION('',(0.E0,1.E0,0.E0));
#1018=DIRECTION('',(0.E0,0.E0,1.E0));
#1019=AXIS2_PLACEMENT_3D('',#1016,#1017,#1018);
#1021=CURVE_STYLE('',#35,POSITIVE_LENGTH_MEASURE(2.E-2),#28);
#1022=PRESENTATION_STYLE_ASSIGNMENT((#1021));
#1023=STYLED_ITEM('',(#1022),#1020);
#1024=DIRECTION('',(1.E0,0.E0,0.E0));
#1025=VECTOR('',#1024,2.81E-1);
#1026=CARTESIAN_POINT('',(-2.E0,2.E-1,6.2E-1));
#1027=LINE('',#1026,#1025);
#1028=CURVE_STYLE('',#35,POSITIVE_LENGTH_MEASURE(2.E-2),#28);
#1029=PRESENTATION_STYLE_ASSIGNMENT((#1028));
#1030=STYLED_ITEM('',(#1029),#1027);
#1031=CARTESIAN_POINT('',(-1.719E0,0.E0,6.2E-1));
#1032=CARTESIAN_POINT('',(-1.6E0,0.E0,5.01E-1));
#1033=VERTEX_POINT('',#1031);
#1034=VERTEX_POINT('',#1032);
#1035=CARTESIAN_POINT('',(-1.6E0,0.E0,4.99E-1));
#1036=VERTEX_POINT('',#1035);
#1037=CARTESIAN_POINT('',(-1.719E0,0.E0,3.8E-1));
#1038=VERTEX_POINT('',#1037);
#1039=CARTESIAN_POINT('',(-1.719E0,2.E-1,6.2E-1));
#1040=CARTESIAN_POINT('',(-1.6E0,2.E-1,5.01E-1));
#1041=VERTEX_POINT('',#1039);
#1042=VERTEX_POINT('',#1040);
#1043=CARTESIAN_POINT('',(-1.6E0,2.E-1,4.99E-1));
#1044=VERTEX_POINT('',#1043);
#1045=CARTESIAN_POINT('',(-1.719E0,2.E-1,3.8E-1));
#1046=VERTEX_POINT('',#1045);
#1047=CARTESIAN_POINT('',(-2.E0,0.E0,6.2E-1));
#1048=CARTESIAN_POINT('',(-2.E0,0.E0,3.8E-1));
#1049=VERTEX_POINT('',#1047);
#1050=VERTEX_POINT('',#1048);
#1051=CARTESIAN_POINT('',(-2.E0,2.E-1,6.2E-1));
#1052=CARTESIAN_POINT('',(-2.E0,2.E-1,3.8E-1));
#1053=VERTEX_POINT('',#1051);
#1054=VERTEX_POINT('',#1052);
#1055=CARTESIAN_POINT('',(0.E0,0.E0,0.E0));
#1056=DIRECTION('',(0.E0,1.E0,0.E0));
#1057=DIRECTION('',(1.E0,0.E0,0.E0));
#1058=AXIS2_PLACEMENT_3D('',#1055,#1056,#1057);
#1059=PLANE('',#1058);
#1061=ORIENTED_EDGE('',*,*,#1060,.F.);
#1063=ORIENTED_EDGE('',*,*,#1062,.T.);
#1065=ORIENTED_EDGE('',*,*,#1064,.T.);
#1067=ORIENTED_EDGE('',*,*,#1066,.T.);
#1069=ORIENTED_EDGE('',*,*,#1068,.T.);
#1071=ORIENTED_EDGE('',*,*,#1070,.T.);
#1072=EDGE_LOOP('',(#1061,#1063,#1065,#1067,#1069,#1071));
#1073=FACE_OUTER_BOUND('',#1072,.F.);
#1075=CARTESIAN_POINT('',(-2.E0,0.E0,2.E0));
#1076=DIRECTION('',(1.E0,0.E0,0.E0));
#1077=DIRECTION('',(0.E0,0.E0,-1.E0));
#1078=AXIS2_PLACEMENT_3D('',#1075,#1076,#1077);
#1079=PLANE('',#1078);
#1080=ORIENTED_EDGE('',*,*,#1060,.T.);
#1082=ORIENTED_EDGE('',*,*,#1081,.T.);
#1084=ORIENTED_EDGE('',*,*,#1083,.F.);
#1086=ORIENTED_EDGE('',*,*,#1085,.F.);
#1087=EDGE_LOOP('',(#1080,#1082,#1084,#1086));
#1088=FACE_OUTER_BOUND('',#1087,.F.);
#1090=FILL_AREA_STYLE_COLOUR('',#29);
#1091=FILL_AREA_STYLE('',(#1090));
#1092=SURFACE_STYLE_FILL_AREA(#1091);
#1093=SURFACE_SIDE_STYLE('',(#1092));
#1094=SURFACE_STYLE_USAGE(.POSITIVE.,#1093);
#1095=PRESENTATION_STYLE_ASSIGNMENT((#1094));
#1096=OVER_RIDING_STYLED_ITEM('',(#1095),#1089,#900);
#1097=CARTESIAN_POINT('',(-1.719E0,0.E0,3.8E-1));
#1098=DIRECTION('',(0.E0,0.E0,-1.E0));
#1099=DIRECTION('',(-1.E0,0.E0,0.E0));
#1100=AXIS2_PLACEMENT_3D('',#1097,#1098,#1099);
#1101=PLANE('',#1100);
#1102=ORIENTED_EDGE('',*,*,#1081,.F.);
#1103=ORIENTED_EDGE('',*,*,#1070,.F.);
#1105=ORIENTED_EDGE('',*,*,#1104,.T.);
#1107=ORIENTED_EDGE('',*,*,#1106,.T.);
#1108=EDGE_LOOP('',(#1102,#1103,#1105,#1107));
#1109=FACE_OUTER_BOUND('',#1108,.F.);
#1111=CARTESIAN_POINT('',(-1.719E0,0.E0,4.99E-1));
#1112=DIRECTION('',(0.E0,1.E0,0.E0));
#1113=DIRECTION('',(1.E0,0.E0,0.E0));
#1114=AXIS2_PLACEMENT_3D('',#1111,#1112,#1113);
#1115=CYLINDRICAL_SURFACE('',#1114,1.19E-1);
#1116=ORIENTED_EDGE('',*,*,#1068,.F.);
#1118=ORIENTED_EDGE('',*,*,#1117,.T.);
#1120=ORIENTED_EDGE('',*,*,#1119,.T.);
#1121=ORIENTED_EDGE('',*,*,#1104,.F.);
#1122=EDGE_LOOP('',(#1116,#1118,#1120,#1121));
#1123=FACE_OUTER_BOUND('',#1122,.F.);
#1125=CARTESIAN_POINT('',(-1.6E0,0.E0,5.01E-1));
#1126=DIRECTION('',(1.E0,0.E0,0.E0));
#1127=DIRECTION('',(0.E0,0.E0,-1.E0));
#1128=AXIS2_PLACEMENT_3D('',#1125,#1126,#1127);
#1129=PLANE('',#1128);
#1130=ORIENTED_EDGE('',*,*,#1066,.F.);
#1132=ORIENTED_EDGE('',*,*,#1131,.T.);
#1134=ORIENTED_EDGE('',*,*,#1133,.T.);
#1135=ORIENTED_EDGE('',*,*,#1117,.F.);
#1136=EDGE_LOOP('',(#1130,#1132,#1134,#1135));
#1137=FACE_OUTER_BOUND('',#1136,.F.);
#1139=CARTESIAN_POINT('',(-1.719E0,0.E0,5.01E-1));
#1140=DIRECTION('',(0.E0,1.E0,0.E0));
#1141=DIRECTION('',(1.E0,0.E0,0.E0));
#1142=AXIS2_PLACEMENT_3D('',#1139,#1140,#1141);
#1143=CYLINDRICAL_SURFACE('',#1142,1.19E-1);
#1144=ORIENTED_EDGE('',*,*,#1064,.F.);
#1146=ORIENTED_EDGE('',*,*,#1145,.T.);
#1148=ORIENTED_EDGE('',*,*,#1147,.T.);
#1149=ORIENTED_EDGE('',*,*,#1131,.F.);
#1150=EDGE_LOOP('',(#1144,#1146,#1148,#1149));
#1151=FACE_OUTER_BOUND('',#1150,.F.);
#1153=CARTESIAN_POINT('',(-2.1E0,0.E0,6.2E-1));
#1154=DIRECTION('',(0.E0,0.E0,1.E0));
#1155=DIRECTION('',(1.E0,0.E0,0.E0));
#1156=AXIS2_PLACEMENT_3D('',#1153,#1154,#1155);
#1157=PLANE('',#1156);
#1158=ORIENTED_EDGE('',*,*,#1085,.T.);
#1160=ORIENTED_EDGE('',*,*,#1159,.T.);
#1161=ORIENTED_EDGE('',*,*,#1145,.F.);
#1162=ORIENTED_EDGE('',*,*,#1062,.F.);
#1163=EDGE_LOOP('',(#1158,#1160,#1161,#1162));
#1164=FACE_OUTER_BOUND('',#1163,.F.);
#1166=CARTESIAN_POINT('',(0.E0,2.E-1,0.E0));
#1167=DIRECTION('',(0.E0,1.E0,0.E0));
#1168=DIRECTION('',(1.E0,0.E0,0.E0));
#1169=AXIS2_PLACEMENT_3D('',#1166,#1167,#1168);
#1170=PLANE('',#1169);
#1171=ORIENTED_EDGE('',*,*,#1083,.T.);
#1172=ORIENTED_EDGE('',*,*,#1106,.F.);
#1173=ORIENTED_EDGE('',*,*,#1119,.F.);
#1174=ORIENTED_EDGE('',*,*,#1133,.F.);
#1175=ORIENTED_EDGE('',*,*,#1147,.F.);
#1176=ORIENTED_EDGE('',*,*,#1159,.F.);
#1177=EDGE_LOOP('',(#1171,#1172,#1173,#1174,#1175,#1176));
#1178=FACE_OUTER_BOUND('',#1177,.F.);
#1180=CLOSED_SHELL('',(#1074,#1089,#1110,#1124,#1138,#1152,#1165,#1179));
#1181=MANIFOLD_SOLID_BREP('',#1180);
#1182=FILL_AREA_STYLE_COLOUR('',#28);
#1183=FILL_AREA_STYLE('',(#1182));
#1184=SURFACE_STYLE_FILL_AREA(#1183);
#1185=SURFACE_SIDE_STYLE('',(#1184));
#1186=SURFACE_STYLE_USAGE(.POSITIVE.,#1185);
#1187=PRESENTATION_STYLE_ASSIGNMENT((#1186));
#900=STYLED_ITEM('',(#1187),#1181);
#1189=DIRECTION('',(0.E0,0.E0,-1.E0));
#1190=VECTOR('',#1189,2.4E-1);
#1191=CARTESIAN_POINT('',(-2.E0,0.E0,1.12E0));
#1192=LINE('',#1191,#1190);
#1193=CURVE_STYLE('',#35,POSITIVE_LENGTH_MEASURE(2.E-2),#28);
#1194=PRESENTATION_STYLE_ASSIGNMENT((#1193));
#1195=STYLED_ITEM('',(#1194),#1192);
#1196=DIRECTION('',(1.E0,0.E0,0.E0));
#1197=VECTOR('',#1196,2.81E-1);
#1198=CARTESIAN_POINT('',(-2.E0,0.E0,1.12E0));
#1199=LINE('',#1198,#1197);
#1200=CURVE_STYLE('',#35,POSITIVE_LENGTH_MEASURE(2.E-2),#28);
#1201=PRESENTATION_STYLE_ASSIGNMENT((#1200));
#1202=STYLED_ITEM('',(#1201),#1199);
#1203=CARTESIAN_POINT('',(-1.719E0,0.E0,1.001E0));
#1204=DIRECTION('',(0.E0,1.E0,0.E0));
#1205=DIRECTION('',(0.E0,0.E0,1.E0));
#1206=AXIS2_PLACEMENT_3D('',#1203,#1204,#1205);
#1208=CURVE_STYLE('',#35,POSITIVE_LENGTH_MEASURE(2.E-2),#28);
#1209=PRESENTATION_STYLE_ASSIGNMENT((#1208));
#1210=STYLED_ITEM('',(#1209),#1207);
#1211=DIRECTION('',(-1.110223024625E-13,0.E0,-1.E0));
#1212=VECTOR('',#1211,2.E-3);
#1213=CARTESIAN_POINT('',(-1.6E0,0.E0,1.001E0));
#1214=LINE('',#1213,#1212);
#1215=CURVE_STYLE('',#35,POSITIVE_LENGTH_MEASURE(2.E-2),#28);
#1216=PRESENTATION_STYLE_ASSIGNMENT((#1215));
#1217=STYLED_ITEM('',(#1216),#1214);
#1218=CARTESIAN_POINT('',(-1.719E0,0.E0,9.99E-1));
#1219=DIRECTION('',(0.E0,1.E0,0.E0));
#1220=DIRECTION('',(1.E0,0.E0,0.E0));
#1221=AXIS2_PLACEMENT_3D('',#1218,#1219,#1220);
#1223=CURVE_STYLE('',#35,POSITIVE_LENGTH_MEASURE(2.E-2),#28);
#1224=PRESENTATION_STYLE_ASSIGNMENT((#1223));
#1225=STYLED_ITEM('',(#1224),#1222);
#1226=DIRECTION('',(-1.E0,0.E0,0.E0));
#1227=VECTOR('',#1226,2.81E-1);
#1228=CARTESIAN_POINT('',(-1.719E0,0.E0,8.8E-1));
#1229=LINE('',#1228,#1227);
#1230=CURVE_STYLE('',#35,POSITIVE_LENGTH_MEASURE(2.E-2),#28);
#1231=PRESENTATION_STYLE_ASSIGNMENT((#1230));
#1232=STYLED_ITEM('',(#1231),#1229);
#1233=DIRECTION('',(0.E0,1.E0,0.E0));
#1234=VECTOR('',#1233,2.E-1);
#1235=CARTESIAN_POINT('',(-2.E0,0.E0,8.8E-1));
#1236=LINE('',#1235,#1234);
#1237=CURVE_STYLE('',#35,POSITIVE_LENGTH_MEASURE(2.E-2),#28);
#1238=PRESENTATION_STYLE_ASSIGNMENT((#1237));
#1239=STYLED_ITEM('',(#1238),#1236);
#1240=DIRECTION('',(0.E0,1.E0,0.E0));
#1241=VECTOR('',#1240,2.E-1);
#1242=CARTESIAN_POINT('',(-1.719E0,0.E0,8.8E-1));
#1243=LINE('',#1242,#1241);
#1244=CURVE_STYLE('',#35,POSITIVE_LENGTH_MEASURE(2.E-2),#28);
#1245=PRESENTATION_STYLE_ASSIGNMENT((#1244));
#1246=STYLED_ITEM('',(#1245),#1243);
#1247=DIRECTION('',(0.E0,1.E0,0.E0));
#1248=VECTOR('',#1247,2.E-1);
#1249=CARTESIAN_POINT('',(-1.6E0,0.E0,9.99E-1));
#1250=LINE('',#1249,#1248);
#1251=CURVE_STYLE('',#35,POSITIVE_LENGTH_MEASURE(2.E-2),#28);
#1252=PRESENTATION_STYLE_ASSIGNMENT((#1251));
#1253=STYLED_ITEM('',(#1252),#1250);
#1254=DIRECTION('',(0.E0,1.E0,0.E0));
#1255=VECTOR('',#1254,2.E-1);
#1256=CARTESIAN_POINT('',(-1.6E0,0.E0,1.001E0));
#1257=LINE('',#1256,#1255);
#1258=CURVE_STYLE('',#35,POSITIVE_LENGTH_MEASURE(2.E-2),#28);
#1259=PRESENTATION_STYLE_ASSIGNMENT((#1258));
#1260=STYLED_ITEM('',(#1259),#1257);
#1261=DIRECTION('',(0.E0,1.E0,0.E0));
#1262=VECTOR('',#1261,2.E-1);
#1263=CARTESIAN_POINT('',(-1.719E0,0.E0,1.12E0));
#1264=LINE('',#1263,#1262);
#1265=CURVE_STYLE('',#35,POSITIVE_LENGTH_MEASURE(2.E-2),#28);
#1266=PRESENTATION_STYLE_ASSIGNMENT((#1265));
#1267=STYLED_ITEM('',(#1266),#1264);
#1268=DIRECTION('',(0.E0,1.E0,0.E0));
#1269=VECTOR('',#1268,2.E-1);
#1270=CARTESIAN_POINT('',(-2.E0,0.E0,1.12E0));
#1271=LINE('',#1270,#1269);
#1272=CURVE_STYLE('',#35,POSITIVE_LENGTH_MEASURE(2.E-2),#28);
#1273=PRESENTATION_STYLE_ASSIGNMENT((#1272));
#1274=STYLED_ITEM('',(#1273),#1271);
#1275=DIRECTION('',(0.E0,0.E0,-1.E0));
#1276=VECTOR('',#1275,2.4E-1);
#1277=CARTESIAN_POINT('',(-2.E0,2.E-1,1.12E0));
#1278=LINE('',#1277,#1276);
#1279=CURVE_STYLE('',#35,POSITIVE_LENGTH_MEASURE(2.E-2),#28);
#1280=PRESENTATION_STYLE_ASSIGNMENT((#1279));
#1281=STYLED_ITEM('',(#1280),#1278);
#1282=DIRECTION('',(-1.E0,0.E0,0.E0));
#1283=VECTOR('',#1282,2.81E-1);
#1284=CARTESIAN_POINT('',(-1.719E0,2.E-1,8.8E-1));
#1285=LINE('',#1284,#1283);
#1286=CURVE_STYLE('',#35,POSITIVE_LENGTH_MEASURE(2.E-2),#28);
#1287=PRESENTATION_STYLE_ASSIGNMENT((#1286));
#1288=STYLED_ITEM('',(#1287),#1285);
#1289=CARTESIAN_POINT('',(-1.719E0,2.E-1,9.99E-1));
#1290=DIRECTION('',(0.E0,1.E0,0.E0));
#1291=DIRECTION('',(1.E0,0.E0,0.E0));
#1292=AXIS2_PLACEMENT_3D('',#1289,#1290,#1291);
#1294=CURVE_STYLE('',#35,POSITIVE_LENGTH_MEASURE(2.E-2),#28);
#1295=PRESENTATION_STYLE_ASSIGNMENT((#1294));
#1296=STYLED_ITEM('',(#1295),#1293);
#1297=DIRECTION('',(0.E0,0.E0,-1.E0));
#1298=VECTOR('',#1297,2.E-3);
#1299=CARTESIAN_POINT('',(-1.6E0,2.E-1,1.001E0));
#1300=LINE('',#1299,#1298);
#1301=CURVE_STYLE('',#35,POSITIVE_LENGTH_MEASURE(2.E-2),#28);
#1302=PRESENTATION_STYLE_ASSIGNMENT((#1301));
#1303=STYLED_ITEM('',(#1302),#1300);
#1304=CARTESIAN_POINT('',(-1.719E0,2.E-1,1.001E0));
#1305=DIRECTION('',(0.E0,1.E0,0.E0));
#1306=DIRECTION('',(0.E0,0.E0,1.E0));
#1307=AXIS2_PLACEMENT_3D('',#1304,#1305,#1306);
#1309=CURVE_STYLE('',#35,POSITIVE_LENGTH_MEASURE(2.E-2),#28);
#1310=PRESENTATION_STYLE_ASSIGNMENT((#1309));
#1311=STYLED_ITEM('',(#1310),#1308);
#1312=DIRECTION('',(1.E0,0.E0,0.E0));
#1313=VECTOR('',#1312,2.81E-1);
#1314=CARTESIAN_POINT('',(-2.E0,2.E-1,1.12E0));
#1315=LINE('',#1314,#1313);
#1316=CURVE_STYLE('',#35,POSITIVE_LENGTH_MEASURE(2.E-2),#28);
#1317=PRESENTATION_STYLE_ASSIGNMENT((#1316));
#1318=STYLED_ITEM('',(#1317),#1315);
#1319=CARTESIAN_POINT('',(-1.719E0,0.E0,1.12E0));
#1320=CARTESIAN_POINT('',(-1.6E0,0.E0,1.001E0));
#1321=VERTEX_POINT('',#1319);
#1322=VERTEX_POINT('',#1320);
#1323=CARTESIAN_POINT('',(-1.6E0,0.E0,9.99E-1));
#1324=VERTEX_POINT('',#1323);
#1325=CARTESIAN_POINT('',(-1.719E0,0.E0,8.8E-1));
#1326=VERTEX_POINT('',#1325);
#1327=CARTESIAN_POINT('',(-1.719E0,2.E-1,1.12E0));
#1328=CARTESIAN_POINT('',(-1.6E0,2.E-1,1.001E0));
#1329=VERTEX_POINT('',#1327);
#1330=VERTEX_POINT('',#1328);
#1331=CARTESIAN_POINT('',(-1.6E0,2.E-1,9.99E-1));
#1332=VERTEX_POINT('',#1331);
#1333=CARTESIAN_POINT('',(-1.719E0,2.E-1,8.8E-1));
#1334=VERTEX_POINT('',#1333);
#1335=CARTESIAN_POINT('',(-2.E0,0.E0,1.12E0));
#1336=CARTESIAN_POINT('',(-2.E0,0.E0,8.8E-1));
#1337=VERTEX_POINT('',#1335);
#1338=VERTEX_POINT('',#1336);
#1339=CARTESIAN_POINT('',(-2.E0,2.E-1,1.12E0));
#1340=CARTESIAN_POINT('',(-2.E0,2.E-1,8.8E-1));
#1341=VERTEX_POINT('',#1339);
#1342=VERTEX_POINT('',#1340);
#1343=CARTESIAN_POINT('',(0.E0,0.E0,0.E0));
#1344=DIRECTION('',(0.E0,1.E0,0.E0));
#1345=DIRECTION('',(1.E0,0.E0,0.E0));
#1346=AXIS2_PLACEMENT_3D('',#1343,#1344,#1345);
#1347=PLANE('',#1346);
#1349=ORIENTED_EDGE('',*,*,#1348,.F.);
#1351=ORIENTED_EDGE('',*,*,#1350,.T.);
#1353=ORIENTED_EDGE('',*,*,#1352,.T.);
#1355=ORIENTED_EDGE('',*,*,#1354,.T.);
#1357=ORIENTED_EDGE('',*,*,#1356,.T.);
#1359=ORIENTED_EDGE('',*,*,#1358,.T.);
#1360=EDGE_LOOP('',(#1349,#1351,#1353,#1355,#1357,#1359));
#1361=FACE_OUTER_BOUND('',#1360,.F.);
#1363=CARTESIAN_POINT('',(-2.E0,0.E0,2.E0));
#1364=DIRECTION('',(1.E0,0.E0,0.E0));
#1365=DIRECTION('',(0.E0,0.E0,-1.E0));
#1366=AXIS2_PLACEMENT_3D('',#1363,#1364,#1365);
#1367=PLANE('',#1366);
#1368=ORIENTED_EDGE('',*,*,#1348,.T.);
#1370=ORIENTED_EDGE('',*,*,#1369,.T.);
#1372=ORIENTED_EDGE('',*,*,#1371,.F.);
#1374=ORIENTED_EDGE('',*,*,#1373,.F.);
#1375=EDGE_LOOP('',(#1368,#1370,#1372,#1374));
#1376=FACE_OUTER_BOUND('',#1375,.F.);
#1378=FILL_AREA_STYLE_COLOUR('',#29);
#1379=FILL_AREA_STYLE('',(#1378));
#1380=SURFACE_STYLE_FILL_AREA(#1379);
#1381=SURFACE_SIDE_STYLE('',(#1380));
#1382=SURFACE_STYLE_USAGE(.POSITIVE.,#1381);
#1383=PRESENTATION_STYLE_ASSIGNMENT((#1382));
#1384=OVER_RIDING_STYLED_ITEM('',(#1383),#1377,#1188);
#1385=CARTESIAN_POINT('',(-1.719E0,0.E0,8.8E-1));
#1386=DIRECTION('',(0.E0,0.E0,-1.E0));
#1387=DIRECTION('',(-1.E0,0.E0,0.E0));
#1388=AXIS2_PLACEMENT_3D('',#1385,#1386,#1387);
#1389=PLANE('',#1388);
#1390=ORIENTED_EDGE('',*,*,#1369,.F.);
#1391=ORIENTED_EDGE('',*,*,#1358,.F.);
#1393=ORIENTED_EDGE('',*,*,#1392,.T.);
#1395=ORIENTED_EDGE('',*,*,#1394,.T.);
#1396=EDGE_LOOP('',(#1390,#1391,#1393,#1395));
#1397=FACE_OUTER_BOUND('',#1396,.F.);
#1399=CARTESIAN_POINT('',(-1.719E0,0.E0,9.99E-1));
#1400=DIRECTION('',(0.E0,1.E0,0.E0));
#1401=DIRECTION('',(1.E0,0.E0,0.E0));
#1402=AXIS2_PLACEMENT_3D('',#1399,#1400,#1401);
#1403=CYLINDRICAL_SURFACE('',#1402,1.19E-1);
#1404=ORIENTED_EDGE('',*,*,#1356,.F.);
#1406=ORIENTED_EDGE('',*,*,#1405,.T.);
#1408=ORIENTED_EDGE('',*,*,#1407,.T.);
#1409=ORIENTED_EDGE('',*,*,#1392,.F.);
#1410=EDGE_LOOP('',(#1404,#1406,#1408,#1409));
#1411=FACE_OUTER_BOUND('',#1410,.F.);
#1413=CARTESIAN_POINT('',(-1.6E0,0.E0,1.001E0));
#1414=DIRECTION('',(1.E0,0.E0,0.E0));
#1415=DIRECTION('',(0.E0,0.E0,-1.E0));
#1416=AXIS2_PLACEMENT_3D('',#1413,#1414,#1415);
#1417=PLANE('',#1416);
#1418=ORIENTED_EDGE('',*,*,#1354,.F.);
#1420=ORIENTED_EDGE('',*,*,#1419,.T.);
#1422=ORIENTED_EDGE('',*,*,#1421,.T.);
#1423=ORIENTED_EDGE('',*,*,#1405,.F.);
#1424=EDGE_LOOP('',(#1418,#1420,#1422,#1423));
#1425=FACE_OUTER_BOUND('',#1424,.F.);
#1427=CARTESIAN_POINT('',(-1.719E0,0.E0,1.001E0));
#1428=DIRECTION('',(0.E0,1.E0,0.E0));
#1429=DIRECTION('',(1.E0,0.E0,0.E0));
#1430=AXIS2_PLACEMENT_3D('',#1427,#1428,#1429);
#1431=CYLINDRICAL_SURFACE('',#1430,1.19E-1);
#1432=ORIENTED_EDGE('',*,*,#1352,.F.);
#1434=ORIENTED_EDGE('',*,*,#1433,.T.);
#1436=ORIENTED_EDGE('',*,*,#1435,.T.);
#1437=ORIENTED_EDGE('',*,*,#1419,.F.);
#1438=EDGE_LOOP('',(#1432,#1434,#1436,#1437));
#1439=FACE_OUTER_BOUND('',#1438,.F.);
#1441=CARTESIAN_POINT('',(-2.1E0,0.E0,1.12E0));
#1442=DIRECTION('',(0.E0,0.E0,1.E0));
#1443=DIRECTION('',(1.E0,0.E0,0.E0));
#1444=AXIS2_PLACEMENT_3D('',#1441,#1442,#1443);
#1445=PLANE('',#1444);
#1446=ORIENTED_EDGE('',*,*,#1373,.T.);
#1448=ORIENTED_EDGE('',*,*,#1447,.T.);
#1449=ORIENTED_EDGE('',*,*,#1433,.F.);
#1450=ORIENTED_EDGE('',*,*,#1350,.F.);
#1451=EDGE_LOOP('',(#1446,#1448,#1449,#1450));
#1452=FACE_OUTER_BOUND('',#1451,.F.);
#1454=CARTESIAN_POINT('',(0.E0,2.E-1,0.E0));
#1455=DIRECTION('',(0.E0,1.E0,0.E0));
#1456=DIRECTION('',(1.E0,0.E0,0.E0));
#1457=AXIS2_PLACEMENT_3D('',#1454,#1455,#1456);
#1458=PLANE('',#1457);
#1459=ORIENTED_EDGE('',*,*,#1371,.T.);
#1460=ORIENTED_EDGE('',*,*,#1394,.F.);
#1461=ORIENTED_EDGE('',*,*,#1407,.F.);
#1462=ORIENTED_EDGE('',*,*,#1421,.F.);
#1463=ORIENTED_EDGE('',*,*,#1435,.F.);
#1464=ORIENTED_EDGE('',*,*,#1447,.F.);
#1465=EDGE_LOOP('',(#1459,#1460,#1461,#1462,#1463,#1464));
#1466=FACE_OUTER_BOUND('',#1465,.F.);
#1468=CLOSED_SHELL('',(#1362,#1377,#1398,#1412,#1426,#1440,#1453,#1467));
#1469=MANIFOLD_SOLID_BREP('',#1468);
#1470=FILL_AREA_STYLE_COLOUR('',#28);
#1471=FILL_AREA_STYLE('',(#1470));
#1472=SURFACE_STYLE_FILL_AREA(#1471);
#1473=SURFACE_SIDE_STYLE('',(#1472));
#1474=SURFACE_STYLE_USAGE(.POSITIVE.,#1473);
#1475=PRESENTATION_STYLE_ASSIGNMENT((#1474));
#1188=STYLED_ITEM('',(#1475),#1469);
#1477=DIRECTION('',(0.E0,0.E0,-1.E0));
#1478=VECTOR('',#1477,2.4E-1);
#1479=CARTESIAN_POINT('',(2.E0,0.E0,-8.8E-1));
#1480=LINE('',#1479,#1478);
#1481=CURVE_STYLE('',#35,POSITIVE_LENGTH_MEASURE(2.E-2),#28);
#1482=PRESENTATION_STYLE_ASSIGNMENT((#1481));
#1483=STYLED_ITEM('',(#1482),#1480);
#1484=DIRECTION('',(1.E0,0.E0,0.E0));
#1485=VECTOR('',#1484,2.81E-1);
#1486=CARTESIAN_POINT('',(1.719E0,0.E0,-1.12E0));
#1487=LINE('',#1486,#1485);
#1488=CURVE_STYLE('',#35,POSITIVE_LENGTH_MEASURE(2.E-2),#28);
#1489=PRESENTATION_STYLE_ASSIGNMENT((#1488));
#1490=STYLED_ITEM('',(#1489),#1487);
#1491=CARTESIAN_POINT('',(1.719E0,0.E0,-1.001E0));
#1492=DIRECTION('',(0.E0,-1.E0,0.E0));
#1493=DIRECTION('',(-1.E0,0.E0,0.E0));
#1494=AXIS2_PLACEMENT_3D('',#1491,#1492,#1493);
#1496=CURVE_STYLE('',#35,POSITIVE_LENGTH_MEASURE(2.E-2),#28);
#1497=PRESENTATION_STYLE_ASSIGNMENT((#1496));
#1498=STYLED_ITEM('',(#1497),#1495);
#1499=DIRECTION('',(0.E0,0.E0,-1.E0));
#1500=VECTOR('',#1499,2.E-3);
#1501=CARTESIAN_POINT('',(1.6E0,0.E0,-9.99E-1));
#1502=LINE('',#1501,#1500);
#1503=CURVE_STYLE('',#35,POSITIVE_LENGTH_MEASURE(2.E-2),#28);
#1504=PRESENTATION_STYLE_ASSIGNMENT((#1503));
#1505=STYLED_ITEM('',(#1504),#1502);
#1506=CARTESIAN_POINT('',(1.719E0,0.E0,-9.99E-1));
#1507=DIRECTION('',(0.E0,-1.E0,0.E0));
#1508=DIRECTION('',(0.E0,0.E0,1.E0));
#1509=AXIS2_PLACEMENT_3D('',#1506,#1507,#1508);
#1511=CURVE_STYLE('',#35,POSITIVE_LENGTH_MEASURE(2.E-2),#28);
#1512=PRESENTATION_STYLE_ASSIGNMENT((#1511));
#1513=STYLED_ITEM('',(#1512),#1510);
#1514=DIRECTION('',(-1.E0,0.E0,0.E0));
#1515=VECTOR('',#1514,2.81E-1);
#1516=CARTESIAN_POINT('',(2.E0,0.E0,-8.8E-1));
#1517=LINE('',#1516,#1515);
#1518=CURVE_STYLE('',#35,POSITIVE_LENGTH_MEASURE(2.E-2),#28);
#1519=PRESENTATION_STYLE_ASSIGNMENT((#1518));
#1520=STYLED_ITEM('',(#1519),#1517);
#1521=DIRECTION('',(0.E0,1.E0,0.E0));
#1522=VECTOR('',#1521,2.E-1);
#1523=CARTESIAN_POINT('',(2.E0,0.E0,-8.8E-1));
#1524=LINE('',#1523,#1522);
#1525=CURVE_STYLE('',#35,POSITIVE_LENGTH_MEASURE(2.E-2),#28);
#1526=PRESENTATION_STYLE_ASSIGNMENT((#1525));
#1527=STYLED_ITEM('',(#1526),#1524);
#1528=DIRECTION('',(0.E0,1.E0,0.E0));
#1529=VECTOR('',#1528,2.E-1);
#1530=CARTESIAN_POINT('',(1.719E0,0.E0,-8.8E-1));
#1531=LINE('',#1530,#1529);
#1532=CURVE_STYLE('',#35,POSITIVE_LENGTH_MEASURE(2.E-2),#28);
#1533=PRESENTATION_STYLE_ASSIGNMENT((#1532));
#1534=STYLED_ITEM('',(#1533),#1531);
#1535=DIRECTION('',(0.E0,1.E0,0.E0));
#1536=VECTOR('',#1535,2.E-1);
#1537=CARTESIAN_POINT('',(1.6E0,0.E0,-9.99E-1));
#1538=LINE('',#1537,#1536);
#1539=CURVE_STYLE('',#35,POSITIVE_LENGTH_MEASURE(2.E-2),#28);
#1540=PRESENTATION_STYLE_ASSIGNMENT((#1539));
#1541=STYLED_ITEM('',(#1540),#1538);
#1542=DIRECTION('',(0.E0,1.E0,0.E0));
#1543=VECTOR('',#1542,2.E-1);
#1544=CARTESIAN_POINT('',(1.6E0,0.E0,-1.001E0));
#1545=LINE('',#1544,#1543);
#1546=CURVE_STYLE('',#35,POSITIVE_LENGTH_MEASURE(2.E-2),#28);
#1547=PRESENTATION_STYLE_ASSIGNMENT((#1546));
#1548=STYLED_ITEM('',(#1547),#1545);
#1549=DIRECTION('',(0.E0,1.E0,0.E0));
#1550=VECTOR('',#1549,2.E-1);
#1551=CARTESIAN_POINT('',(2.E0,0.E0,-1.12E0));
#1552=LINE('',#1551,#1550);
#1553=CURVE_STYLE('',#35,POSITIVE_LENGTH_MEASURE(2.E-2),#28);
#1554=PRESENTATION_STYLE_ASSIGNMENT((#1553));
#1555=STYLED_ITEM('',(#1554),#1552);
#1556=DIRECTION('',(0.E0,1.E0,0.E0));
#1557=VECTOR('',#1556,2.E-1);
#1558=CARTESIAN_POINT('',(1.719E0,0.E0,-1.12E0));
#1559=LINE('',#1558,#1557);
#1560=CURVE_STYLE('',#35,POSITIVE_LENGTH_MEASURE(2.E-2),#28);
#1561=PRESENTATION_STYLE_ASSIGNMENT((#1560));
#1562=STYLED_ITEM('',(#1561),#1559);
#1563=DIRECTION('',(0.E0,0.E0,-1.E0));
#1564=VECTOR('',#1563,2.4E-1);
#1565=CARTESIAN_POINT('',(2.E0,2.E-1,-8.8E-1));
#1566=LINE('',#1565,#1564);
#1567=CURVE_STYLE('',#35,POSITIVE_LENGTH_MEASURE(2.E-2),#28);
#1568=PRESENTATION_STYLE_ASSIGNMENT((#1567));
#1569=STYLED_ITEM('',(#1568),#1566);
#1570=DIRECTION('',(-1.E0,0.E0,0.E0));
#1571=VECTOR('',#1570,2.81E-1);
#1572=CARTESIAN_POINT('',(2.E0,2.E-1,-8.8E-1));
#1573=LINE('',#1572,#1571);
#1574=CURVE_STYLE('',#35,POSITIVE_LENGTH_MEASURE(2.E-2),#28);
#1575=PRESENTATION_STYLE_ASSIGNMENT((#1574));
#1576=STYLED_ITEM('',(#1575),#1573);
#1577=CARTESIAN_POINT('',(1.719E0,2.E-1,-9.99E-1));
#1578=DIRECTION('',(0.E0,-1.E0,0.E0));
#1579=DIRECTION('',(0.E0,0.E0,1.E0));
#1580=AXIS2_PLACEMENT_3D('',#1577,#1578,#1579);
#1582=CURVE_STYLE('',#35,POSITIVE_LENGTH_MEASURE(2.E-2),#28);
#1583=PRESENTATION_STYLE_ASSIGNMENT((#1582));
#1584=STYLED_ITEM('',(#1583),#1581);
#1585=DIRECTION('',(1.110223024625E-13,0.E0,-1.E0));
#1586=VECTOR('',#1585,2.E-3);
#1587=CARTESIAN_POINT('',(1.6E0,2.E-1,-9.99E-1));
#1588=LINE('',#1587,#1586);
#1589=CURVE_STYLE('',#35,POSITIVE_LENGTH_MEASURE(2.E-2),#28);
#1590=PRESENTATION_STYLE_ASSIGNMENT((#1589));
#1591=STYLED_ITEM('',(#1590),#1588);
#1592=CARTESIAN_POINT('',(1.719E0,2.E-1,-1.001E0));
#1593=DIRECTION('',(0.E0,-1.E0,0.E0));
#1594=DIRECTION('',(-1.E0,0.E0,0.E0));
#1595=AXIS2_PLACEMENT_3D('',#1592,#1593,#1594);
#1597=CURVE_STYLE('',#35,POSITIVE_LENGTH_MEASURE(2.E-2),#28);
#1598=PRESENTATION_STYLE_ASSIGNMENT((#1597));
#1599=STYLED_ITEM('',(#1598),#1596);
#1600=DIRECTION('',(1.E0,0.E0,0.E0));
#1601=VECTOR('',#1600,2.81E-1);
#1602=CARTESIAN_POINT('',(1.719E0,2.E-1,-1.12E0));
#1603=LINE('',#1602,#1601);
#1604=CURVE_STYLE('',#35,POSITIVE_LENGTH_MEASURE(2.E-2),#28);
#1605=PRESENTATION_STYLE_ASSIGNMENT((#1604));
#1606=STYLED_ITEM('',(#1605),#1603);
#1607=CARTESIAN_POINT('',(1.719E0,0.E0,-8.8E-1));
#1608=CARTESIAN_POINT('',(1.6E0,0.E0,-9.99E-1));
#1609=VERTEX_POINT('',#1607);
#1610=VERTEX_POINT('',#1608);
#1611=CARTESIAN_POINT('',(1.6E0,0.E0,-1.001E0));
#1612=VERTEX_POINT('',#1611);
#1613=CARTESIAN_POINT('',(1.719E0,0.E0,-1.12E0));
#1614=VERTEX_POINT('',#1613);
#1615=CARTESIAN_POINT('',(1.719E0,2.E-1,-8.8E-1));
#1616=CARTESIAN_POINT('',(1.6E0,2.E-1,-9.99E-1));
#1617=VERTEX_POINT('',#1615);
#1618=VERTEX_POINT('',#1616);
#1619=CARTESIAN_POINT('',(1.6E0,2.E-1,-1.001E0));
#1620=VERTEX_POINT('',#1619);
#1621=CARTESIAN_POINT('',(1.719E0,2.E-1,-1.12E0));
#1622=VERTEX_POINT('',#1621);
#1623=CARTESIAN_POINT('',(2.E0,0.E0,-8.8E-1));
#1624=CARTESIAN_POINT('',(2.E0,0.E0,-1.12E0));
#1625=VERTEX_POINT('',#1623);
#1626=VERTEX_POINT('',#1624);
#1627=CARTESIAN_POINT('',(2.E0,2.E-1,-8.8E-1));
#1628=CARTESIAN_POINT('',(2.E0,2.E-1,-1.12E0));
#1629=VERTEX_POINT('',#1627);
#1630=VERTEX_POINT('',#1628);
#1631=CARTESIAN_POINT('',(0.E0,0.E0,0.E0));
#1632=DIRECTION('',(0.E0,-1.E0,0.E0));
#1633=DIRECTION('',(-1.E0,0.E0,0.E0));
#1634=AXIS2_PLACEMENT_3D('',#1631,#1632,#1633);
#1635=PLANE('',#1634);
#1637=ORIENTED_EDGE('',*,*,#1636,.T.);
#1639=ORIENTED_EDGE('',*,*,#1638,.F.);
#1641=ORIENTED_EDGE('',*,*,#1640,.F.);
#1643=ORIENTED_EDGE('',*,*,#1642,.F.);
#1645=ORIENTED_EDGE('',*,*,#1644,.F.);
#1647=ORIENTED_EDGE('',*,*,#1646,.F.);
#1648=EDGE_LOOP('',(#1637,#1639,#1641,#1643,#1645,#1647));
#1649=FACE_OUTER_BOUND('',#1648,.F.);
#1651=CARTESIAN_POINT('',(2.E0,0.E0,-2.E0));
#1652=DIRECTION('',(-1.E0,0.E0,0.E0));
#1653=DIRECTION('',(0.E0,0.E0,1.E0));
#1654=AXIS2_PLACEMENT_3D('',#1651,#1652,#1653);
#1655=PLANE('',#1654);
#1656=ORIENTED_EDGE('',*,*,#1636,.F.);
#1658=ORIENTED_EDGE('',*,*,#1657,.T.);
#1660=ORIENTED_EDGE('',*,*,#1659,.T.);
#1662=ORIENTED_EDGE('',*,*,#1661,.F.);
#1663=EDGE_LOOP('',(#1656,#1658,#1660,#1662));
#1664=FACE_OUTER_BOUND('',#1663,.F.);
#1666=FILL_AREA_STYLE_COLOUR('',#29);
#1667=FILL_AREA_STYLE('',(#1666));
#1668=SURFACE_STYLE_FILL_AREA(#1667);
#1669=SURFACE_SIDE_STYLE('',(#1668));
#1670=SURFACE_STYLE_USAGE(.POSITIVE.,#1669);
#1671=PRESENTATION_STYLE_ASSIGNMENT((#1670));
#1672=OVER_RIDING_STYLED_ITEM('',(#1671),#1665,#1476);
#1673=CARTESIAN_POINT('',(2.1E0,0.E0,-8.8E-1));
#1674=DIRECTION('',(0.E0,0.E0,-1.E0));
#1675=DIRECTION('',(-1.E0,0.E0,0.E0));
#1676=AXIS2_PLACEMENT_3D('',#1673,#1674,#1675);
#1677=PLANE('',#1676);
#1678=ORIENTED_EDGE('',*,*,#1657,.F.);
#1679=ORIENTED_EDGE('',*,*,#1646,.T.);
#1681=ORIENTED_EDGE('',*,*,#1680,.T.);
#1683=ORIENTED_EDGE('',*,*,#1682,.F.);
#1684=EDGE_LOOP('',(#1678,#1679,#1681,#1683));
#1685=FACE_OUTER_BOUND('',#1684,.F.);
#1687=CARTESIAN_POINT('',(1.719E0,0.E0,-9.99E-1));
#1688=DIRECTION('',(0.E0,-1.E0,0.E0));
#1689=DIRECTION('',(-1.E0,0.E0,0.E0));
#1690=AXIS2_PLACEMENT_3D('',#1687,#1688,#1689);
#1691=CYLINDRICAL_SURFACE('',#1690,1.19E-1);
#1692=ORIENTED_EDGE('',*,*,#1644,.T.);
#1694=ORIENTED_EDGE('',*,*,#1693,.T.);
#1696=ORIENTED_EDGE('',*,*,#1695,.F.);
#1697=ORIENTED_EDGE('',*,*,#1680,.F.);
#1698=EDGE_LOOP('',(#1692,#1694,#1696,#1697));
#1699=FACE_OUTER_BOUND('',#1698,.F.);
#1701=CARTESIAN_POINT('',(1.6E0,0.E0,-9.99E-1));
#1702=DIRECTION('',(1.E0,0.E0,0.E0));
#1703=DIRECTION('',(0.E0,0.E0,-1.E0));
#1704=AXIS2_PLACEMENT_3D('',#1701,#1702,#1703);
#1705=PLANE('',#1704);
#1706=ORIENTED_EDGE('',*,*,#1642,.T.);
#1708=ORIENTED_EDGE('',*,*,#1707,.T.);
#1710=ORIENTED_EDGE('',*,*,#1709,.F.);
#1711=ORIENTED_EDGE('',*,*,#1693,.F.);
#1712=EDGE_LOOP('',(#1706,#1708,#1710,#1711));
#1713=FACE_OUTER_BOUND('',#1712,.F.);
#1715=CARTESIAN_POINT('',(1.719E0,0.E0,-1.001E0));
#1716=DIRECTION('',(0.E0,-1.E0,0.E0));
#1717=DIRECTION('',(-1.E0,0.E0,0.E0));
#1718=AXIS2_PLACEMENT_3D('',#1715,#1716,#1717);
#1719=CYLINDRICAL_SURFACE('',#1718,1.19E-1);
#1720=ORIENTED_EDGE('',*,*,#1640,.T.);
#1722=ORIENTED_EDGE('',*,*,#1721,.T.);
#1724=ORIENTED_EDGE('',*,*,#1723,.F.);
#1725=ORIENTED_EDGE('',*,*,#1707,.F.);
#1726=EDGE_LOOP('',(#1720,#1722,#1724,#1725));
#1727=FACE_OUTER_BOUND('',#1726,.F.);
#1729=CARTESIAN_POINT('',(1.719E0,0.E0,-1.12E0));
#1730=DIRECTION('',(0.E0,0.E0,1.E0));
#1731=DIRECTION('',(1.E0,0.E0,0.E0));
#1732=AXIS2_PLACEMENT_3D('',#1729,#1730,#1731);
#1733=PLANE('',#1732);
#1734=ORIENTED_EDGE('',*,*,#1661,.T.);
#1736=ORIENTED_EDGE('',*,*,#1735,.F.);
#1737=ORIENTED_EDGE('',*,*,#1721,.F.);
#1738=ORIENTED_EDGE('',*,*,#1638,.T.);
#1739=EDGE_LOOP('',(#1734,#1736,#1737,#1738));
#1740=FACE_OUTER_BOUND('',#1739,.F.);
#1742=CARTESIAN_POINT('',(0.E0,2.E-1,0.E0));
#1743=DIRECTION('',(0.E0,-1.E0,0.E0));
#1744=DIRECTION('',(-1.E0,0.E0,0.E0));
#1745=AXIS2_PLACEMENT_3D('',#1742,#1743,#1744);
#1746=PLANE('',#1745);
#1747=ORIENTED_EDGE('',*,*,#1659,.F.);
#1748=ORIENTED_EDGE('',*,*,#1682,.T.);
#1749=ORIENTED_EDGE('',*,*,#1695,.T.);
#1750=ORIENTED_EDGE('',*,*,#1709,.T.);
#1751=ORIENTED_EDGE('',*,*,#1723,.T.);
#1752=ORIENTED_EDGE('',*,*,#1735,.T.);
#1753=EDGE_LOOP('',(#1747,#1748,#1749,#1750,#1751,#1752));
#1754=FACE_OUTER_BOUND('',#1753,.F.);
#1756=CLOSED_SHELL('',(#1650,#1665,#1686,#1700,#1714,#1728,#1741,#1755));
#1757=MANIFOLD_SOLID_BREP('',#1756);
#1758=FILL_AREA_STYLE_COLOUR('',#28);
#1759=FILL_AREA_STYLE('',(#1758));
#1760=SURFACE_STYLE_FILL_AREA(#1759);
#1761=SURFACE_SIDE_STYLE('',(#1760));
#1762=SURFACE_STYLE_USAGE(.POSITIVE.,#1761);
#1763=PRESENTATION_STYLE_ASSIGNMENT((#1762));
#1476=STYLED_ITEM('',(#1763),#1757);
#1765=DIRECTION('',(0.E0,0.E0,-1.E0));
#1766=VECTOR('',#1765,2.4E-1);
#1767=CARTESIAN_POINT('',(2.E0,0.E0,-3.8E-1));
#1768=LINE('',#1767,#1766);
#1769=CURVE_STYLE('',#35,POSITIVE_LENGTH_MEASURE(2.E-2),#28);
#1770=PRESENTATION_STYLE_ASSIGNMENT((#1769));
#1771=STYLED_ITEM('',(#1770),#1768);
#1772=DIRECTION('',(1.E0,0.E0,0.E0));
#1773=VECTOR('',#1772,2.81E-1);
#1774=CARTESIAN_POINT('',(1.719E0,0.E0,-6.2E-1));
#1775=LINE('',#1774,#1773);
#1776=CURVE_STYLE('',#35,POSITIVE_LENGTH_MEASURE(2.E-2),#28);
#1777=PRESENTATION_STYLE_ASSIGNMENT((#1776));
#1778=STYLED_ITEM('',(#1777),#1775);
#1779=CARTESIAN_POINT('',(1.719E0,0.E0,-5.01E-1));
#1780=DIRECTION('',(0.E0,-1.E0,0.E0));
#1781=DIRECTION('',(-1.E0,0.E0,0.E0));
#1782=AXIS2_PLACEMENT_3D('',#1779,#1780,#1781);
#1784=CURVE_STYLE('',#35,POSITIVE_LENGTH_MEASURE(2.E-2),#28);
#1785=PRESENTATION_STYLE_ASSIGNMENT((#1784));
#1786=STYLED_ITEM('',(#1785),#1783);
#1787=DIRECTION('',(0.E0,0.E0,-1.E0));
#1788=VECTOR('',#1787,2.E-3);
#1789=CARTESIAN_POINT('',(1.6E0,0.E0,-4.99E-1));
#1790=LINE('',#1789,#1788);
#1791=CURVE_STYLE('',#35,POSITIVE_LENGTH_MEASURE(2.E-2),#28);
#1792=PRESENTATION_STYLE_ASSIGNMENT((#1791));
#1793=STYLED_ITEM('',(#1792),#1790);
#1794=CARTESIAN_POINT('',(1.719E0,0.E0,-4.99E-1));
#1795=DIRECTION('',(0.E0,-1.E0,0.E0));
#1796=DIRECTION('',(0.E0,0.E0,1.E0));
#1797=AXIS2_PLACEMENT_3D('',#1794,#1795,#1796);
#1799=CURVE_STYLE('',#35,POSITIVE_LENGTH_MEASURE(2.E-2),#28);
#1800=PRESENTATION_STYLE_ASSIGNMENT((#1799));
#1801=STYLED_ITEM('',(#1800),#1798);
#1802=DIRECTION('',(-1.E0,0.E0,0.E0));
#1803=VECTOR('',#1802,2.81E-1);
#1804=CARTESIAN_POINT('',(2.E0,0.E0,-3.8E-1));
#1805=LINE('',#1804,#1803);
#1806=CURVE_STYLE('',#35,POSITIVE_LENGTH_MEASURE(2.E-2),#28);
#1807=PRESENTATION_STYLE_ASSIGNMENT((#1806));
#1808=STYLED_ITEM('',(#1807),#1805);
#1809=DIRECTION('',(0.E0,1.E0,0.E0));
#1810=VECTOR('',#1809,2.E-1);
#1811=CARTESIAN_POINT('',(2.E0,0.E0,-3.8E-1));
#1812=LINE('',#1811,#1810);
#1813=CURVE_STYLE('',#35,POSITIVE_LENGTH_MEASURE(2.E-2),#28);
#1814=PRESENTATION_STYLE_ASSIGNMENT((#1813));
#1815=STYLED_ITEM('',(#1814),#1812);
#1816=DIRECTION('',(0.E0,1.E0,0.E0));
#1817=VECTOR('',#1816,2.E-1);
#1818=CARTESIAN_POINT('',(1.719E0,0.E0,-3.8E-1));
#1819=LINE('',#1818,#1817);
#1820=CURVE_STYLE('',#35,POSITIVE_LENGTH_MEASURE(2.E-2),#28);
#1821=PRESENTATION_STYLE_ASSIGNMENT((#1820));
#1822=STYLED_ITEM('',(#1821),#1819);
#1823=DIRECTION('',(0.E0,1.E0,0.E0));
#1824=VECTOR('',#1823,2.E-1);
#1825=CARTESIAN_POINT('',(1.6E0,0.E0,-4.99E-1));
#1826=LINE('',#1825,#1824);
#1827=CURVE_STYLE('',#35,POSITIVE_LENGTH_MEASURE(2.E-2),#28);
#1828=PRESENTATION_STYLE_ASSIGNMENT((#1827));
#1829=STYLED_ITEM('',(#1828),#1826);
#1830=DIRECTION('',(0.E0,1.E0,0.E0));
#1831=VECTOR('',#1830,2.E-1);
#1832=CARTESIAN_POINT('',(1.6E0,0.E0,-5.01E-1));
#1833=LINE('',#1832,#1831);
#1834=CURVE_STYLE('',#35,POSITIVE_LENGTH_MEASURE(2.E-2),#28);
#1835=PRESENTATION_STYLE_ASSIGNMENT((#1834));
#1836=STYLED_ITEM('',(#1835),#1833);
#1837=DIRECTION('',(0.E0,1.E0,0.E0));
#1838=VECTOR('',#1837,2.E-1);
#1839=CARTESIAN_POINT('',(2.E0,0.E0,-6.2E-1));
#1840=LINE('',#1839,#1838);
#1841=CURVE_STYLE('',#35,POSITIVE_LENGTH_MEASURE(2.E-2),#28);
#1842=PRESENTATION_STYLE_ASSIGNMENT((#1841));
#1843=STYLED_ITEM('',(#1842),#1840);
#1844=DIRECTION('',(0.E0,1.E0,0.E0));
#1845=VECTOR('',#1844,2.E-1);
#1846=CARTESIAN_POINT('',(1.719E0,0.E0,-6.2E-1));
#1847=LINE('',#1846,#1845);
#1848=CURVE_STYLE('',#35,POSITIVE_LENGTH_MEASURE(2.E-2),#28);
#1849=PRESENTATION_STYLE_ASSIGNMENT((#1848));
#1850=STYLED_ITEM('',(#1849),#1847);
#1851=DIRECTION('',(0.E0,0.E0,-1.E0));
#1852=VECTOR('',#1851,2.4E-1);
#1853=CARTESIAN_POINT('',(2.E0,2.E-1,-3.8E-1));
#1854=LINE('',#1853,#1852);
#1855=CURVE_STYLE('',#35,POSITIVE_LENGTH_MEASURE(2.E-2),#28);
#1856=PRESENTATION_STYLE_ASSIGNMENT((#1855));
#1857=STYLED_ITEM('',(#1856),#1854);
#1858=DIRECTION('',(-1.E0,0.E0,0.E0));
#1859=VECTOR('',#1858,2.81E-1);
#1860=CARTESIAN_POINT('',(2.E0,2.E-1,-3.8E-1));
#1861=LINE('',#1860,#1859);
#1862=CURVE_STYLE('',#35,POSITIVE_LENGTH_MEASURE(2.E-2),#28);
#1863=PRESENTATION_STYLE_ASSIGNMENT((#1862));
#1864=STYLED_ITEM('',(#1863),#1861);
#1865=CARTESIAN_POINT('',(1.719E0,2.E-1,-4.99E-1));
#1866=DIRECTION('',(0.E0,-1.E0,0.E0));
#1867=DIRECTION('',(0.E0,0.E0,1.E0));
#1868=AXIS2_PLACEMENT_3D('',#1865,#1866,#1867);
#1870=CURVE_STYLE('',#35,POSITIVE_LENGTH_MEASURE(2.E-2),#28);
#1871=PRESENTATION_STYLE_ASSIGNMENT((#1870));
#1872=STYLED_ITEM('',(#1871),#1869);
#1873=DIRECTION('',(1.110223024625E-13,0.E0,-1.E0));
#1874=VECTOR('',#1873,2.E-3);
#1875=CARTESIAN_POINT('',(1.6E0,2.E-1,-4.99E-1));
#1876=LINE('',#1875,#1874);
#1877=CURVE_STYLE('',#35,POSITIVE_LENGTH_MEASURE(2.E-2),#28);
#1878=PRESENTATION_STYLE_ASSIGNMENT((#1877));
#1879=STYLED_ITEM('',(#1878),#1876);
#1880=CARTESIAN_POINT('',(1.719E0,2.E-1,-5.01E-1));
#1881=DIRECTION('',(0.E0,-1.E0,0.E0));
#1882=DIRECTION('',(-1.E0,0.E0,0.E0));
#1883=AXIS2_PLACEMENT_3D('',#1880,#1881,#1882);
#1885=CURVE_STYLE('',#35,POSITIVE_LENGTH_MEASURE(2.E-2),#28);
#1886=PRESENTATION_STYLE_ASSIGNMENT((#1885));
#1887=STYLED_ITEM('',(#1886),#1884);
#1888=DIRECTION('',(1.E0,0.E0,0.E0));
#1889=VECTOR('',#1888,2.81E-1);
#1890=CARTESIAN_POINT('',(1.719E0,2.E-1,-6.2E-1));
#1891=LINE('',#1890,#1889);
#1892=CURVE_STYLE('',#35,POSITIVE_LENGTH_MEASURE(2.E-2),#28);
#1893=PRESENTATION_STYLE_ASSIGNMENT((#1892));
#1894=STYLED_ITEM('',(#1893),#1891);
#1895=CARTESIAN_POINT('',(1.719E0,0.E0,-3.8E-1));
#1896=CARTESIAN_POINT('',(1.6E0,0.E0,-4.99E-1));
#1897=VERTEX_POINT('',#1895);
#1898=VERTEX_POINT('',#1896);
#1899=CARTESIAN_POINT('',(1.6E0,0.E0,-5.01E-1));
#1900=VERTEX_POINT('',#1899);
#1901=CARTESIAN_POINT('',(1.719E0,0.E0,-6.2E-1));
#1902=VERTEX_POINT('',#1901);
#1903=CARTESIAN_POINT('',(1.719E0,2.E-1,-3.8E-1));
#1904=CARTESIAN_POINT('',(1.6E0,2.E-1,-4.99E-1));
#1905=VERTEX_POINT('',#1903);
#1906=VERTEX_POINT('',#1904);
#1907=CARTESIAN_POINT('',(1.6E0,2.E-1,-5.01E-1));
#1908=VERTEX_POINT('',#1907);
#1909=CARTESIAN_POINT('',(1.719E0,2.E-1,-6.2E-1));
#1910=VERTEX_POINT('',#1909);
#1911=CARTESIAN_POINT('',(2.E0,0.E0,-3.8E-1));
#1912=CARTESIAN_POINT('',(2.E0,0.E0,-6.2E-1));
#1913=VERTEX_POINT('',#1911);
#1914=VERTEX_POINT('',#1912);
#1915=CARTESIAN_POINT('',(2.E0,2.E-1,-3.8E-1));
#1916=CARTESIAN_POINT('',(2.E0,2.E-1,-6.2E-1));
#1917=VERTEX_POINT('',#1915);
#1918=VERTEX_POINT('',#1916);
#1919=CARTESIAN_POINT('',(0.E0,0.E0,0.E0));
#1920=DIRECTION('',(0.E0,-1.E0,0.E0));
#1921=DIRECTION('',(-1.E0,0.E0,0.E0));
#1922=AXIS2_PLACEMENT_3D('',#1919,#1920,#1921);
#1923=PLANE('',#1922);
#1925=ORIENTED_EDGE('',*,*,#1924,.T.);
#1927=ORIENTED_EDGE('',*,*,#1926,.F.);
#1929=ORIENTED_EDGE('',*,*,#1928,.F.);
#1931=ORIENTED_EDGE('',*,*,#1930,.F.);
#1933=ORIENTED_EDGE('',*,*,#1932,.F.);
#1935=ORIENTED_EDGE('',*,*,#1934,.F.);
#1936=EDGE_LOOP('',(#1925,#1927,#1929,#1931,#1933,#1935));
#1937=FACE_OUTER_BOUND('',#1936,.F.);
#1939=CARTESIAN_POINT('',(2.E0,0.E0,-2.E0));
#1940=DIRECTION('',(-1.E0,0.E0,0.E0));
#1941=DIRECTION('',(0.E0,0.E0,1.E0));
#1942=AXIS2_PLACEMENT_3D('',#1939,#1940,#1941);
#1943=PLANE('',#1942);
#1944=ORIENTED_EDGE('',*,*,#1924,.F.);
#1946=ORIENTED_EDGE('',*,*,#1945,.T.);
#1948=ORIENTED_EDGE('',*,*,#1947,.T.);
#1950=ORIENTED_EDGE('',*,*,#1949,.F.);
#1951=EDGE_LOOP('',(#1944,#1946,#1948,#1950));
#1952=FACE_OUTER_BOUND('',#1951,.F.);
#1954=FILL_AREA_STYLE_COLOUR('',#29);
#1955=FILL_AREA_STYLE('',(#1954));
#1956=SURFACE_STYLE_FILL_AREA(#1955);
#1957=SURFACE_SIDE_STYLE('',(#1956));
#1958=SURFACE_STYLE_USAGE(.POSITIVE.,#1957);
#1959=PRESENTATION_STYLE_ASSIGNMENT((#1958));
#1960=OVER_RIDING_STYLED_ITEM('',(#1959),#1953,#1764);
#1961=CARTESIAN_POINT('',(2.1E0,0.E0,-3.8E-1));
#1962=DIRECTION('',(0.E0,0.E0,-1.E0));
#1963=DIRECTION('',(-1.E0,0.E0,0.E0));
#1964=AXIS2_PLACEMENT_3D('',#1961,#1962,#1963);
#1965=PLANE('',#1964);
#1966=ORIENTED_EDGE('',*,*,#1945,.F.);
#1967=ORIENTED_EDGE('',*,*,#1934,.T.);
#1969=ORIENTED_EDGE('',*,*,#1968,.T.);
#1971=ORIENTED_EDGE('',*,*,#1970,.F.);
#1972=EDGE_LOOP('',(#1966,#1967,#1969,#1971));
#1973=FACE_OUTER_BOUND('',#1972,.F.);
#1975=CARTESIAN_POINT('',(1.719E0,0.E0,-4.99E-1));
#1976=DIRECTION('',(0.E0,-1.E0,0.E0));
#1977=DIRECTION('',(-1.E0,0.E0,0.E0));
#1978=AXIS2_PLACEMENT_3D('',#1975,#1976,#1977);
#1979=CYLINDRICAL_SURFACE('',#1978,1.19E-1);
#1980=ORIENTED_EDGE('',*,*,#1932,.T.);
#1982=ORIENTED_EDGE('',*,*,#1981,.T.);
#1984=ORIENTED_EDGE('',*,*,#1983,.F.);
#1985=ORIENTED_EDGE('',*,*,#1968,.F.);
#1986=EDGE_LOOP('',(#1980,#1982,#1984,#1985));
#1987=FACE_OUTER_BOUND('',#1986,.F.);
#1989=CARTESIAN_POINT('',(1.6E0,0.E0,-4.99E-1));
#1990=DIRECTION('',(1.E0,0.E0,0.E0));
#1991=DIRECTION('',(0.E0,0.E0,-1.E0));
#1992=AXIS2_PLACEMENT_3D('',#1989,#1990,#1991);
#1993=PLANE('',#1992);
#1994=ORIENTED_EDGE('',*,*,#1930,.T.);
#1996=ORIENTED_EDGE('',*,*,#1995,.T.);
#1998=ORIENTED_EDGE('',*,*,#1997,.F.);
#1999=ORIENTED_EDGE('',*,*,#1981,.F.);
#2000=EDGE_LOOP('',(#1994,#1996,#1998,#1999));
#2001=FACE_OUTER_BOUND('',#2000,.F.);
#2003=CARTESIAN_POINT('',(1.719E0,0.E0,-5.01E-1));
#2004=DIRECTION('',(0.E0,-1.E0,0.E0));
#2005=DIRECTION('',(-1.E0,0.E0,0.E0));
#2006=AXIS2_PLACEMENT_3D('',#2003,#2004,#2005);
#2007=CYLINDRICAL_SURFACE('',#2006,1.19E-1);
#2008=ORIENTED_EDGE('',*,*,#1928,.T.);
#2010=ORIENTED_EDGE('',*,*,#2009,.T.);
#2012=ORIENTED_EDGE('',*,*,#2011,.F.);
#2013=ORIENTED_EDGE('',*,*,#1995,.F.);
#2014=EDGE_LOOP('',(#2008,#2010,#2012,#2013));
#2015=FACE_OUTER_BOUND('',#2014,.F.);
#2017=CARTESIAN_POINT('',(1.719E0,0.E0,-6.2E-1));
#2018=DIRECTION('',(0.E0,0.E0,1.E0));
#2019=DIRECTION('',(1.E0,0.E0,0.E0));
#2020=AXIS2_PLACEMENT_3D('',#2017,#2018,#2019);
#2021=PLANE('',#2020);
#2022=ORIENTED_EDGE('',*,*,#1949,.T.);
#2024=ORIENTED_EDGE('',*,*,#2023,.F.);
#2025=ORIENTED_EDGE('',*,*,#2009,.F.);
#2026=ORIENTED_EDGE('',*,*,#1926,.T.);
#2027=EDGE_LOOP('',(#2022,#2024,#2025,#2026));
#2028=FACE_OUTER_BOUND('',#2027,.F.);
#2030=CARTESIAN_POINT('',(0.E0,2.E-1,0.E0));
#2031=DIRECTION('',(0.E0,-1.E0,0.E0));
#2032=DIRECTION('',(-1.E0,0.E0,0.E0));
#2033=AXIS2_PLACEMENT_3D('',#2030,#2031,#2032);
#2034=PLANE('',#2033);
#2035=ORIENTED_EDGE('',*,*,#1947,.F.);
#2036=ORIENTED_EDGE('',*,*,#1970,.T.);
#2037=ORIENTED_EDGE('',*,*,#1983,.T.);
#2038=ORIENTED_EDGE('',*,*,#1997,.T.);
#2039=ORIENTED_EDGE('',*,*,#2011,.T.);
#2040=ORIENTED_EDGE('',*,*,#2023,.T.);
#2041=EDGE_LOOP('',(#2035,#2036,#2037,#2038,#2039,#2040));
#2042=FACE_OUTER_BOUND('',#2041,.F.);
#2044=CLOSED_SHELL('',(#1938,#1953,#1974,#1988,#2002,#2016,#2029,#2043));
#2045=MANIFOLD_SOLID_BREP('',#2044);
#2046=FILL_AREA_STYLE_COLOUR('',#28);
#2047=FILL_AREA_STYLE('',(#2046));
#2048=SURFACE_STYLE_FILL_AREA(#2047);
#2049=SURFACE_SIDE_STYLE('',(#2048));
#2050=SURFACE_STYLE_USAGE(.POSITIVE.,#2049);
#2051=PRESENTATION_STYLE_ASSIGNMENT((#2050));
#1764=STYLED_ITEM('',(#2051),#2045);
#2053=DIRECTION('',(0.E0,0.E0,-1.E0));
#2054=VECTOR('',#2053,2.4E-1);
#2055=CARTESIAN_POINT('',(2.E0,0.E0,1.2E-1));
#2056=LINE('',#2055,#2054);
#2057=CURVE_STYLE('',#35,POSITIVE_LENGTH_MEASURE(2.E-2),#28);
#2058=PRESENTATION_STYLE_ASSIGNMENT((#2057));
#2059=STYLED_ITEM('',(#2058),#2056);
#2060=DIRECTION('',(1.E0,0.E0,0.E0));
#2061=VECTOR('',#2060,2.81E-1);
#2062=CARTESIAN_POINT('',(1.719E0,0.E0,-1.2E-1));
#2063=LINE('',#2062,#2061);
#2064=CURVE_STYLE('',#35,POSITIVE_LENGTH_MEASURE(2.E-2),#28);
#2065=PRESENTATION_STYLE_ASSIGNMENT((#2064));
#2066=STYLED_ITEM('',(#2065),#2063);
#2067=CARTESIAN_POINT('',(1.719E0,0.E0,-1.E-3));
#2068=DIRECTION('',(0.E0,-1.E0,0.E0));
#2069=DIRECTION('',(-1.E0,0.E0,0.E0));
#2070=AXIS2_PLACEMENT_3D('',#2067,#2068,#2069);
#2072=CURVE_STYLE('',#35,POSITIVE_LENGTH_MEASURE(2.E-2),#28);
#2073=PRESENTATION_STYLE_ASSIGNMENT((#2072));
#2074=STYLED_ITEM('',(#2073),#2071);
#2075=DIRECTION('',(0.E0,0.E0,-1.E0));
#2076=VECTOR('',#2075,2.E-3);
#2077=CARTESIAN_POINT('',(1.6E0,0.E0,1.E-3));
#2078=LINE('',#2077,#2076);
#2079=CURVE_STYLE('',#35,POSITIVE_LENGTH_MEASURE(2.E-2),#28);
#2080=PRESENTATION_STYLE_ASSIGNMENT((#2079));
#2081=STYLED_ITEM('',(#2080),#2078);
#2082=CARTESIAN_POINT('',(1.719E0,0.E0,1.E-3));
#2083=DIRECTION('',(0.E0,-1.E0,0.E0));
#2084=DIRECTION('',(0.E0,0.E0,1.E0));
#2085=AXIS2_PLACEMENT_3D('',#2082,#2083,#2084);
#2087=CURVE_STYLE('',#35,POSITIVE_LENGTH_MEASURE(2.E-2),#28);
#2088=PRESENTATION_STYLE_ASSIGNMENT((#2087));
#2089=STYLED_ITEM('',(#2088),#2086);
#2090=DIRECTION('',(-1.E0,0.E0,0.E0));
#2091=VECTOR('',#2090,2.81E-1);
#2092=CARTESIAN_POINT('',(2.E0,0.E0,1.2E-1));
#2093=LINE('',#2092,#2091);
#2094=CURVE_STYLE('',#35,POSITIVE_LENGTH_MEASURE(2.E-2),#28);
#2095=PRESENTATION_STYLE_ASSIGNMENT((#2094));
#2096=STYLED_ITEM('',(#2095),#2093);
#2097=DIRECTION('',(0.E0,1.E0,0.E0));
#2098=VECTOR('',#2097,2.E-1);
#2099=CARTESIAN_POINT('',(2.E0,0.E0,1.2E-1));
#2100=LINE('',#2099,#2098);
#2101=CURVE_STYLE('',#35,POSITIVE_LENGTH_MEASURE(2.E-2),#28);
#2102=PRESENTATION_STYLE_ASSIGNMENT((#2101));
#2103=STYLED_ITEM('',(#2102),#2100);
#2104=DIRECTION('',(0.E0,1.E0,0.E0));
#2105=VECTOR('',#2104,2.E-1);
#2106=CARTESIAN_POINT('',(1.719E0,0.E0,1.2E-1));
#2107=LINE('',#2106,#2105);
#2108=CURVE_STYLE('',#35,POSITIVE_LENGTH_MEASURE(2.E-2),#28);
#2109=PRESENTATION_STYLE_ASSIGNMENT((#2108));
#2110=STYLED_ITEM('',(#2109),#2107);
#2111=DIRECTION('',(0.E0,1.E0,0.E0));
#2112=VECTOR('',#2111,2.E-1);
#2113=CARTESIAN_POINT('',(1.6E0,0.E0,1.E-3));
#2114=LINE('',#2113,#2112);
#2115=CURVE_STYLE('',#35,POSITIVE_LENGTH_MEASURE(2.E-2),#28);
#2116=PRESENTATION_STYLE_ASSIGNMENT((#2115));
#2117=STYLED_ITEM('',(#2116),#2114);
#2118=DIRECTION('',(0.E0,1.E0,0.E0));
#2119=VECTOR('',#2118,2.E-1);
#2120=CARTESIAN_POINT('',(1.6E0,0.E0,-1.E-3));
#2121=LINE('',#2120,#2119);
#2122=CURVE_STYLE('',#35,POSITIVE_LENGTH_MEASURE(2.E-2),#28);
#2123=PRESENTATION_STYLE_ASSIGNMENT((#2122));
#2124=STYLED_ITEM('',(#2123),#2121);
#2125=DIRECTION('',(0.E0,1.E0,0.E0));
#2126=VECTOR('',#2125,2.E-1);
#2127=CARTESIAN_POINT('',(2.E0,0.E0,-1.2E-1));
#2128=LINE('',#2127,#2126);
#2129=CURVE_STYLE('',#35,POSITIVE_LENGTH_MEASURE(2.E-2),#28);
#2130=PRESENTATION_STYLE_ASSIGNMENT((#2129));
#2131=STYLED_ITEM('',(#2130),#2128);
#2132=DIRECTION('',(0.E0,1.E0,0.E0));
#2133=VECTOR('',#2132,2.E-1);
#2134=CARTESIAN_POINT('',(1.719E0,0.E0,-1.2E-1));
#2135=LINE('',#2134,#2133);
#2136=CURVE_STYLE('',#35,POSITIVE_LENGTH_MEASURE(2.E-2),#28);
#2137=PRESENTATION_STYLE_ASSIGNMENT((#2136));
#2138=STYLED_ITEM('',(#2137),#2135);
#2139=DIRECTION('',(0.E0,0.E0,-1.E0));
#2140=VECTOR('',#2139,2.4E-1);
#2141=CARTESIAN_POINT('',(2.E0,2.E-1,1.2E-1));
#2142=LINE('',#2141,#2140);
#2143=CURVE_STYLE('',#35,POSITIVE_LENGTH_MEASURE(2.E-2),#28);
#2144=PRESENTATION_STYLE_ASSIGNMENT((#2143));
#2145=STYLED_ITEM('',(#2144),#2142);
#2146=DIRECTION('',(-1.E0,0.E0,0.E0));
#2147=VECTOR('',#2146,2.81E-1);
#2148=CARTESIAN_POINT('',(2.E0,2.E-1,1.2E-1));
#2149=LINE('',#2148,#2147);
#2150=CURVE_STYLE('',#35,POSITIVE_LENGTH_MEASURE(2.E-2),#28);
#2151=PRESENTATION_STYLE_ASSIGNMENT((#2150));
#2152=STYLED_ITEM('',(#2151),#2149);
#2153=CARTESIAN_POINT('',(1.719E0,2.E-1,1.E-3));
#2154=DIRECTION('',(0.E0,-1.E0,0.E0));
#2155=DIRECTION('',(0.E0,0.E0,1.E0));
#2156=AXIS2_PLACEMENT_3D('',#2153,#2154,#2155);
#2158=CURVE_STYLE('',#35,POSITIVE_LENGTH_MEASURE(2.E-2),#28);
#2159=PRESENTATION_STYLE_ASSIGNMENT((#2158));
#2160=STYLED_ITEM('',(#2159),#2157);
#2161=DIRECTION('',(1.110223024625E-13,0.E0,-1.E0));
#2162=VECTOR('',#2161,2.E-3);
#2163=CARTESIAN_POINT('',(1.6E0,2.E-1,1.E-3));
#2164=LINE('',#2163,#2162);
#2165=CURVE_STYLE('',#35,POSITIVE_LENGTH_MEASURE(2.E-2),#28);
#2166=PRESENTATION_STYLE_ASSIGNMENT((#2165));
#2167=STYLED_ITEM('',(#2166),#2164);
#2168=CARTESIAN_POINT('',(1.719E0,2.E-1,-1.E-3));
#2169=DIRECTION('',(0.E0,-1.E0,0.E0));
#2170=DIRECTION('',(-1.E0,0.E0,0.E0));
#2171=AXIS2_PLACEMENT_3D('',#2168,#2169,#2170);
#2173=CURVE_STYLE('',#35,POSITIVE_LENGTH_MEASURE(2.E-2),#28);
#2174=PRESENTATION_STYLE_ASSIGNMENT((#2173));
#2175=STYLED_ITEM('',(#2174),#2172);
#2176=DIRECTION('',(1.E0,0.E0,0.E0));
#2177=VECTOR('',#2176,2.81E-1);
#2178=CARTESIAN_POINT('',(1.719E0,2.E-1,-1.2E-1));
#2179=LINE('',#2178,#2177);
#2180=CURVE_STYLE('',#35,POSITIVE_LENGTH_MEASURE(2.E-2),#28);
#2181=PRESENTATION_STYLE_ASSIGNMENT((#2180));
#2182=STYLED_ITEM('',(#2181),#2179);
#2183=CARTESIAN_POINT('',(1.719E0,0.E0,1.2E-1));
#2184=CARTESIAN_POINT('',(1.6E0,0.E0,1.E-3));
#2185=VERTEX_POINT('',#2183);
#2186=VERTEX_POINT('',#2184);
#2187=CARTESIAN_POINT('',(1.6E0,0.E0,-1.E-3));
#2188=VERTEX_POINT('',#2187);
#2189=CARTESIAN_POINT('',(1.719E0,0.E0,-1.2E-1));
#2190=VERTEX_POINT('',#2189);
#2191=CARTESIAN_POINT('',(1.719E0,2.E-1,1.2E-1));
#2192=CARTESIAN_POINT('',(1.6E0,2.E-1,1.E-3));
#2193=VERTEX_POINT('',#2191);
#2194=VERTEX_POINT('',#2192);
#2195=CARTESIAN_POINT('',(1.6E0,2.E-1,-1.E-3));
#2196=VERTEX_POINT('',#2195);
#2197=CARTESIAN_POINT('',(1.719E0,2.E-1,-1.2E-1));
#2198=VERTEX_POINT('',#2197);
#2199=CARTESIAN_POINT('',(2.E0,0.E0,1.2E-1));
#2200=CARTESIAN_POINT('',(2.E0,0.E0,-1.2E-1));
#2201=VERTEX_POINT('',#2199);
#2202=VERTEX_POINT('',#2200);
#2203=CARTESIAN_POINT('',(2.E0,2.E-1,1.2E-1));
#2204=CARTESIAN_POINT('',(2.E0,2.E-1,-1.2E-1));
#2205=VERTEX_POINT('',#2203);
#2206=VERTEX_POINT('',#2204);
#2207=CARTESIAN_POINT('',(0.E0,0.E0,0.E0));
#2208=DIRECTION('',(0.E0,-1.E0,0.E0));
#2209=DIRECTION('',(-1.E0,0.E0,0.E0));
#2210=AXIS2_PLACEMENT_3D('',#2207,#2208,#2209);
#2211=PLANE('',#2210);
#2213=ORIENTED_EDGE('',*,*,#2212,.T.);
#2215=ORIENTED_EDGE('',*,*,#2214,.F.);
#2217=ORIENTED_EDGE('',*,*,#2216,.F.);
#2219=ORIENTED_EDGE('',*,*,#2218,.F.);
#2221=ORIENTED_EDGE('',*,*,#2220,.F.);
#2223=ORIENTED_EDGE('',*,*,#2222,.F.);
#2224=EDGE_LOOP('',(#2213,#2215,#2217,#2219,#2221,#2223));
#2225=FACE_OUTER_BOUND('',#2224,.F.);
#2227=CARTESIAN_POINT('',(2.E0,0.E0,-2.E0));
#2228=DIRECTION('',(-1.E0,0.E0,0.E0));
#2229=DIRECTION('',(0.E0,0.E0,1.E0));
#2230=AXIS2_PLACEMENT_3D('',#2227,#2228,#2229);
#2231=PLANE('',#2230);
#2232=ORIENTED_EDGE('',*,*,#2212,.F.);
#2234=ORIENTED_EDGE('',*,*,#2233,.T.);
#2236=ORIENTED_EDGE('',*,*,#2235,.T.);
#2238=ORIENTED_EDGE('',*,*,#2237,.F.);
#2239=EDGE_LOOP('',(#2232,#2234,#2236,#2238));
#2240=FACE_OUTER_BOUND('',#2239,.F.);
#2242=FILL_AREA_STYLE_COLOUR('',#29);
#2243=FILL_AREA_STYLE('',(#2242));
#2244=SURFACE_STYLE_FILL_AREA(#2243);
#2245=SURFACE_SIDE_STYLE('',(#2244));
#2246=SURFACE_STYLE_USAGE(.POSITIVE.,#2245);
#2247=PRESENTATION_STYLE_ASSIGNMENT((#2246));
#2248=OVER_RIDING_STYLED_ITEM('',(#2247),#2241,#2052);
#2249=CARTESIAN_POINT('',(2.1E0,0.E0,1.2E-1));
#2250=DIRECTION('',(0.E0,0.E0,-1.E0));
#2251=DIRECTION('',(-1.E0,0.E0,0.E0));
#2252=AXIS2_PLACEMENT_3D('',#2249,#2250,#2251);
#2253=PLANE('',#2252);
#2254=ORIENTED_EDGE('',*,*,#2233,.F.);
#2255=ORIENTED_EDGE('',*,*,#2222,.T.);
#2257=ORIENTED_EDGE('',*,*,#2256,.T.);
#2259=ORIENTED_EDGE('',*,*,#2258,.F.);
#2260=EDGE_LOOP('',(#2254,#2255,#2257,#2259));
#2261=FACE_OUTER_BOUND('',#2260,.F.);
#2263=CARTESIAN_POINT('',(1.719E0,0.E0,1.E-3));
#2264=DIRECTION('',(0.E0,-1.E0,0.E0));
#2265=DIRECTION('',(-1.E0,0.E0,0.E0));
#2266=AXIS2_PLACEMENT_3D('',#2263,#2264,#2265);
#2267=CYLINDRICAL_SURFACE('',#2266,1.19E-1);
#2268=ORIENTED_EDGE('',*,*,#2220,.T.);
#2270=ORIENTED_EDGE('',*,*,#2269,.T.);
#2272=ORIENTED_EDGE('',*,*,#2271,.F.);
#2273=ORIENTED_EDGE('',*,*,#2256,.F.);
#2274=EDGE_LOOP('',(#2268,#2270,#2272,#2273));
#2275=FACE_OUTER_BOUND('',#2274,.F.);
#2277=CARTESIAN_POINT('',(1.6E0,0.E0,1.E-3));
#2278=DIRECTION('',(1.E0,0.E0,0.E0));
#2279=DIRECTION('',(0.E0,0.E0,-1.E0));
#2280=AXIS2_PLACEMENT_3D('',#2277,#2278,#2279);
#2281=PLANE('',#2280);
#2282=ORIENTED_EDGE('',*,*,#2218,.T.);
#2284=ORIENTED_EDGE('',*,*,#2283,.T.);
#2286=ORIENTED_EDGE('',*,*,#2285,.F.);
#2287=ORIENTED_EDGE('',*,*,#2269,.F.);
#2288=EDGE_LOOP('',(#2282,#2284,#2286,#2287));
#2289=FACE_OUTER_BOUND('',#2288,.F.);
#2291=CARTESIAN_POINT('',(1.719E0,0.E0,-1.E-3));
#2292=DIRECTION('',(0.E0,-1.E0,0.E0));
#2293=DIRECTION('',(-1.E0,0.E0,0.E0));
#2294=AXIS2_PLACEMENT_3D('',#2291,#2292,#2293);
#2295=CYLINDRICAL_SURFACE('',#2294,1.19E-1);
#2296=ORIENTED_EDGE('',*,*,#2216,.T.);
#2298=ORIENTED_EDGE('',*,*,#2297,.T.);
#2300=ORIENTED_EDGE('',*,*,#2299,.F.);
#2301=ORIENTED_EDGE('',*,*,#2283,.F.);
#2302=EDGE_LOOP('',(#2296,#2298,#2300,#2301));
#2303=FACE_OUTER_BOUND('',#2302,.F.);
#2305=CARTESIAN_POINT('',(1.719E0,0.E0,-1.2E-1));
#2306=DIRECTION('',(0.E0,0.E0,1.E0));
#2307=DIRECTION('',(1.E0,0.E0,0.E0));
#2308=AXIS2_PLACEMENT_3D('',#2305,#2306,#2307);
#2309=PLANE('',#2308);
#2310=ORIENTED_EDGE('',*,*,#2237,.T.);
#2312=ORIENTED_EDGE('',*,*,#2311,.F.);
#2313=ORIENTED_EDGE('',*,*,#2297,.F.);
#2314=ORIENTED_EDGE('',*,*,#2214,.T.);
#2315=EDGE_LOOP('',(#2310,#2312,#2313,#2314));
#2316=FACE_OUTER_BOUND('',#2315,.F.);
#2318=CARTESIAN_POINT('',(0.E0,2.E-1,0.E0));
#2319=DIRECTION('',(0.E0,-1.E0,0.E0));
#2320=DIRECTION('',(-1.E0,0.E0,0.E0));
#2321=AXIS2_PLACEMENT_3D('',#2318,#2319,#2320);
#2322=PLANE('',#2321);
#2323=ORIENTED_EDGE('',*,*,#2235,.F.);
#2324=ORIENTED_EDGE('',*,*,#2258,.T.);
#2325=ORIENTED_EDGE('',*,*,#2271,.T.);
#2326=ORIENTED_EDGE('',*,*,#2285,.T.);
#2327=ORIENTED_EDGE('',*,*,#2299,.T.);
#2328=ORIENTED_EDGE('',*,*,#2311,.T.);
#2329=EDGE_LOOP('',(#2323,#2324,#2325,#2326,#2327,#2328));
#2330=FACE_OUTER_BOUND('',#2329,.F.);
#2332=CLOSED_SHELL('',(#2226,#2241,#2262,#2276,#2290,#2304,#2317,#2331));
#2333=MANIFOLD_SOLID_BREP('',#2332);
#2334=FILL_AREA_STYLE_COLOUR('',#28);
#2335=FILL_AREA_STYLE('',(#2334));
#2336=SURFACE_STYLE_FILL_AREA(#2335);
#2337=SURFACE_SIDE_STYLE('',(#2336));
#2338=SURFACE_STYLE_USAGE(.POSITIVE.,#2337);
#2339=PRESENTATION_STYLE_ASSIGNMENT((#2338));
#2052=STYLED_ITEM('',(#2339),#2333);
#2341=DIRECTION('',(0.E0,0.E0,-1.E0));
#2342=VECTOR('',#2341,2.4E-1);
#2343=CARTESIAN_POINT('',(2.E0,0.E0,6.2E-1));
#2344=LINE('',#2343,#2342);
#2345=CURVE_STYLE('',#35,POSITIVE_LENGTH_MEASURE(2.E-2),#28);
#2346=PRESENTATION_STYLE_ASSIGNMENT((#2345));
#2347=STYLED_ITEM('',(#2346),#2344);
#2348=DIRECTION('',(1.E0,0.E0,0.E0));
#2349=VECTOR('',#2348,2.81E-1);
#2350=CARTESIAN_POINT('',(1.719E0,0.E0,3.8E-1));
#2351=LINE('',#2350,#2349);
#2352=CURVE_STYLE('',#35,POSITIVE_LENGTH_MEASURE(2.E-2),#28);
#2353=PRESENTATION_STYLE_ASSIGNMENT((#2352));
#2354=STYLED_ITEM('',(#2353),#2351);
#2355=CARTESIAN_POINT('',(1.719E0,0.E0,4.99E-1));
#2356=DIRECTION('',(0.E0,-1.E0,0.E0));
#2357=DIRECTION('',(-1.E0,0.E0,0.E0));
#2358=AXIS2_PLACEMENT_3D('',#2355,#2356,#2357);
#2360=CURVE_STYLE('',#35,POSITIVE_LENGTH_MEASURE(2.E-2),#28);
#2361=PRESENTATION_STYLE_ASSIGNMENT((#2360));
#2362=STYLED_ITEM('',(#2361),#2359);
#2363=DIRECTION('',(0.E0,0.E0,-1.E0));
#2364=VECTOR('',#2363,2.E-3);
#2365=CARTESIAN_POINT('',(1.6E0,0.E0,5.01E-1));
#2366=LINE('',#2365,#2364);
#2367=CURVE_STYLE('',#35,POSITIVE_LENGTH_MEASURE(2.E-2),#28);
#2368=PRESENTATION_STYLE_ASSIGNMENT((#2367));
#2369=STYLED_ITEM('',(#2368),#2366);
#2370=CARTESIAN_POINT('',(1.719E0,0.E0,5.01E-1));
#2371=DIRECTION('',(0.E0,-1.E0,0.E0));
#2372=DIRECTION('',(0.E0,0.E0,1.E0));
#2373=AXIS2_PLACEMENT_3D('',#2370,#2371,#2372);
#2375=CURVE_STYLE('',#35,POSITIVE_LENGTH_MEASURE(2.E-2),#28);
#2376=PRESENTATION_STYLE_ASSIGNMENT((#2375));
#2377=STYLED_ITEM('',(#2376),#2374);
#2378=DIRECTION('',(-1.E0,0.E0,0.E0));
#2379=VECTOR('',#2378,2.81E-1);
#2380=CARTESIAN_POINT('',(2.E0,0.E0,6.2E-1));
#2381=LINE('',#2380,#2379);
#2382=CURVE_STYLE('',#35,POSITIVE_LENGTH_MEASURE(2.E-2),#28);
#2383=PRESENTATION_STYLE_ASSIGNMENT((#2382));
#2384=STYLED_ITEM('',(#2383),#2381);
#2385=DIRECTION('',(0.E0,1.E0,0.E0));
#2386=VECTOR('',#2385,2.E-1);
#2387=CARTESIAN_POINT('',(2.E0,0.E0,6.2E-1));
#2388=LINE('',#2387,#2386);
#2389=CURVE_STYLE('',#35,POSITIVE_LENGTH_MEASURE(2.E-2),#28);
#2390=PRESENTATION_STYLE_ASSIGNMENT((#2389));
#2391=STYLED_ITEM('',(#2390),#2388);
#2392=DIRECTION('',(0.E0,1.E0,0.E0));
#2393=VECTOR('',#2392,2.E-1);
#2394=CARTESIAN_POINT('',(1.719E0,0.E0,6.2E-1));
#2395=LINE('',#2394,#2393);
#2396=CURVE_STYLE('',#35,POSITIVE_LENGTH_MEASURE(2.E-2),#28);
#2397=PRESENTATION_STYLE_ASSIGNMENT((#2396));
#2398=STYLED_ITEM('',(#2397),#2395);
#2399=DIRECTION('',(0.E0,1.E0,0.E0));
#2400=VECTOR('',#2399,2.E-1);
#2401=CARTESIAN_POINT('',(1.6E0,0.E0,5.01E-1));
#2402=LINE('',#2401,#2400);
#2403=CURVE_STYLE('',#35,POSITIVE_LENGTH_MEASURE(2.E-2),#28);
#2404=PRESENTATION_STYLE_ASSIGNMENT((#2403));
#2405=STYLED_ITEM('',(#2404),#2402);
#2406=DIRECTION('',(0.E0,1.E0,0.E0));
#2407=VECTOR('',#2406,2.E-1);
#2408=CARTESIAN_POINT('',(1.6E0,0.E0,4.99E-1));
#2409=LINE('',#2408,#2407);
#2410=CURVE_STYLE('',#35,POSITIVE_LENGTH_MEASURE(2.E-2),#28);
#2411=PRESENTATION_STYLE_ASSIGNMENT((#2410));
#2412=STYLED_ITEM('',(#2411),#2409);
#2413=DIRECTION('',(0.E0,1.E0,0.E0));
#2414=VECTOR('',#2413,2.E-1);
#2415=CARTESIAN_POINT('',(2.E0,0.E0,3.8E-1));
#2416=LINE('',#2415,#2414);
#2417=CURVE_STYLE('',#35,POSITIVE_LENGTH_MEASURE(2.E-2),#28);
#2418=PRESENTATION_STYLE_ASSIGNMENT((#2417));
#2419=STYLED_ITEM('',(#2418),#2416);
#2420=DIRECTION('',(0.E0,1.E0,0.E0));
#2421=VECTOR('',#2420,2.E-1);
#2422=CARTESIAN_POINT('',(1.719E0,0.E0,3.8E-1));
#2423=LINE('',#2422,#2421);
#2424=CURVE_STYLE('',#35,POSITIVE_LENGTH_MEASURE(2.E-2),#28);
#2425=PRESENTATION_STYLE_ASSIGNMENT((#2424));
#2426=STYLED_ITEM('',(#2425),#2423);
#2427=DIRECTION('',(0.E0,0.E0,-1.E0));
#2428=VECTOR('',#2427,2.4E-1);
#2429=CARTESIAN_POINT('',(2.E0,2.E-1,6.2E-1));
#2430=LINE('',#2429,#2428);
#2431=CURVE_STYLE('',#35,POSITIVE_LENGTH_MEASURE(2.E-2),#28);
#2432=PRESENTATION_STYLE_ASSIGNMENT((#2431));
#2433=STYLED_ITEM('',(#2432),#2430);
#2434=DIRECTION('',(-1.E0,0.E0,0.E0));
#2435=VECTOR('',#2434,2.81E-1);
#2436=CARTESIAN_POINT('',(2.E0,2.E-1,6.2E-1));
#2437=LINE('',#2436,#2435);
#2438=CURVE_STYLE('',#35,POSITIVE_LENGTH_MEASURE(2.E-2),#28);
#2439=PRESENTATION_STYLE_ASSIGNMENT((#2438));
#2440=STYLED_ITEM('',(#2439),#2437);
#2441=CARTESIAN_POINT('',(1.719E0,2.E-1,5.01E-1));
#2442=DIRECTION('',(0.E0,-1.E0,0.E0));
#2443=DIRECTION('',(0.E0,0.E0,1.E0));
#2444=AXIS2_PLACEMENT_3D('',#2441,#2442,#2443);
#2446=CURVE_STYLE('',#35,POSITIVE_LENGTH_MEASURE(2.E-2),#28);
#2447=PRESENTATION_STYLE_ASSIGNMENT((#2446));
#2448=STYLED_ITEM('',(#2447),#2445);
#2449=DIRECTION('',(1.110223024625E-13,0.E0,-1.E0));
#2450=VECTOR('',#2449,2.E-3);
#2451=CARTESIAN_POINT('',(1.6E0,2.E-1,5.01E-1));
#2452=LINE('',#2451,#2450);
#2453=CURVE_STYLE('',#35,POSITIVE_LENGTH_MEASURE(2.E-2),#28);
#2454=PRESENTATION_STYLE_ASSIGNMENT((#2453));
#2455=STYLED_ITEM('',(#2454),#2452);
#2456=CARTESIAN_POINT('',(1.719E0,2.E-1,4.99E-1));
#2457=DIRECTION('',(0.E0,-1.E0,0.E0));
#2458=DIRECTION('',(-1.E0,0.E0,0.E0));
#2459=AXIS2_PLACEMENT_3D('',#2456,#2457,#2458);
#2461=CURVE_STYLE('',#35,POSITIVE_LENGTH_MEASURE(2.E-2),#28);
#2462=PRESENTATION_STYLE_ASSIGNMENT((#2461));
#2463=STYLED_ITEM('',(#2462),#2460);
#2464=DIRECTION('',(1.E0,0.E0,0.E0));
#2465=VECTOR('',#2464,2.81E-1);
#2466=CARTESIAN_POINT('',(1.719E0,2.E-1,3.8E-1));
#2467=LINE('',#2466,#2465);
#2468=CURVE_STYLE('',#35,POSITIVE_LENGTH_MEASURE(2.E-2),#28);
#2469=PRESENTATION_STYLE_ASSIGNMENT((#2468));
#2470=STYLED_ITEM('',(#2469),#2467);
#2471=CARTESIAN_POINT('',(1.719E0,0.E0,6.2E-1));
#2472=CARTESIAN_POINT('',(1.6E0,0.E0,5.01E-1));
#2473=VERTEX_POINT('',#2471);
#2474=VERTEX_POINT('',#2472);
#2475=CARTESIAN_POINT('',(1.6E0,0.E0,4.99E-1));
#2476=VERTEX_POINT('',#2475);
#2477=CARTESIAN_POINT('',(1.719E0,0.E0,3.8E-1));
#2478=VERTEX_POINT('',#2477);
#2479=CARTESIAN_POINT('',(1.719E0,2.E-1,6.2E-1));
#2480=CARTESIAN_POINT('',(1.6E0,2.E-1,5.01E-1));
#2481=VERTEX_POINT('',#2479);
#2482=VERTEX_POINT('',#2480);
#2483=CARTESIAN_POINT('',(1.6E0,2.E-1,4.99E-1));
#2484=VERTEX_POINT('',#2483);
#2485=CARTESIAN_POINT('',(1.719E0,2.E-1,3.8E-1));
#2486=VERTEX_POINT('',#2485);
#2487=CARTESIAN_POINT('',(2.E0,0.E0,6.2E-1));
#2488=CARTESIAN_POINT('',(2.E0,0.E0,3.8E-1));
#2489=VERTEX_POINT('',#2487);
#2490=VERTEX_POINT('',#2488);
#2491=CARTESIAN_POINT('',(2.E0,2.E-1,6.2E-1));
#2492=CARTESIAN_POINT('',(2.E0,2.E-1,3.8E-1));
#2493=VERTEX_POINT('',#2491);
#2494=VERTEX_POINT('',#2492);
#2495=CARTESIAN_POINT('',(0.E0,0.E0,0.E0));
#2496=DIRECTION('',(0.E0,-1.E0,0.E0));
#2497=DIRECTION('',(-1.E0,0.E0,0.E0));
#2498=AXIS2_PLACEMENT_3D('',#2495,#2496,#2497);
#2499=PLANE('',#2498);
#2501=ORIENTED_EDGE('',*,*,#2500,.T.);
#2503=ORIENTED_EDGE('',*,*,#2502,.F.);
#2505=ORIENTED_EDGE('',*,*,#2504,.F.);
#2507=ORIENTED_EDGE('',*,*,#2506,.F.);
#2509=ORIENTED_EDGE('',*,*,#2508,.F.);
#2511=ORIENTED_EDGE('',*,*,#2510,.F.);
#2512=EDGE_LOOP('',(#2501,#2503,#2505,#2507,#2509,#2511));
#2513=FACE_OUTER_BOUND('',#2512,.F.);
#2515=CARTESIAN_POINT('',(2.E0,0.E0,-2.E0));
#2516=DIRECTION('',(-1.E0,0.E0,0.E0));
#2517=DIRECTION('',(0.E0,0.E0,1.E0));
#2518=AXIS2_PLACEMENT_3D('',#2515,#2516,#2517);
#2519=PLANE('',#2518);
#2520=ORIENTED_EDGE('',*,*,#2500,.F.);
#2522=ORIENTED_EDGE('',*,*,#2521,.T.);
#2524=ORIENTED_EDGE('',*,*,#2523,.T.);
#2526=ORIENTED_EDGE('',*,*,#2525,.F.);
#2527=EDGE_LOOP('',(#2520,#2522,#2524,#2526));
#2528=FACE_OUTER_BOUND('',#2527,.F.);
#2530=FILL_AREA_STYLE_COLOUR('',#29);
#2531=FILL_AREA_STYLE('',(#2530));
#2532=SURFACE_STYLE_FILL_AREA(#2531);
#2533=SURFACE_SIDE_STYLE('',(#2532));
#2534=SURFACE_STYLE_USAGE(.POSITIVE.,#2533);
#2535=PRESENTATION_STYLE_ASSIGNMENT((#2534));
#2536=OVER_RIDING_STYLED_ITEM('',(#2535),#2529,#2340);
#2537=CARTESIAN_POINT('',(2.1E0,0.E0,6.2E-1));
#2538=DIRECTION('',(0.E0,0.E0,-1.E0));
#2539=DIRECTION('',(-1.E0,0.E0,0.E0));
#2540=AXIS2_PLACEMENT_3D('',#2537,#2538,#2539);
#2541=PLANE('',#2540);
#2542=ORIENTED_EDGE('',*,*,#2521,.F.);
#2543=ORIENTED_EDGE('',*,*,#2510,.T.);
#2545=ORIENTED_EDGE('',*,*,#2544,.T.);
#2547=ORIENTED_EDGE('',*,*,#2546,.F.);
#2548=EDGE_LOOP('',(#2542,#2543,#2545,#2547));
#2549=FACE_OUTER_BOUND('',#2548,.F.);
#2551=CARTESIAN_POINT('',(1.719E0,0.E0,5.01E-1));
#2552=DIRECTION('',(0.E0,-1.E0,0.E0));
#2553=DIRECTION('',(-1.E0,0.E0,0.E0));
#2554=AXIS2_PLACEMENT_3D('',#2551,#2552,#2553);
#2555=CYLINDRICAL_SURFACE('',#2554,1.19E-1);
#2556=ORIENTED_EDGE('',*,*,#2508,.T.);
#2558=ORIENTED_EDGE('',*,*,#2557,.T.);
#2560=ORIENTED_EDGE('',*,*,#2559,.F.);
#2561=ORIENTED_EDGE('',*,*,#2544,.F.);
#2562=EDGE_LOOP('',(#2556,#2558,#2560,#2561));
#2563=FACE_OUTER_BOUND('',#2562,.F.);
#2565=CARTESIAN_POINT('',(1.6E0,0.E0,5.01E-1));
#2566=DIRECTION('',(1.E0,0.E0,0.E0));
#2567=DIRECTION('',(0.E0,0.E0,-1.E0));
#2568=AXIS2_PLACEMENT_3D('',#2565,#2566,#2567);
#2569=PLANE('',#2568);
#2570=ORIENTED_EDGE('',*,*,#2506,.T.);
#2572=ORIENTED_EDGE('',*,*,#2571,.T.);
#2574=ORIENTED_EDGE('',*,*,#2573,.F.);
#2575=ORIENTED_EDGE('',*,*,#2557,.F.);
#2576=EDGE_LOOP('',(#2570,#2572,#2574,#2575));
#2577=FACE_OUTER_BOUND('',#2576,.F.);
#2579=CARTESIAN_POINT('',(1.719E0,0.E0,4.99E-1));
#2580=DIRECTION('',(0.E0,-1.E0,0.E0));
#2581=DIRECTION('',(-1.E0,0.E0,0.E0));
#2582=AXIS2_PLACEMENT_3D('',#2579,#2580,#2581);
#2583=CYLINDRICAL_SURFACE('',#2582,1.19E-1);
#2584=ORIENTED_EDGE('',*,*,#2504,.T.);
#2586=ORIENTED_EDGE('',*,*,#2585,.T.);
#2588=ORIENTED_EDGE('',*,*,#2587,.F.);
#2589=ORIENTED_EDGE('',*,*,#2571,.F.);
#2590=EDGE_LOOP('',(#2584,#2586,#2588,#2589));
#2591=FACE_OUTER_BOUND('',#2590,.F.);
#2593=CARTESIAN_POINT('',(1.719E0,0.E0,3.8E-1));
#2594=DIRECTION('',(0.E0,0.E0,1.E0));
#2595=DIRECTION('',(1.E0,0.E0,0.E0));
#2596=AXIS2_PLACEMENT_3D('',#2593,#2594,#2595);
#2597=PLANE('',#2596);
#2598=ORIENTED_EDGE('',*,*,#2525,.T.);
#2600=ORIENTED_EDGE('',*,*,#2599,.F.);
#2601=ORIENTED_EDGE('',*,*,#2585,.F.);
#2602=ORIENTED_EDGE('',*,*,#2502,.T.);
#2603=EDGE_LOOP('',(#2598,#2600,#2601,#2602));
#2604=FACE_OUTER_BOUND('',#2603,.F.);
#2606=CARTESIAN_POINT('',(0.E0,2.E-1,0.E0));
#2607=DIRECTION('',(0.E0,-1.E0,0.E0));
#2608=DIRECTION('',(-1.E0,0.E0,0.E0));
#2609=AXIS2_PLACEMENT_3D('',#2606,#2607,#2608);
#2610=PLANE('',#2609);
#2611=ORIENTED_EDGE('',*,*,#2523,.F.);
#2612=ORIENTED_EDGE('',*,*,#2546,.T.);
#2613=ORIENTED_EDGE('',*,*,#2559,.T.);
#2614=ORIENTED_EDGE('',*,*,#2573,.T.);
#2615=ORIENTED_EDGE('',*,*,#2587,.T.);
#2616=ORIENTED_EDGE('',*,*,#2599,.T.);
#2617=EDGE_LOOP('',(#2611,#2612,#2613,#2614,#2615,#2616));
#2618=FACE_OUTER_BOUND('',#2617,.F.);
#2620=CLOSED_SHELL('',(#2514,#2529,#2550,#2564,#2578,#2592,#2605,#2619));
#2621=MANIFOLD_SOLID_BREP('',#2620);
#2622=FILL_AREA_STYLE_COLOUR('',#28);
#2623=FILL_AREA_STYLE('',(#2622));
#2624=SURFACE_STYLE_FILL_AREA(#2623);
#2625=SURFACE_SIDE_STYLE('',(#2624));
#2626=SURFACE_STYLE_USAGE(.POSITIVE.,#2625);
#2627=PRESENTATION_STYLE_ASSIGNMENT((#2626));
#2340=STYLED_ITEM('',(#2627),#2621);
#2629=DIRECTION('',(0.E0,0.E0,-1.E0));
#2630=VECTOR('',#2629,2.4E-1);
#2631=CARTESIAN_POINT('',(2.E0,0.E0,1.12E0));
#2632=LINE('',#2631,#2630);
#2633=CURVE_STYLE('',#35,POSITIVE_LENGTH_MEASURE(2.E-2),#28);
#2634=PRESENTATION_STYLE_ASSIGNMENT((#2633));
#2635=STYLED_ITEM('',(#2634),#2632);
#2636=DIRECTION('',(1.E0,0.E0,0.E0));
#2637=VECTOR('',#2636,2.81E-1);
#2638=CARTESIAN_POINT('',(1.719E0,0.E0,8.8E-1));
#2639=LINE('',#2638,#2637);
#2640=CURVE_STYLE('',#35,POSITIVE_LENGTH_MEASURE(2.E-2),#28);
#2641=PRESENTATION_STYLE_ASSIGNMENT((#2640));
#2642=STYLED_ITEM('',(#2641),#2639);
#2643=CARTESIAN_POINT('',(1.719E0,0.E0,9.99E-1));
#2644=DIRECTION('',(0.E0,-1.E0,0.E0));
#2645=DIRECTION('',(-1.E0,0.E0,0.E0));
#2646=AXIS2_PLACEMENT_3D('',#2643,#2644,#2645);
#2648=CURVE_STYLE('',#35,POSITIVE_LENGTH_MEASURE(2.E-2),#28);
#2649=PRESENTATION_STYLE_ASSIGNMENT((#2648));
#2650=STYLED_ITEM('',(#2649),#2647);
#2651=DIRECTION('',(0.E0,0.E0,-1.E0));
#2652=VECTOR('',#2651,2.E-3);
#2653=CARTESIAN_POINT('',(1.6E0,0.E0,1.001E0));
#2654=LINE('',#2653,#2652);
#2655=CURVE_STYLE('',#35,POSITIVE_LENGTH_MEASURE(2.E-2),#28);
#2656=PRESENTATION_STYLE_ASSIGNMENT((#2655));
#2657=STYLED_ITEM('',(#2656),#2654);
#2658=CARTESIAN_POINT('',(1.719E0,0.E0,1.001E0));
#2659=DIRECTION('',(0.E0,-1.E0,0.E0));
#2660=DIRECTION('',(0.E0,0.E0,1.E0));
#2661=AXIS2_PLACEMENT_3D('',#2658,#2659,#2660);
#2663=CURVE_STYLE('',#35,POSITIVE_LENGTH_MEASURE(2.E-2),#28);
#2664=PRESENTATION_STYLE_ASSIGNMENT((#2663));
#2665=STYLED_ITEM('',(#2664),#2662);
#2666=DIRECTION('',(-1.E0,0.E0,0.E0));
#2667=VECTOR('',#2666,2.81E-1);
#2668=CARTESIAN_POINT('',(2.E0,0.E0,1.12E0));
#2669=LINE('',#2668,#2667);
#2670=CURVE_STYLE('',#35,POSITIVE_LENGTH_MEASURE(2.E-2),#28);
#2671=PRESENTATION_STYLE_ASSIGNMENT((#2670));
#2672=STYLED_ITEM('',(#2671),#2669);
#2673=DIRECTION('',(0.E0,1.E0,0.E0));
#2674=VECTOR('',#2673,2.E-1);
#2675=CARTESIAN_POINT('',(2.E0,0.E0,1.12E0));
#2676=LINE('',#2675,#2674);
#2677=CURVE_STYLE('',#35,POSITIVE_LENGTH_MEASURE(2.E-2),#28);
#2678=PRESENTATION_STYLE_ASSIGNMENT((#2677));
#2679=STYLED_ITEM('',(#2678),#2676);
#2680=DIRECTION('',(0.E0,1.E0,0.E0));
#2681=VECTOR('',#2680,2.E-1);
#2682=CARTESIAN_POINT('',(1.719E0,0.E0,1.12E0));
#2683=LINE('',#2682,#2681);
#2684=CURVE_STYLE('',#35,POSITIVE_LENGTH_MEASURE(2.E-2),#28);
#2685=PRESENTATION_STYLE_ASSIGNMENT((#2684));
#2686=STYLED_ITEM('',(#2685),#2683);
#2687=DIRECTION('',(0.E0,1.E0,0.E0));
#2688=VECTOR('',#2687,2.E-1);
#2689=CARTESIAN_POINT('',(1.6E0,0.E0,1.001E0));
#2690=LINE('',#2689,#2688);
#2691=CURVE_STYLE('',#35,POSITIVE_LENGTH_MEASURE(2.E-2),#28);
#2692=PRESENTATION_STYLE_ASSIGNMENT((#2691));
#2693=STYLED_ITEM('',(#2692),#2690);
#2694=DIRECTION('',(0.E0,1.E0,0.E0));
#2695=VECTOR('',#2694,2.E-1);
#2696=CARTESIAN_POINT('',(1.6E0,0.E0,9.99E-1));
#2697=LINE('',#2696,#2695);
#2698=CURVE_STYLE('',#35,POSITIVE_LENGTH_MEASURE(2.E-2),#28);
#2699=PRESENTATION_STYLE_ASSIGNMENT((#2698));
#2700=STYLED_ITEM('',(#2699),#2697);
#2701=DIRECTION('',(0.E0,1.E0,0.E0));
#2702=VECTOR('',#2701,2.E-1);
#2703=CARTESIAN_POINT('',(2.E0,0.E0,8.8E-1));
#2704=LINE('',#2703,#2702);
#2705=CURVE_STYLE('',#35,POSITIVE_LENGTH_MEASURE(2.E-2),#28);
#2706=PRESENTATION_STYLE_ASSIGNMENT((#2705));
#2707=STYLED_ITEM('',(#2706),#2704);
#2708=DIRECTION('',(0.E0,1.E0,0.E0));
#2709=VECTOR('',#2708,2.E-1);
#2710=CARTESIAN_POINT('',(1.719E0,0.E0,8.8E-1));
#2711=LINE('',#2710,#2709);
#2712=CURVE_STYLE('',#35,POSITIVE_LENGTH_MEASURE(2.E-2),#28);
#2713=PRESENTATION_STYLE_ASSIGNMENT((#2712));
#2714=STYLED_ITEM('',(#2713),#2711);
#2715=DIRECTION('',(0.E0,0.E0,-1.E0));
#2716=VECTOR('',#2715,2.4E-1);
#2717=CARTESIAN_POINT('',(2.E0,2.E-1,1.12E0));
#2718=LINE('',#2717,#2716);
#2719=CURVE_STYLE('',#35,POSITIVE_LENGTH_MEASURE(2.E-2),#28);
#2720=PRESENTATION_STYLE_ASSIGNMENT((#2719));
#2721=STYLED_ITEM('',(#2720),#2718);
#2722=DIRECTION('',(-1.E0,0.E0,0.E0));
#2723=VECTOR('',#2722,2.81E-1);
#2724=CARTESIAN_POINT('',(2.E0,2.E-1,1.12E0));
#2725=LINE('',#2724,#2723);
#2726=CURVE_STYLE('',#35,POSITIVE_LENGTH_MEASURE(2.E-2),#28);
#2727=PRESENTATION_STYLE_ASSIGNMENT((#2726));
#2728=STYLED_ITEM('',(#2727),#2725);
#2729=CARTESIAN_POINT('',(1.719E0,2.E-1,1.001E0));
#2730=DIRECTION('',(0.E0,-1.E0,0.E0));
#2731=DIRECTION('',(0.E0,0.E0,1.E0));
#2732=AXIS2_PLACEMENT_3D('',#2729,#2730,#2731);
#2734=CURVE_STYLE('',#35,POSITIVE_LENGTH_MEASURE(2.E-2),#28);
#2735=PRESENTATION_STYLE_ASSIGNMENT((#2734));
#2736=STYLED_ITEM('',(#2735),#2733);
#2737=DIRECTION('',(1.110223024625E-13,0.E0,-1.E0));
#2738=VECTOR('',#2737,2.E-3);
#2739=CARTESIAN_POINT('',(1.6E0,2.E-1,1.001E0));
#2740=LINE('',#2739,#2738);
#2741=CURVE_STYLE('',#35,POSITIVE_LENGTH_MEASURE(2.E-2),#28);
#2742=PRESENTATION_STYLE_ASSIGNMENT((#2741));
#2743=STYLED_ITEM('',(#2742),#2740);
#2744=CARTESIAN_POINT('',(1.719E0,2.E-1,9.99E-1));
#2745=DIRECTION('',(0.E0,-1.E0,0.E0));
#2746=DIRECTION('',(-1.E0,0.E0,0.E0));
#2747=AXIS2_PLACEMENT_3D('',#2744,#2745,#2746);
#2749=CURVE_STYLE('',#35,POSITIVE_LENGTH_MEASURE(2.E-2),#28);
#2750=PRESENTATION_STYLE_ASSIGNMENT((#2749));
#2751=STYLED_ITEM('',(#2750),#2748);
#2752=DIRECTION('',(1.E0,0.E0,0.E0));
#2753=VECTOR('',#2752,2.81E-1);
#2754=CARTESIAN_POINT('',(1.719E0,2.E-1,8.8E-1));
#2755=LINE('',#2754,#2753);
#2756=CURVE_STYLE('',#35,POSITIVE_LENGTH_MEASURE(2.E-2),#28);
#2757=PRESENTATION_STYLE_ASSIGNMENT((#2756));
#2758=STYLED_ITEM('',(#2757),#2755);
#2759=CARTESIAN_POINT('',(1.719E0,0.E0,1.12E0));
#2760=CARTESIAN_POINT('',(1.6E0,0.E0,1.001E0));
#2761=VERTEX_POINT('',#2759);
#2762=VERTEX_POINT('',#2760);
#2763=CARTESIAN_POINT('',(1.6E0,0.E0,9.99E-1));
#2764=VERTEX_POINT('',#2763);
#2765=CARTESIAN_POINT('',(1.719E0,0.E0,8.8E-1));
#2766=VERTEX_POINT('',#2765);
#2767=CARTESIAN_POINT('',(1.719E0,2.E-1,1.12E0));
#2768=CARTESIAN_POINT('',(1.6E0,2.E-1,1.001E0));
#2769=VERTEX_POINT('',#2767);
#2770=VERTEX_POINT('',#2768);
#2771=CARTESIAN_POINT('',(1.6E0,2.E-1,9.99E-1));
#2772=VERTEX_POINT('',#2771);
#2773=CARTESIAN_POINT('',(1.719E0,2.E-1,8.8E-1));
#2774=VERTEX_POINT('',#2773);
#2775=CARTESIAN_POINT('',(2.E0,0.E0,1.12E0));
#2776=CARTESIAN_POINT('',(2.E0,0.E0,8.8E-1));
#2777=VERTEX_POINT('',#2775);
#2778=VERTEX_POINT('',#2776);
#2779=CARTESIAN_POINT('',(2.E0,2.E-1,1.12E0));
#2780=CARTESIAN_POINT('',(2.E0,2.E-1,8.8E-1));
#2781=VERTEX_POINT('',#2779);
#2782=VERTEX_POINT('',#2780);
#2783=CARTESIAN_POINT('',(0.E0,0.E0,0.E0));
#2784=DIRECTION('',(0.E0,-1.E0,0.E0));
#2785=DIRECTION('',(-1.E0,0.E0,0.E0));
#2786=AXIS2_PLACEMENT_3D('',#2783,#2784,#2785);
#2787=PLANE('',#2786);
#2789=ORIENTED_EDGE('',*,*,#2788,.T.);
#2791=ORIENTED_EDGE('',*,*,#2790,.F.);
#2793=ORIENTED_EDGE('',*,*,#2792,.F.);
#2795=ORIENTED_EDGE('',*,*,#2794,.F.);
#2797=ORIENTED_EDGE('',*,*,#2796,.F.);
#2799=ORIENTED_EDGE('',*,*,#2798,.F.);
#2800=EDGE_LOOP('',(#2789,#2791,#2793,#2795,#2797,#2799));
#2801=FACE_OUTER_BOUND('',#2800,.F.);
#2803=CARTESIAN_POINT('',(2.E0,0.E0,-2.E0));
#2804=DIRECTION('',(-1.E0,0.E0,0.E0));
#2805=DIRECTION('',(0.E0,0.E0,1.E0));
#2806=AXIS2_PLACEMENT_3D('',#2803,#2804,#2805);
#2807=PLANE('',#2806);
#2808=ORIENTED_EDGE('',*,*,#2788,.F.);
#2810=ORIENTED_EDGE('',*,*,#2809,.T.);
#2812=ORIENTED_EDGE('',*,*,#2811,.T.);
#2814=ORIENTED_EDGE('',*,*,#2813,.F.);
#2815=EDGE_LOOP('',(#2808,#2810,#2812,#2814));
#2816=FACE_OUTER_BOUND('',#2815,.F.);
#2818=FILL_AREA_STYLE_COLOUR('',#29);
#2819=FILL_AREA_STYLE('',(#2818));
#2820=SURFACE_STYLE_FILL_AREA(#2819);
#2821=SURFACE_SIDE_STYLE('',(#2820));
#2822=SURFACE_STYLE_USAGE(.POSITIVE.,#2821);
#2823=PRESENTATION_STYLE_ASSIGNMENT((#2822));
#2824=OVER_RIDING_STYLED_ITEM('',(#2823),#2817,#2628);
#2825=CARTESIAN_POINT('',(2.1E0,0.E0,1.12E0));
#2826=DIRECTION('',(0.E0,0.E0,-1.E0));
#2827=DIRECTION('',(-1.E0,0.E0,0.E0));
#2828=AXIS2_PLACEMENT_3D('',#2825,#2826,#2827);
#2829=PLANE('',#2828);
#2830=ORIENTED_EDGE('',*,*,#2809,.F.);
#2831=ORIENTED_EDGE('',*,*,#2798,.T.);
#2833=ORIENTED_EDGE('',*,*,#2832,.T.);
#2835=ORIENTED_EDGE('',*,*,#2834,.F.);
#2836=EDGE_LOOP('',(#2830,#2831,#2833,#2835));
#2837=FACE_OUTER_BOUND('',#2836,.F.);
#2839=CARTESIAN_POINT('',(1.719E0,0.E0,1.001E0));
#2840=DIRECTION('',(0.E0,-1.E0,0.E0));
#2841=DIRECTION('',(-1.E0,0.E0,0.E0));
#2842=AXIS2_PLACEMENT_3D('',#2839,#2840,#2841);
#2843=CYLINDRICAL_SURFACE('',#2842,1.19E-1);
#2844=ORIENTED_EDGE('',*,*,#2796,.T.);
#2846=ORIENTED_EDGE('',*,*,#2845,.T.);
#2848=ORIENTED_EDGE('',*,*,#2847,.F.);
#2849=ORIENTED_EDGE('',*,*,#2832,.F.);
#2850=EDGE_LOOP('',(#2844,#2846,#2848,#2849));
#2851=FACE_OUTER_BOUND('',#2850,.F.);
#2853=CARTESIAN_POINT('',(1.6E0,0.E0,1.001E0));
#2854=DIRECTION('',(1.E0,0.E0,0.E0));
#2855=DIRECTION('',(0.E0,0.E0,-1.E0));
#2856=AXIS2_PLACEMENT_3D('',#2853,#2854,#2855);
#2857=PLANE('',#2856);
#2858=ORIENTED_EDGE('',*,*,#2794,.T.);
#2860=ORIENTED_EDGE('',*,*,#2859,.T.);
#2862=ORIENTED_EDGE('',*,*,#2861,.F.);
#2863=ORIENTED_EDGE('',*,*,#2845,.F.);
#2864=EDGE_LOOP('',(#2858,#2860,#2862,#2863));
#2865=FACE_OUTER_BOUND('',#2864,.F.);
#2867=CARTESIAN_POINT('',(1.719E0,0.E0,9.99E-1));
#2868=DIRECTION('',(0.E0,-1.E0,0.E0));
#2869=DIRECTION('',(-1.E0,0.E0,0.E0));
#2870=AXIS2_PLACEMENT_3D('',#2867,#2868,#2869);
#2871=CYLINDRICAL_SURFACE('',#2870,1.19E-1);
#2872=ORIENTED_EDGE('',*,*,#2792,.T.);
#2874=ORIENTED_EDGE('',*,*,#2873,.T.);
#2876=ORIENTED_EDGE('',*,*,#2875,.F.);
#2877=ORIENTED_EDGE('',*,*,#2859,.F.);
#2878=EDGE_LOOP('',(#2872,#2874,#2876,#2877));
#2879=FACE_OUTER_BOUND('',#2878,.F.);
#2881=CARTESIAN_POINT('',(1.719E0,0.E0,8.8E-1));
#2882=DIRECTION('',(0.E0,0.E0,1.E0));
#2883=DIRECTION('',(1.E0,0.E0,0.E0));
#2884=AXIS2_PLACEMENT_3D('',#2881,#2882,#2883);
#2885=PLANE('',#2884);
#2886=ORIENTED_EDGE('',*,*,#2813,.T.);
#2888=ORIENTED_EDGE('',*,*,#2887,.F.);
#2889=ORIENTED_EDGE('',*,*,#2873,.F.);
#2890=ORIENTED_EDGE('',*,*,#2790,.T.);
#2891=EDGE_LOOP('',(#2886,#2888,#2889,#2890));
#2892=FACE_OUTER_BOUND('',#2891,.F.);
#2894=CARTESIAN_POINT('',(0.E0,2.E-1,0.E0));
#2895=DIRECTION('',(0.E0,-1.E0,0.E0));
#2896=DIRECTION('',(-1.E0,0.E0,0.E0));
#2897=AXIS2_PLACEMENT_3D('',#2894,#2895,#2896);
#2898=PLANE('',#2897);
#2899=ORIENTED_EDGE('',*,*,#2811,.F.);
#2900=ORIENTED_EDGE('',*,*,#2834,.T.);
#2901=ORIENTED_EDGE('',*,*,#2847,.T.);
#2902=ORIENTED_EDGE('',*,*,#2861,.T.);
#2903=ORIENTED_EDGE('',*,*,#2875,.T.);
#2904=ORIENTED_EDGE('',*,*,#2887,.T.);
#2905=EDGE_LOOP('',(#2899,#2900,#2901,#2902,#2903,#2904));
#2906=FACE_OUTER_BOUND('',#2905,.F.);
#2908=CLOSED_SHELL('',(#2802,#2817,#2838,#2852,#2866,#2880,#2893,#2907));
#2909=MANIFOLD_SOLID_BREP('',#2908);
#2910=FILL_AREA_STYLE_COLOUR('',#28);
#2911=FILL_AREA_STYLE('',(#2910));
#2912=SURFACE_STYLE_FILL_AREA(#2911);
#2913=SURFACE_SIDE_STYLE('',(#2912));
#2914=SURFACE_STYLE_USAGE(.POSITIVE.,#2913);
#2915=PRESENTATION_STYLE_ASSIGNMENT((#2914));
#2628=STYLED_ITEM('',(#2915),#2909);
#2917=DIRECTION('',(1.E0,0.E0,0.E0));
#2918=VECTOR('',#2917,2.4E-1);
#2919=CARTESIAN_POINT('',(-1.12E0,0.E0,-2.E0));
#2920=LINE('',#2919,#2918);
#2921=CURVE_STYLE('',#35,POSITIVE_LENGTH_MEASURE(2.E-2),#28);
#2922=PRESENTATION_STYLE_ASSIGNMENT((#2921));
#2923=STYLED_ITEM('',(#2922),#2920);
#2924=DIRECTION('',(0.E0,0.E0,1.E0));
#2925=VECTOR('',#2924,2.81E-1);
#2926=CARTESIAN_POINT('',(-1.12E0,0.E0,-2.E0));
#2927=LINE('',#2926,#2925);
#2928=CURVE_STYLE('',#35,POSITIVE_LENGTH_MEASURE(2.E-2),#28);
#2929=PRESENTATION_STYLE_ASSIGNMENT((#2928));
#2930=STYLED_ITEM('',(#2929),#2927);
#2931=CARTESIAN_POINT('',(-1.001E0,0.E0,-1.719E0));
#2932=DIRECTION('',(0.E0,1.E0,0.E0));
#2933=DIRECTION('',(-1.E0,0.E0,0.E0));
#2934=AXIS2_PLACEMENT_3D('',#2931,#2932,#2933);
#2936=CURVE_STYLE('',#35,POSITIVE_LENGTH_MEASURE(2.E-2),#28);
#2937=PRESENTATION_STYLE_ASSIGNMENT((#2936));
#2938=STYLED_ITEM('',(#2937),#2935);
#2939=DIRECTION('',(1.E0,0.E0,-1.110223024625E-13));
#2940=VECTOR('',#2939,2.E-3);
#2941=CARTESIAN_POINT('',(-1.001E0,0.E0,-1.6E0));
#2942=LINE('',#2941,#2940);
#2943=CURVE_STYLE('',#35,POSITIVE_LENGTH_MEASURE(2.E-2),#28);
#2944=PRESENTATION_STYLE_ASSIGNMENT((#2943));
#2945=STYLED_ITEM('',(#2944),#2942);
#2946=CARTESIAN_POINT('',(-9.99E-1,0.E0,-1.719E0));
#2947=DIRECTION('',(0.E0,1.E0,0.E0));
#2948=DIRECTION('',(0.E0,0.E0,1.E0));
#2949=AXIS2_PLACEMENT_3D('',#2946,#2947,#2948);
#2951=CURVE_STYLE('',#35,POSITIVE_LENGTH_MEASURE(2.E-2),#28);
#2952=PRESENTATION_STYLE_ASSIGNMENT((#2951));
#2953=STYLED_ITEM('',(#2952),#2950);
#2954=DIRECTION('',(0.E0,0.E0,-1.E0));
#2955=VECTOR('',#2954,2.81E-1);
#2956=CARTESIAN_POINT('',(-8.8E-1,0.E0,-1.719E0));
#2957=LINE('',#2956,#2955);
#2958=CURVE_STYLE('',#35,POSITIVE_LENGTH_MEASURE(2.E-2),#28);
#2959=PRESENTATION_STYLE_ASSIGNMENT((#2958));
#2960=STYLED_ITEM('',(#2959),#2957);
#2961=DIRECTION('',(0.E0,1.E0,0.E0));
#2962=VECTOR('',#2961,2.E-1);
#2963=CARTESIAN_POINT('',(-8.8E-1,0.E0,-2.E0));
#2964=LINE('',#2963,#2962);
#2965=CURVE_STYLE('',#35,POSITIVE_LENGTH_MEASURE(2.E-2),#28);
#2966=PRESENTATION_STYLE_ASSIGNMENT((#2965));
#2967=STYLED_ITEM('',(#2966),#2964);
#2968=DIRECTION('',(0.E0,1.E0,0.E0));
#2969=VECTOR('',#2968,2.E-1);
#2970=CARTESIAN_POINT('',(-8.8E-1,0.E0,-1.719E0));
#2971=LINE('',#2970,#2969);
#2972=CURVE_STYLE('',#35,POSITIVE_LENGTH_MEASURE(2.E-2),#28);
#2973=PRESENTATION_STYLE_ASSIGNMENT((#2972));
#2974=STYLED_ITEM('',(#2973),#2971);
#2975=DIRECTION('',(0.E0,1.E0,0.E0));
#2976=VECTOR('',#2975,2.E-1);
#2977=CARTESIAN_POINT('',(-9.99E-1,0.E0,-1.6E0));
#2978=LINE('',#2977,#2976);
#2979=CURVE_STYLE('',#35,POSITIVE_LENGTH_MEASURE(2.E-2),#28);
#2980=PRESENTATION_STYLE_ASSIGNMENT((#2979));
#2981=STYLED_ITEM('',(#2980),#2978);
#2982=DIRECTION('',(0.E0,1.E0,0.E0));
#2983=VECTOR('',#2982,2.E-1);
#2984=CARTESIAN_POINT('',(-1.001E0,0.E0,-1.6E0));
#2985=LINE('',#2984,#2983);
#2986=CURVE_STYLE('',#35,POSITIVE_LENGTH_MEASURE(2.E-2),#28);
#2987=PRESENTATION_STYLE_ASSIGNMENT((#2986));
#2988=STYLED_ITEM('',(#2987),#2985);
#2989=DIRECTION('',(0.E0,1.E0,0.E0));
#2990=VECTOR('',#2989,2.E-1);
#2991=CARTESIAN_POINT('',(-1.12E0,0.E0,-1.719E0));
#2992=LINE('',#2991,#2990);
#2993=CURVE_STYLE('',#35,POSITIVE_LENGTH_MEASURE(2.E-2),#28);
#2994=PRESENTATION_STYLE_ASSIGNMENT((#2993));
#2995=STYLED_ITEM('',(#2994),#2992);
#2996=DIRECTION('',(0.E0,1.E0,0.E0));
#2997=VECTOR('',#2996,2.E-1);
#2998=CARTESIAN_POINT('',(-1.12E0,0.E0,-2.E0));
#2999=LINE('',#2998,#2997);
#3000=CURVE_STYLE('',#35,POSITIVE_LENGTH_MEASURE(2.E-2),#28);
#3001=PRESENTATION_STYLE_ASSIGNMENT((#3000));
#3002=STYLED_ITEM('',(#3001),#2999);
#3003=DIRECTION('',(1.E0,0.E0,0.E0));
#3004=VECTOR('',#3003,2.4E-1);
#3005=CARTESIAN_POINT('',(-1.12E0,2.E-1,-2.E0));
#3006=LINE('',#3005,#3004);
#3007=CURVE_STYLE('',#35,POSITIVE_LENGTH_MEASURE(2.E-2),#28);
#3008=PRESENTATION_STYLE_ASSIGNMENT((#3007));
#3009=STYLED_ITEM('',(#3008),#3006);
#3010=DIRECTION('',(0.E0,0.E0,-1.E0));
#3011=VECTOR('',#3010,2.81E-1);
#3012=CARTESIAN_POINT('',(-8.8E-1,2.E-1,-1.719E0));
#3013=LINE('',#3012,#3011);
#3014=CURVE_STYLE('',#35,POSITIVE_LENGTH_MEASURE(2.E-2),#28);
#3015=PRESENTATION_STYLE_ASSIGNMENT((#3014));
#3016=STYLED_ITEM('',(#3015),#3013);
#3017=CARTESIAN_POINT('',(-9.99E-1,2.E-1,-1.719E0));
#3018=DIRECTION('',(0.E0,1.E0,0.E0));
#3019=DIRECTION('',(0.E0,0.E0,1.E0));
#3020=AXIS2_PLACEMENT_3D('',#3017,#3018,#3019);
#3022=CURVE_STYLE('',#35,POSITIVE_LENGTH_MEASURE(2.E-2),#28);
#3023=PRESENTATION_STYLE_ASSIGNMENT((#3022));
#3024=STYLED_ITEM('',(#3023),#3021);
#3025=DIRECTION('',(1.E0,0.E0,0.E0));
#3026=VECTOR('',#3025,2.E-3);
#3027=CARTESIAN_POINT('',(-1.001E0,2.E-1,-1.6E0));
#3028=LINE('',#3027,#3026);
#3029=CURVE_STYLE('',#35,POSITIVE_LENGTH_MEASURE(2.E-2),#28);
#3030=PRESENTATION_STYLE_ASSIGNMENT((#3029));
#3031=STYLED_ITEM('',(#3030),#3028);
#3032=CARTESIAN_POINT('',(-1.001E0,2.E-1,-1.719E0));
#3033=DIRECTION('',(0.E0,1.E0,0.E0));
#3034=DIRECTION('',(-1.E0,0.E0,0.E0));
#3035=AXIS2_PLACEMENT_3D('',#3032,#3033,#3034);
#3037=CURVE_STYLE('',#35,POSITIVE_LENGTH_MEASURE(2.E-2),#28);
#3038=PRESENTATION_STYLE_ASSIGNMENT((#3037));
#3039=STYLED_ITEM('',(#3038),#3036);
#3040=DIRECTION('',(0.E0,0.E0,1.E0));
#3041=VECTOR('',#3040,2.81E-1);
#3042=CARTESIAN_POINT('',(-1.12E0,2.E-1,-2.E0));
#3043=LINE('',#3042,#3041);
#3044=CURVE_STYLE('',#35,POSITIVE_LENGTH_MEASURE(2.E-2),#28);
#3045=PRESENTATION_STYLE_ASSIGNMENT((#3044));
#3046=STYLED_ITEM('',(#3045),#3043);
#3047=CARTESIAN_POINT('',(-1.12E0,0.E0,-1.719E0));
#3048=CARTESIAN_POINT('',(-1.001E0,0.E0,-1.6E0));
#3049=VERTEX_POINT('',#3047);
#3050=VERTEX_POINT('',#3048);
#3051=CARTESIAN_POINT('',(-9.99E-1,0.E0,-1.6E0));
#3052=VERTEX_POINT('',#3051);
#3053=CARTESIAN_POINT('',(-8.8E-1,0.E0,-1.719E0));
#3054=VERTEX_POINT('',#3053);
#3055=CARTESIAN_POINT('',(-1.12E0,2.E-1,-1.719E0));
#3056=CARTESIAN_POINT('',(-1.001E0,2.E-1,-1.6E0));
#3057=VERTEX_POINT('',#3055);
#3058=VERTEX_POINT('',#3056);
#3059=CARTESIAN_POINT('',(-9.99E-1,2.E-1,-1.6E0));
#3060=VERTEX_POINT('',#3059);
#3061=CARTESIAN_POINT('',(-8.8E-1,2.E-1,-1.719E0));
#3062=VERTEX_POINT('',#3061);
#3063=CARTESIAN_POINT('',(-1.12E0,0.E0,-2.E0));
#3064=CARTESIAN_POINT('',(-8.8E-1,0.E0,-2.E0));
#3065=VERTEX_POINT('',#3063);
#3066=VERTEX_POINT('',#3064);
#3067=CARTESIAN_POINT('',(-1.12E0,2.E-1,-2.E0));
#3068=VERTEX_POINT('',#3067);
#3069=CARTESIAN_POINT('',(-8.8E-1,2.E-1,-2.E0));
#3070=VERTEX_POINT('',#3069);
#3071=CARTESIAN_POINT('',(0.E0,0.E0,0.E0));
#3072=DIRECTION('',(0.E0,1.E0,0.E0));
#3073=DIRECTION('',(1.E0,0.E0,0.E0));
#3074=AXIS2_PLACEMENT_3D('',#3071,#3072,#3073);
#3075=PLANE('',#3074);
#3077=ORIENTED_EDGE('',*,*,#3076,.F.);
#3079=ORIENTED_EDGE('',*,*,#3078,.T.);
#3081=ORIENTED_EDGE('',*,*,#3080,.T.);
#3083=ORIENTED_EDGE('',*,*,#3082,.T.);
#3085=ORIENTED_EDGE('',*,*,#3084,.T.);
#3087=ORIENTED_EDGE('',*,*,#3086,.T.);
#3088=EDGE_LOOP('',(#3077,#3079,#3081,#3083,#3085,#3087));
#3089=FACE_OUTER_BOUND('',#3088,.F.);
#3091=CARTESIAN_POINT('',(-2.E0,0.E0,-2.E0));
#3092=DIRECTION('',(0.E0,0.E0,1.E0));
#3093=DIRECTION('',(1.E0,0.E0,0.E0));
#3094=AXIS2_PLACEMENT_3D('',#3091,#3092,#3093);
#3095=PLANE('',#3094);
#3096=ORIENTED_EDGE('',*,*,#3076,.T.);
#3098=ORIENTED_EDGE('',*,*,#3097,.T.);
#3100=ORIENTED_EDGE('',*,*,#3099,.F.);
#3102=ORIENTED_EDGE('',*,*,#3101,.F.);
#3103=EDGE_LOOP('',(#3096,#3098,#3100,#3102));
#3104=FACE_OUTER_BOUND('',#3103,.F.);
#3106=FILL_AREA_STYLE_COLOUR('',#29);
#3107=FILL_AREA_STYLE('',(#3106));
#3108=SURFACE_STYLE_FILL_AREA(#3107);
#3109=SURFACE_SIDE_STYLE('',(#3108));
#3110=SURFACE_STYLE_USAGE(.POSITIVE.,#3109);
#3111=PRESENTATION_STYLE_ASSIGNMENT((#3110));
#3112=OVER_RIDING_STYLED_ITEM('',(#3111),#3105,#2916);
#3113=CARTESIAN_POINT('',(-8.8E-1,0.E0,-1.719E0));
#3114=DIRECTION('',(1.E0,0.E0,0.E0));
#3115=DIRECTION('',(0.E0,0.E0,-1.E0));
#3116=AXIS2_PLACEMENT_3D('',#3113,#3114,#3115);
#3117=PLANE('',#3116);
#3118=ORIENTED_EDGE('',*,*,#3097,.F.);
#3119=ORIENTED_EDGE('',*,*,#3086,.F.);
#3121=ORIENTED_EDGE('',*,*,#3120,.T.);
#3123=ORIENTED_EDGE('',*,*,#3122,.T.);
#3124=EDGE_LOOP('',(#3118,#3119,#3121,#3123));
#3125=FACE_OUTER_BOUND('',#3124,.F.);
#3127=CARTESIAN_POINT('',(-9.99E-1,0.E0,-1.719E0));
#3128=DIRECTION('',(0.E0,1.E0,0.E0));
#3129=DIRECTION('',(1.E0,0.E0,0.E0));
#3130=AXIS2_PLACEMENT_3D('',#3127,#3128,#3129);
#3131=CYLINDRICAL_SURFACE('',#3130,1.19E-1);
#3132=ORIENTED_EDGE('',*,*,#3084,.F.);
#3134=ORIENTED_EDGE('',*,*,#3133,.T.);
#3136=ORIENTED_EDGE('',*,*,#3135,.T.);
#3137=ORIENTED_EDGE('',*,*,#3120,.F.);
#3138=EDGE_LOOP('',(#3132,#3134,#3136,#3137));
#3139=FACE_OUTER_BOUND('',#3138,.F.);
#3141=CARTESIAN_POINT('',(-1.001E0,0.E0,-1.6E0));
#3142=DIRECTION('',(0.E0,0.E0,1.E0));
#3143=DIRECTION('',(1.E0,0.E0,0.E0));
#3144=AXIS2_PLACEMENT_3D('',#3141,#3142,#3143);
#3145=PLANE('',#3144);
#3146=ORIENTED_EDGE('',*,*,#3082,.F.);
#3148=ORIENTED_EDGE('',*,*,#3147,.T.);
#3150=ORIENTED_EDGE('',*,*,#3149,.T.);
#3151=ORIENTED_EDGE('',*,*,#3133,.F.);
#3152=EDGE_LOOP('',(#3146,#3148,#3150,#3151));
#3153=FACE_OUTER_BOUND('',#3152,.F.);
#3155=CARTESIAN_POINT('',(-1.001E0,0.E0,-1.719E0));
#3156=DIRECTION('',(0.E0,1.E0,0.E0));
#3157=DIRECTION('',(1.E0,0.E0,0.E0));
#3158=AXIS2_PLACEMENT_3D('',#3155,#3156,#3157);
#3159=CYLINDRICAL_SURFACE('',#3158,1.19E-1);
#3160=ORIENTED_EDGE('',*,*,#3080,.F.);
#3162=ORIENTED_EDGE('',*,*,#3161,.T.);
#3164=ORIENTED_EDGE('',*,*,#3163,.T.);
#3165=ORIENTED_EDGE('',*,*,#3147,.F.);
#3166=EDGE_LOOP('',(#3160,#3162,#3164,#3165));
#3167=FACE_OUTER_BOUND('',#3166,.F.);
#3169=CARTESIAN_POINT('',(-1.12E0,0.E0,-2.1E0));
#3170=DIRECTION('',(-1.E0,0.E0,0.E0));
#3171=DIRECTION('',(0.E0,0.E0,1.E0));
#3172=AXIS2_PLACEMENT_3D('',#3169,#3170,#3171);
#3173=PLANE('',#3172);
#3174=ORIENTED_EDGE('',*,*,#3101,.T.);
#3176=ORIENTED_EDGE('',*,*,#3175,.T.);
#3177=ORIENTED_EDGE('',*,*,#3161,.F.);
#3178=ORIENTED_EDGE('',*,*,#3078,.F.);
#3179=EDGE_LOOP('',(#3174,#3176,#3177,#3178));
#3180=FACE_OUTER_BOUND('',#3179,.F.);
#3182=CARTESIAN_POINT('',(0.E0,2.E-1,0.E0));
#3183=DIRECTION('',(0.E0,1.E0,0.E0));
#3184=DIRECTION('',(1.E0,0.E0,0.E0));
#3185=AXIS2_PLACEMENT_3D('',#3182,#3183,#3184);
#3186=PLANE('',#3185);
#3187=ORIENTED_EDGE('',*,*,#3099,.T.);
#3188=ORIENTED_EDGE('',*,*,#3122,.F.);
#3189=ORIENTED_EDGE('',*,*,#3135,.F.);
#3190=ORIENTED_EDGE('',*,*,#3149,.F.);
#3191=ORIENTED_EDGE('',*,*,#3163,.F.);
#3192=ORIENTED_EDGE('',*,*,#3175,.F.);
#3193=EDGE_LOOP('',(#3187,#3188,#3189,#3190,#3191,#3192));
#3194=FACE_OUTER_BOUND('',#3193,.F.);
#3196=CLOSED_SHELL('',(#3090,#3105,#3126,#3140,#3154,#3168,#3181,#3195));
#3197=MANIFOLD_SOLID_BREP('',#3196);
#3198=FILL_AREA_STYLE_COLOUR('',#28);
#3199=FILL_AREA_STYLE('',(#3198));
#3200=SURFACE_STYLE_FILL_AREA(#3199);
#3201=SURFACE_SIDE_STYLE('',(#3200));
#3202=SURFACE_STYLE_USAGE(.POSITIVE.,#3201);
#3203=PRESENTATION_STYLE_ASSIGNMENT((#3202));
#2916=STYLED_ITEM('',(#3203),#3197);
#3205=DIRECTION('',(1.E0,0.E0,0.E0));
#3206=VECTOR('',#3205,2.4E-1);
#3207=CARTESIAN_POINT('',(-6.2E-1,0.E0,-2.E0));
#3208=LINE('',#3207,#3206);
#3209=CURVE_STYLE('',#35,POSITIVE_LENGTH_MEASURE(2.E-2),#28);
#3210=PRESENTATION_STYLE_ASSIGNMENT((#3209));
#3211=STYLED_ITEM('',(#3210),#3208);
#3212=DIRECTION('',(0.E0,0.E0,1.E0));
#3213=VECTOR('',#3212,2.81E-1);
#3214=CARTESIAN_POINT('',(-6.2E-1,0.E0,-2.E0));
#3215=LINE('',#3214,#3213);
#3216=CURVE_STYLE('',#35,POSITIVE_LENGTH_MEASURE(2.E-2),#28);
#3217=PRESENTATION_STYLE_ASSIGNMENT((#3216));
#3218=STYLED_ITEM('',(#3217),#3215);
#3219=CARTESIAN_POINT('',(-5.01E-1,0.E0,-1.719E0));
#3220=DIRECTION('',(0.E0,1.E0,0.E0));
#3221=DIRECTION('',(-1.E0,0.E0,0.E0));
#3222=AXIS2_PLACEMENT_3D('',#3219,#3220,#3221);
#3224=CURVE_STYLE('',#35,POSITIVE_LENGTH_MEASURE(2.E-2),#28);
#3225=PRESENTATION_STYLE_ASSIGNMENT((#3224));
#3226=STYLED_ITEM('',(#3225),#3223);
#3227=DIRECTION('',(1.E0,0.E0,-1.110223024625E-13));
#3228=VECTOR('',#3227,2.E-3);
#3229=CARTESIAN_POINT('',(-5.01E-1,0.E0,-1.6E0));
#3230=LINE('',#3229,#3228);
#3231=CURVE_STYLE('',#35,POSITIVE_LENGTH_MEASURE(2.E-2),#28);
#3232=PRESENTATION_STYLE_ASSIGNMENT((#3231));
#3233=STYLED_ITEM('',(#3232),#3230);
#3234=CARTESIAN_POINT('',(-4.99E-1,0.E0,-1.719E0));
#3235=DIRECTION('',(0.E0,1.E0,0.E0));
#3236=DIRECTION('',(0.E0,0.E0,1.E0));
#3237=AXIS2_PLACEMENT_3D('',#3234,#3235,#3236);
#3239=CURVE_STYLE('',#35,POSITIVE_LENGTH_MEASURE(2.E-2),#28);
#3240=PRESENTATION_STYLE_ASSIGNMENT((#3239));
#3241=STYLED_ITEM('',(#3240),#3238);
#3242=DIRECTION('',(0.E0,0.E0,-1.E0));
#3243=VECTOR('',#3242,2.81E-1);
#3244=CARTESIAN_POINT('',(-3.8E-1,0.E0,-1.719E0));
#3245=LINE('',#3244,#3243);
#3246=CURVE_STYLE('',#35,POSITIVE_LENGTH_MEASURE(2.E-2),#28);
#3247=PRESENTATION_STYLE_ASSIGNMENT((#3246));
#3248=STYLED_ITEM('',(#3247),#3245);
#3249=DIRECTION('',(0.E0,1.E0,0.E0));
#3250=VECTOR('',#3249,2.E-1);
#3251=CARTESIAN_POINT('',(-3.8E-1,0.E0,-2.E0));
#3252=LINE('',#3251,#3250);
#3253=CURVE_STYLE('',#35,POSITIVE_LENGTH_MEASURE(2.E-2),#28);
#3254=PRESENTATION_STYLE_ASSIGNMENT((#3253));
#3255=STYLED_ITEM('',(#3254),#3252);
#3256=DIRECTION('',(0.E0,1.E0,0.E0));
#3257=VECTOR('',#3256,2.E-1);
#3258=CARTESIAN_POINT('',(-3.8E-1,0.E0,-1.719E0));
#3259=LINE('',#3258,#3257);
#3260=CURVE_STYLE('',#35,POSITIVE_LENGTH_MEASURE(2.E-2),#28);
#3261=PRESENTATION_STYLE_ASSIGNMENT((#3260));
#3262=STYLED_ITEM('',(#3261),#3259);
#3263=DIRECTION('',(0.E0,1.E0,0.E0));
#3264=VECTOR('',#3263,2.E-1);
#3265=CARTESIAN_POINT('',(-4.99E-1,0.E0,-1.6E0));
#3266=LINE('',#3265,#3264);
#3267=CURVE_STYLE('',#35,POSITIVE_LENGTH_MEASURE(2.E-2),#28);
#3268=PRESENTATION_STYLE_ASSIGNMENT((#3267));
#3269=STYLED_ITEM('',(#3268),#3266);
#3270=DIRECTION('',(0.E0,1.E0,0.E0));
#3271=VECTOR('',#3270,2.E-1);
#3272=CARTESIAN_POINT('',(-5.01E-1,0.E0,-1.6E0));
#3273=LINE('',#3272,#3271);
#3274=CURVE_STYLE('',#35,POSITIVE_LENGTH_MEASURE(2.E-2),#28);
#3275=PRESENTATION_STYLE_ASSIGNMENT((#3274));
#3276=STYLED_ITEM('',(#3275),#3273);
#3277=DIRECTION('',(0.E0,1.E0,0.E0));
#3278=VECTOR('',#3277,2.E-1);
#3279=CARTESIAN_POINT('',(-6.2E-1,0.E0,-1.719E0));
#3280=LINE('',#3279,#3278);
#3281=CURVE_STYLE('',#35,POSITIVE_LENGTH_MEASURE(2.E-2),#28);
#3282=PRESENTATION_STYLE_ASSIGNMENT((#3281));
#3283=STYLED_ITEM('',(#3282),#3280);
#3284=DIRECTION('',(0.E0,1.E0,0.E0));
#3285=VECTOR('',#3284,2.E-1);
#3286=CARTESIAN_POINT('',(-6.2E-1,0.E0,-2.E0));
#3287=LINE('',#3286,#3285);
#3288=CURVE_STYLE('',#35,POSITIVE_LENGTH_MEASURE(2.E-2),#28);
#3289=PRESENTATION_STYLE_ASSIGNMENT((#3288));
#3290=STYLED_ITEM('',(#3289),#3287);
#3291=DIRECTION('',(1.E0,0.E0,0.E0));
#3292=VECTOR('',#3291,2.4E-1);
#3293=CARTESIAN_POINT('',(-6.2E-1,2.E-1,-2.E0));
#3294=LINE('',#3293,#3292);
#3295=CURVE_STYLE('',#35,POSITIVE_LENGTH_MEASURE(2.E-2),#28);
#3296=PRESENTATION_STYLE_ASSIGNMENT((#3295));
#3297=STYLED_ITEM('',(#3296),#3294);
#3298=DIRECTION('',(0.E0,0.E0,-1.E0));
#3299=VECTOR('',#3298,2.81E-1);
#3300=CARTESIAN_POINT('',(-3.8E-1,2.E-1,-1.719E0));
#3301=LINE('',#3300,#3299);
#3302=CURVE_STYLE('',#35,POSITIVE_LENGTH_MEASURE(2.E-2),#28);
#3303=PRESENTATION_STYLE_ASSIGNMENT((#3302));
#3304=STYLED_ITEM('',(#3303),#3301);
#3305=CARTESIAN_POINT('',(-4.99E-1,2.E-1,-1.719E0));
#3306=DIRECTION('',(0.E0,1.E0,0.E0));
#3307=DIRECTION('',(0.E0,0.E0,1.E0));
#3308=AXIS2_PLACEMENT_3D('',#3305,#3306,#3307);
#3310=CURVE_STYLE('',#35,POSITIVE_LENGTH_MEASURE(2.E-2),#28);
#3311=PRESENTATION_STYLE_ASSIGNMENT((#3310));
#3312=STYLED_ITEM('',(#3311),#3309);
#3313=DIRECTION('',(1.E0,0.E0,0.E0));
#3314=VECTOR('',#3313,2.E-3);
#3315=CARTESIAN_POINT('',(-5.01E-1,2.E-1,-1.6E0));
#3316=LINE('',#3315,#3314);
#3317=CURVE_STYLE('',#35,POSITIVE_LENGTH_MEASURE(2.E-2),#28);
#3318=PRESENTATION_STYLE_ASSIGNMENT((#3317));
#3319=STYLED_ITEM('',(#3318),#3316);
#3320=CARTESIAN_POINT('',(-5.01E-1,2.E-1,-1.719E0));
#3321=DIRECTION('',(0.E0,1.E0,0.E0));
#3322=DIRECTION('',(-1.E0,0.E0,0.E0));
#3323=AXIS2_PLACEMENT_3D('',#3320,#3321,#3322);
#3325=CURVE_STYLE('',#35,POSITIVE_LENGTH_MEASURE(2.E-2),#28);
#3326=PRESENTATION_STYLE_ASSIGNMENT((#3325));
#3327=STYLED_ITEM('',(#3326),#3324);
#3328=DIRECTION('',(0.E0,0.E0,1.E0));
#3329=VECTOR('',#3328,2.81E-1);
#3330=CARTESIAN_POINT('',(-6.2E-1,2.E-1,-2.E0));
#3331=LINE('',#3330,#3329);
#3332=CURVE_STYLE('',#35,POSITIVE_LENGTH_MEASURE(2.E-2),#28);
#3333=PRESENTATION_STYLE_ASSIGNMENT((#3332));
#3334=STYLED_ITEM('',(#3333),#3331);
#3335=CARTESIAN_POINT('',(-6.2E-1,0.E0,-1.719E0));
#3336=CARTESIAN_POINT('',(-5.01E-1,0.E0,-1.6E0));
#3337=VERTEX_POINT('',#3335);
#3338=VERTEX_POINT('',#3336);
#3339=CARTESIAN_POINT('',(-4.99E-1,0.E0,-1.6E0));
#3340=VERTEX_POINT('',#3339);
#3341=CARTESIAN_POINT('',(-3.8E-1,0.E0,-1.719E0));
#3342=VERTEX_POINT('',#3341);
#3343=CARTESIAN_POINT('',(-6.2E-1,2.E-1,-1.719E0));
#3344=CARTESIAN_POINT('',(-5.01E-1,2.E-1,-1.6E0));
#3345=VERTEX_POINT('',#3343);
#3346=VERTEX_POINT('',#3344);
#3347=CARTESIAN_POINT('',(-4.99E-1,2.E-1,-1.6E0));
#3348=VERTEX_POINT('',#3347);
#3349=CARTESIAN_POINT('',(-3.8E-1,2.E-1,-1.719E0));
#3350=VERTEX_POINT('',#3349);
#3351=CARTESIAN_POINT('',(-6.2E-1,0.E0,-2.E0));
#3352=CARTESIAN_POINT('',(-3.8E-1,0.E0,-2.E0));
#3353=VERTEX_POINT('',#3351);
#3354=VERTEX_POINT('',#3352);
#3355=CARTESIAN_POINT('',(-6.2E-1,2.E-1,-2.E0));
#3356=VERTEX_POINT('',#3355);
#3357=CARTESIAN_POINT('',(-3.8E-1,2.E-1,-2.E0));
#3358=VERTEX_POINT('',#3357);
#3359=CARTESIAN_POINT('',(0.E0,0.E0,0.E0));
#3360=DIRECTION('',(0.E0,1.E0,0.E0));
#3361=DIRECTION('',(1.E0,0.E0,0.E0));
#3362=AXIS2_PLACEMENT_3D('',#3359,#3360,#3361);
#3363=PLANE('',#3362);
#3365=ORIENTED_EDGE('',*,*,#3364,.F.);
#3367=ORIENTED_EDGE('',*,*,#3366,.T.);
#3369=ORIENTED_EDGE('',*,*,#3368,.T.);
#3371=ORIENTED_EDGE('',*,*,#3370,.T.);
#3373=ORIENTED_EDGE('',*,*,#3372,.T.);
#3375=ORIENTED_EDGE('',*,*,#3374,.T.);
#3376=EDGE_LOOP('',(#3365,#3367,#3369,#3371,#3373,#3375));
#3377=FACE_OUTER_BOUND('',#3376,.F.);
#3379=CARTESIAN_POINT('',(-2.E0,0.E0,-2.E0));
#3380=DIRECTION('',(0.E0,0.E0,1.E0));
#3381=DIRECTION('',(1.E0,0.E0,0.E0));
#3382=AXIS2_PLACEMENT_3D('',#3379,#3380,#3381);
#3383=PLANE('',#3382);
#3384=ORIENTED_EDGE('',*,*,#3364,.T.);
#3386=ORIENTED_EDGE('',*,*,#3385,.T.);
#3388=ORIENTED_EDGE('',*,*,#3387,.F.);
#3390=ORIENTED_EDGE('',*,*,#3389,.F.);
#3391=EDGE_LOOP('',(#3384,#3386,#3388,#3390));
#3392=FACE_OUTER_BOUND('',#3391,.F.);
#3394=FILL_AREA_STYLE_COLOUR('',#29);
#3395=FILL_AREA_STYLE('',(#3394));
#3396=SURFACE_STYLE_FILL_AREA(#3395);
#3397=SURFACE_SIDE_STYLE('',(#3396));
#3398=SURFACE_STYLE_USAGE(.POSITIVE.,#3397);
#3399=PRESENTATION_STYLE_ASSIGNMENT((#3398));
#3400=OVER_RIDING_STYLED_ITEM('',(#3399),#3393,#3204);
#3401=CARTESIAN_POINT('',(-3.8E-1,0.E0,-1.719E0));
#3402=DIRECTION('',(1.E0,0.E0,0.E0));
#3403=DIRECTION('',(0.E0,0.E0,-1.E0));
#3404=AXIS2_PLACEMENT_3D('',#3401,#3402,#3403);
#3405=PLANE('',#3404);
#3406=ORIENTED_EDGE('',*,*,#3385,.F.);
#3407=ORIENTED_EDGE('',*,*,#3374,.F.);
#3409=ORIENTED_EDGE('',*,*,#3408,.T.);
#3411=ORIENTED_EDGE('',*,*,#3410,.T.);
#3412=EDGE_LOOP('',(#3406,#3407,#3409,#3411));
#3413=FACE_OUTER_BOUND('',#3412,.F.);
#3415=CARTESIAN_POINT('',(-4.99E-1,0.E0,-1.719E0));
#3416=DIRECTION('',(0.E0,1.E0,0.E0));
#3417=DIRECTION('',(1.E0,0.E0,0.E0));
#3418=AXIS2_PLACEMENT_3D('',#3415,#3416,#3417);
#3419=CYLINDRICAL_SURFACE('',#3418,1.19E-1);
#3420=ORIENTED_EDGE('',*,*,#3372,.F.);
#3422=ORIENTED_EDGE('',*,*,#3421,.T.);
#3424=ORIENTED_EDGE('',*,*,#3423,.T.);
#3425=ORIENTED_EDGE('',*,*,#3408,.F.);
#3426=EDGE_LOOP('',(#3420,#3422,#3424,#3425));
#3427=FACE_OUTER_BOUND('',#3426,.F.);
#3429=CARTESIAN_POINT('',(-5.01E-1,0.E0,-1.6E0));
#3430=DIRECTION('',(0.E0,0.E0,1.E0));
#3431=DIRECTION('',(1.E0,0.E0,0.E0));
#3432=AXIS2_PLACEMENT_3D('',#3429,#3430,#3431);
#3433=PLANE('',#3432);
#3434=ORIENTED_EDGE('',*,*,#3370,.F.);
#3436=ORIENTED_EDGE('',*,*,#3435,.T.);
#3438=ORIENTED_EDGE('',*,*,#3437,.T.);
#3439=ORIENTED_EDGE('',*,*,#3421,.F.);
#3440=EDGE_LOOP('',(#3434,#3436,#3438,#3439));
#3441=FACE_OUTER_BOUND('',#3440,.F.);
#3443=CARTESIAN_POINT('',(-5.01E-1,0.E0,-1.719E0));
#3444=DIRECTION('',(0.E0,1.E0,0.E0));
#3445=DIRECTION('',(1.E0,0.E0,0.E0));
#3446=AXIS2_PLACEMENT_3D('',#3443,#3444,#3445);
#3447=CYLINDRICAL_SURFACE('',#3446,1.19E-1);
#3448=ORIENTED_EDGE('',*,*,#3368,.F.);
#3450=ORIENTED_EDGE('',*,*,#3449,.T.);
#3452=ORIENTED_EDGE('',*,*,#3451,.T.);
#3453=ORIENTED_EDGE('',*,*,#3435,.F.);
#3454=EDGE_LOOP('',(#3448,#3450,#3452,#3453));
#3455=FACE_OUTER_BOUND('',#3454,.F.);
#3457=CARTESIAN_POINT('',(-6.2E-1,0.E0,-2.1E0));
#3458=DIRECTION('',(-1.E0,0.E0,0.E0));
#3459=DIRECTION('',(0.E0,0.E0,1.E0));
#3460=AXIS2_PLACEMENT_3D('',#3457,#3458,#3459);
#3461=PLANE('',#3460);
#3462=ORIENTED_EDGE('',*,*,#3389,.T.);
#3464=ORIENTED_EDGE('',*,*,#3463,.T.);
#3465=ORIENTED_EDGE('',*,*,#3449,.F.);
#3466=ORIENTED_EDGE('',*,*,#3366,.F.);
#3467=EDGE_LOOP('',(#3462,#3464,#3465,#3466));
#3468=FACE_OUTER_BOUND('',#3467,.F.);
#3470=CARTESIAN_POINT('',(0.E0,2.E-1,0.E0));
#3471=DIRECTION('',(0.E0,1.E0,0.E0));
#3472=DIRECTION('',(1.E0,0.E0,0.E0));
#3473=AXIS2_PLACEMENT_3D('',#3470,#3471,#3472);
#3474=PLANE('',#3473);
#3475=ORIENTED_EDGE('',*,*,#3387,.T.);
#3476=ORIENTED_EDGE('',*,*,#3410,.F.);
#3477=ORIENTED_EDGE('',*,*,#3423,.F.);
#3478=ORIENTED_EDGE('',*,*,#3437,.F.);
#3479=ORIENTED_EDGE('',*,*,#3451,.F.);
#3480=ORIENTED_EDGE('',*,*,#3463,.F.);
#3481=EDGE_LOOP('',(#3475,#3476,#3477,#3478,#3479,#3480));
#3482=FACE_OUTER_BOUND('',#3481,.F.);
#3484=CLOSED_SHELL('',(#3378,#3393,#3414,#3428,#3442,#3456,#3469,#3483));
#3485=MANIFOLD_SOLID_BREP('',#3484);
#3486=FILL_AREA_STYLE_COLOUR('',#28);
#3487=FILL_AREA_STYLE('',(#3486));
#3488=SURFACE_STYLE_FILL_AREA(#3487);
#3489=SURFACE_SIDE_STYLE('',(#3488));
#3490=SURFACE_STYLE_USAGE(.POSITIVE.,#3489);
#3491=PRESENTATION_STYLE_ASSIGNMENT((#3490));
#3204=STYLED_ITEM('',(#3491),#3485);
#3493=DIRECTION('',(1.E0,0.E0,0.E0));
#3494=VECTOR('',#3493,2.4E-1);
#3495=CARTESIAN_POINT('',(-1.2E-1,0.E0,-2.E0));
#3496=LINE('',#3495,#3494);
#3497=CURVE_STYLE('',#35,POSITIVE_LENGTH_MEASURE(2.E-2),#28);
#3498=PRESENTATION_STYLE_ASSIGNMENT((#3497));
#3499=STYLED_ITEM('',(#3498),#3496);
#3500=DIRECTION('',(0.E0,0.E0,1.E0));
#3501=VECTOR('',#3500,2.81E-1);
#3502=CARTESIAN_POINT('',(-1.2E-1,0.E0,-2.E0));
#3503=LINE('',#3502,#3501);
#3504=CURVE_STYLE('',#35,POSITIVE_LENGTH_MEASURE(2.E-2),#28);
#3505=PRESENTATION_STYLE_ASSIGNMENT((#3504));
#3506=STYLED_ITEM('',(#3505),#3503);
#3507=CARTESIAN_POINT('',(-1.E-3,0.E0,-1.719E0));
#3508=DIRECTION('',(0.E0,1.E0,0.E0));
#3509=DIRECTION('',(-1.E0,0.E0,0.E0));
#3510=AXIS2_PLACEMENT_3D('',#3507,#3508,#3509);
#3512=CURVE_STYLE('',#35,POSITIVE_LENGTH_MEASURE(2.E-2),#28);
#3513=PRESENTATION_STYLE_ASSIGNMENT((#3512));
#3514=STYLED_ITEM('',(#3513),#3511);
#3515=DIRECTION('',(1.E0,0.E0,-1.110223024625E-13));
#3516=VECTOR('',#3515,2.E-3);
#3517=CARTESIAN_POINT('',(-1.E-3,0.E0,-1.6E0));
#3518=LINE('',#3517,#3516);
#3519=CURVE_STYLE('',#35,POSITIVE_LENGTH_MEASURE(2.E-2),#28);
#3520=PRESENTATION_STYLE_ASSIGNMENT((#3519));
#3521=STYLED_ITEM('',(#3520),#3518);
#3522=CARTESIAN_POINT('',(1.E-3,0.E0,-1.719E0));
#3523=DIRECTION('',(0.E0,1.E0,0.E0));
#3524=DIRECTION('',(0.E0,0.E0,1.E0));
#3525=AXIS2_PLACEMENT_3D('',#3522,#3523,#3524);
#3527=CURVE_STYLE('',#35,POSITIVE_LENGTH_MEASURE(2.E-2),#28);
#3528=PRESENTATION_STYLE_ASSIGNMENT((#3527));
#3529=STYLED_ITEM('',(#3528),#3526);
#3530=DIRECTION('',(0.E0,0.E0,-1.E0));
#3531=VECTOR('',#3530,2.81E-1);
#3532=CARTESIAN_POINT('',(1.2E-1,0.E0,-1.719E0));
#3533=LINE('',#3532,#3531);
#3534=CURVE_STYLE('',#35,POSITIVE_LENGTH_MEASURE(2.E-2),#28);
#3535=PRESENTATION_STYLE_ASSIGNMENT((#3534));
#3536=STYLED_ITEM('',(#3535),#3533);
#3537=DIRECTION('',(0.E0,1.E0,0.E0));
#3538=VECTOR('',#3537,2.E-1);
#3539=CARTESIAN_POINT('',(1.2E-1,0.E0,-2.E0));
#3540=LINE('',#3539,#3538);
#3541=CURVE_STYLE('',#35,POSITIVE_LENGTH_MEASURE(2.E-2),#28);
#3542=PRESENTATION_STYLE_ASSIGNMENT((#3541));
#3543=STYLED_ITEM('',(#3542),#3540);
#3544=DIRECTION('',(0.E0,1.E0,0.E0));
#3545=VECTOR('',#3544,2.E-1);
#3546=CARTESIAN_POINT('',(1.2E-1,0.E0,-1.719E0));
#3547=LINE('',#3546,#3545);
#3548=CURVE_STYLE('',#35,POSITIVE_LENGTH_MEASURE(2.E-2),#28);
#3549=PRESENTATION_STYLE_ASSIGNMENT((#3548));
#3550=STYLED_ITEM('',(#3549),#3547);
#3551=DIRECTION('',(0.E0,1.E0,0.E0));
#3552=VECTOR('',#3551,2.E-1);
#3553=CARTESIAN_POINT('',(1.E-3,0.E0,-1.6E0));
#3554=LINE('',#3553,#3552);
#3555=CURVE_STYLE('',#35,POSITIVE_LENGTH_MEASURE(2.E-2),#28);
#3556=PRESENTATION_STYLE_ASSIGNMENT((#3555));
#3557=STYLED_ITEM('',(#3556),#3554);
#3558=DIRECTION('',(0.E0,1.E0,0.E0));
#3559=VECTOR('',#3558,2.E-1);
#3560=CARTESIAN_POINT('',(-1.E-3,0.E0,-1.6E0));
#3561=LINE('',#3560,#3559);
#3562=CURVE_STYLE('',#35,POSITIVE_LENGTH_MEASURE(2.E-2),#28);
#3563=PRESENTATION_STYLE_ASSIGNMENT((#3562));
#3564=STYLED_ITEM('',(#3563),#3561);
#3565=DIRECTION('',(0.E0,1.E0,0.E0));
#3566=VECTOR('',#3565,2.E-1);
#3567=CARTESIAN_POINT('',(-1.2E-1,0.E0,-1.719E0));
#3568=LINE('',#3567,#3566);
#3569=CURVE_STYLE('',#35,POSITIVE_LENGTH_MEASURE(2.E-2),#28);
#3570=PRESENTATION_STYLE_ASSIGNMENT((#3569));
#3571=STYLED_ITEM('',(#3570),#3568);
#3572=DIRECTION('',(0.E0,1.E0,0.E0));
#3573=VECTOR('',#3572,2.E-1);
#3574=CARTESIAN_POINT('',(-1.2E-1,0.E0,-2.E0));
#3575=LINE('',#3574,#3573);
#3576=CURVE_STYLE('',#35,POSITIVE_LENGTH_MEASURE(2.E-2),#28);
#3577=PRESENTATION_STYLE_ASSIGNMENT((#3576));
#3578=STYLED_ITEM('',(#3577),#3575);
#3579=DIRECTION('',(1.E0,0.E0,0.E0));
#3580=VECTOR('',#3579,2.4E-1);
#3581=CARTESIAN_POINT('',(-1.2E-1,2.E-1,-2.E0));
#3582=LINE('',#3581,#3580);
#3583=CURVE_STYLE('',#35,POSITIVE_LENGTH_MEASURE(2.E-2),#28);
#3584=PRESENTATION_STYLE_ASSIGNMENT((#3583));
#3585=STYLED_ITEM('',(#3584),#3582);
#3586=DIRECTION('',(0.E0,0.E0,-1.E0));
#3587=VECTOR('',#3586,2.81E-1);
#3588=CARTESIAN_POINT('',(1.2E-1,2.E-1,-1.719E0));
#3589=LINE('',#3588,#3587);
#3590=CURVE_STYLE('',#35,POSITIVE_LENGTH_MEASURE(2.E-2),#28);
#3591=PRESENTATION_STYLE_ASSIGNMENT((#3590));
#3592=STYLED_ITEM('',(#3591),#3589);
#3593=CARTESIAN_POINT('',(1.E-3,2.E-1,-1.719E0));
#3594=DIRECTION('',(0.E0,1.E0,0.E0));
#3595=DIRECTION('',(0.E0,0.E0,1.E0));
#3596=AXIS2_PLACEMENT_3D('',#3593,#3594,#3595);
#3598=CURVE_STYLE('',#35,POSITIVE_LENGTH_MEASURE(2.E-2),#28);
#3599=PRESENTATION_STYLE_ASSIGNMENT((#3598));
#3600=STYLED_ITEM('',(#3599),#3597);
#3601=DIRECTION('',(1.E0,0.E0,0.E0));
#3602=VECTOR('',#3601,2.E-3);
#3603=CARTESIAN_POINT('',(-1.E-3,2.E-1,-1.6E0));
#3604=LINE('',#3603,#3602);
#3605=CURVE_STYLE('',#35,POSITIVE_LENGTH_MEASURE(2.E-2),#28);
#3606=PRESENTATION_STYLE_ASSIGNMENT((#3605));
#3607=STYLED_ITEM('',(#3606),#3604);
#3608=CARTESIAN_POINT('',(-1.E-3,2.E-1,-1.719E0));
#3609=DIRECTION('',(0.E0,1.E0,0.E0));
#3610=DIRECTION('',(-1.E0,0.E0,0.E0));
#3611=AXIS2_PLACEMENT_3D('',#3608,#3609,#3610);
#3613=CURVE_STYLE('',#35,POSITIVE_LENGTH_MEASURE(2.E-2),#28);
#3614=PRESENTATION_STYLE_ASSIGNMENT((#3613));
#3615=STYLED_ITEM('',(#3614),#3612);
#3616=DIRECTION('',(0.E0,0.E0,1.E0));
#3617=VECTOR('',#3616,2.81E-1);
#3618=CARTESIAN_POINT('',(-1.2E-1,2.E-1,-2.E0));
#3619=LINE('',#3618,#3617);
#3620=CURVE_STYLE('',#35,POSITIVE_LENGTH_MEASURE(2.E-2),#28);
#3621=PRESENTATION_STYLE_ASSIGNMENT((#3620));
#3622=STYLED_ITEM('',(#3621),#3619);
#3623=CARTESIAN_POINT('',(-1.2E-1,0.E0,-1.719E0));
#3624=CARTESIAN_POINT('',(-1.E-3,0.E0,-1.6E0));
#3625=VERTEX_POINT('',#3623);
#3626=VERTEX_POINT('',#3624);
#3627=CARTESIAN_POINT('',(1.E-3,0.E0,-1.6E0));
#3628=VERTEX_POINT('',#3627);
#3629=CARTESIAN_POINT('',(1.2E-1,0.E0,-1.719E0));
#3630=VERTEX_POINT('',#3629);
#3631=CARTESIAN_POINT('',(-1.2E-1,2.E-1,-1.719E0));
#3632=CARTESIAN_POINT('',(-1.E-3,2.E-1,-1.6E0));
#3633=VERTEX_POINT('',#3631);
#3634=VERTEX_POINT('',#3632);
#3635=CARTESIAN_POINT('',(1.E-3,2.E-1,-1.6E0));
#3636=VERTEX_POINT('',#3635);
#3637=CARTESIAN_POINT('',(1.2E-1,2.E-1,-1.719E0));
#3638=VERTEX_POINT('',#3637);
#3639=CARTESIAN_POINT('',(-1.2E-1,0.E0,-2.E0));
#3640=CARTESIAN_POINT('',(1.2E-1,0.E0,-2.E0));
#3641=VERTEX_POINT('',#3639);
#3642=VERTEX_POINT('',#3640);
#3643=CARTESIAN_POINT('',(-1.2E-1,2.E-1,-2.E0));
#3644=VERTEX_POINT('',#3643);
#3645=CARTESIAN_POINT('',(1.2E-1,2.E-1,-2.E0));
#3646=VERTEX_POINT('',#3645);
#3647=CARTESIAN_POINT('',(0.E0,0.E0,0.E0));
#3648=DIRECTION('',(0.E0,1.E0,0.E0));
#3649=DIRECTION('',(1.E0,0.E0,0.E0));
#3650=AXIS2_PLACEMENT_3D('',#3647,#3648,#3649);
#3651=PLANE('',#3650);
#3653=ORIENTED_EDGE('',*,*,#3652,.F.);
#3655=ORIENTED_EDGE('',*,*,#3654,.T.);
#3657=ORIENTED_EDGE('',*,*,#3656,.T.);
#3659=ORIENTED_EDGE('',*,*,#3658,.T.);
#3661=ORIENTED_EDGE('',*,*,#3660,.T.);
#3663=ORIENTED_EDGE('',*,*,#3662,.T.);
#3664=EDGE_LOOP('',(#3653,#3655,#3657,#3659,#3661,#3663));
#3665=FACE_OUTER_BOUND('',#3664,.F.);
#3667=CARTESIAN_POINT('',(-2.E0,0.E0,-2.E0));
#3668=DIRECTION('',(0.E0,0.E0,1.E0));
#3669=DIRECTION('',(1.E0,0.E0,0.E0));
#3670=AXIS2_PLACEMENT_3D('',#3667,#3668,#3669);
#3671=PLANE('',#3670);
#3672=ORIENTED_EDGE('',*,*,#3652,.T.);
#3674=ORIENTED_EDGE('',*,*,#3673,.T.);
#3676=ORIENTED_EDGE('',*,*,#3675,.F.);
#3678=ORIENTED_EDGE('',*,*,#3677,.F.);
#3679=EDGE_LOOP('',(#3672,#3674,#3676,#3678));
#3680=FACE_OUTER_BOUND('',#3679,.F.);
#3682=FILL_AREA_STYLE_COLOUR('',#29);
#3683=FILL_AREA_STYLE('',(#3682));
#3684=SURFACE_STYLE_FILL_AREA(#3683);
#3685=SURFACE_SIDE_STYLE('',(#3684));
#3686=SURFACE_STYLE_USAGE(.POSITIVE.,#3685);
#3687=PRESENTATION_STYLE_ASSIGNMENT((#3686));
#3688=OVER_RIDING_STYLED_ITEM('',(#3687),#3681,#3492);
#3689=CARTESIAN_POINT('',(1.2E-1,0.E0,-1.719E0));
#3690=DIRECTION('',(1.E0,0.E0,0.E0));
#3691=DIRECTION('',(0.E0,0.E0,-1.E0));
#3692=AXIS2_PLACEMENT_3D('',#3689,#3690,#3691);
#3693=PLANE('',#3692);
#3694=ORIENTED_EDGE('',*,*,#3673,.F.);
#3695=ORIENTED_EDGE('',*,*,#3662,.F.);
#3697=ORIENTED_EDGE('',*,*,#3696,.T.);
#3699=ORIENTED_EDGE('',*,*,#3698,.T.);
#3700=EDGE_LOOP('',(#3694,#3695,#3697,#3699));
#3701=FACE_OUTER_BOUND('',#3700,.F.);
#3703=CARTESIAN_POINT('',(1.E-3,0.E0,-1.719E0));
#3704=DIRECTION('',(0.E0,1.E0,0.E0));
#3705=DIRECTION('',(1.E0,0.E0,0.E0));
#3706=AXIS2_PLACEMENT_3D('',#3703,#3704,#3705);
#3707=CYLINDRICAL_SURFACE('',#3706,1.19E-1);
#3708=ORIENTED_EDGE('',*,*,#3660,.F.);
#3710=ORIENTED_EDGE('',*,*,#3709,.T.);
#3712=ORIENTED_EDGE('',*,*,#3711,.T.);
#3713=ORIENTED_EDGE('',*,*,#3696,.F.);
#3714=EDGE_LOOP('',(#3708,#3710,#3712,#3713));
#3715=FACE_OUTER_BOUND('',#3714,.F.);
#3717=CARTESIAN_POINT('',(-1.E-3,0.E0,-1.6E0));
#3718=DIRECTION('',(0.E0,0.E0,1.E0));
#3719=DIRECTION('',(1.E0,0.E0,0.E0));
#3720=AXIS2_PLACEMENT_3D('',#3717,#3718,#3719);
#3721=PLANE('',#3720);
#3722=ORIENTED_EDGE('',*,*,#3658,.F.);
#3724=ORIENTED_EDGE('',*,*,#3723,.T.);
#3726=ORIENTED_EDGE('',*,*,#3725,.T.);
#3727=ORIENTED_EDGE('',*,*,#3709,.F.);
#3728=EDGE_LOOP('',(#3722,#3724,#3726,#3727));
#3729=FACE_OUTER_BOUND('',#3728,.F.);
#3731=CARTESIAN_POINT('',(-1.E-3,0.E0,-1.719E0));
#3732=DIRECTION('',(0.E0,1.E0,0.E0));
#3733=DIRECTION('',(1.E0,0.E0,0.E0));
#3734=AXIS2_PLACEMENT_3D('',#3731,#3732,#3733);
#3735=CYLINDRICAL_SURFACE('',#3734,1.19E-1);
#3736=ORIENTED_EDGE('',*,*,#3656,.F.);
#3738=ORIENTED_EDGE('',*,*,#3737,.T.);
#3740=ORIENTED_EDGE('',*,*,#3739,.T.);
#3741=ORIENTED_EDGE('',*,*,#3723,.F.);
#3742=EDGE_LOOP('',(#3736,#3738,#3740,#3741));
#3743=FACE_OUTER_BOUND('',#3742,.F.);
#3745=CARTESIAN_POINT('',(-1.2E-1,0.E0,-2.1E0));
#3746=DIRECTION('',(-1.E0,0.E0,0.E0));
#3747=DIRECTION('',(0.E0,0.E0,1.E0));
#3748=AXIS2_PLACEMENT_3D('',#3745,#3746,#3747);
#3749=PLANE('',#3748);
#3750=ORIENTED_EDGE('',*,*,#3677,.T.);
#3752=ORIENTED_EDGE('',*,*,#3751,.T.);
#3753=ORIENTED_EDGE('',*,*,#3737,.F.);
#3754=ORIENTED_EDGE('',*,*,#3654,.F.);
#3755=EDGE_LOOP('',(#3750,#3752,#3753,#3754));
#3756=FACE_OUTER_BOUND('',#3755,.F.);
#3758=CARTESIAN_POINT('',(0.E0,2.E-1,0.E0));
#3759=DIRECTION('',(0.E0,1.E0,0.E0));
#3760=DIRECTION('',(1.E0,0.E0,0.E0));
#3761=AXIS2_PLACEMENT_3D('',#3758,#3759,#3760);
#3762=PLANE('',#3761);
#3763=ORIENTED_EDGE('',*,*,#3675,.T.);
#3764=ORIENTED_EDGE('',*,*,#3698,.F.);
#3765=ORIENTED_EDGE('',*,*,#3711,.F.);
#3766=ORIENTED_EDGE('',*,*,#3725,.F.);
#3767=ORIENTED_EDGE('',*,*,#3739,.F.);
#3768=ORIENTED_EDGE('',*,*,#3751,.F.);
#3769=EDGE_LOOP('',(#3763,#3764,#3765,#3766,#3767,#3768));
#3770=FACE_OUTER_BOUND('',#3769,.F.);
#3772=CLOSED_SHELL('',(#3666,#3681,#3702,#3716,#3730,#3744,#3757,#3771));
#3773=MANIFOLD_SOLID_BREP('',#3772);
#3774=FILL_AREA_STYLE_COLOUR('',#28);
#3775=FILL_AREA_STYLE('',(#3774));
#3776=SURFACE_STYLE_FILL_AREA(#3775);
#3777=SURFACE_SIDE_STYLE('',(#3776));
#3778=SURFACE_STYLE_USAGE(.POSITIVE.,#3777);
#3779=PRESENTATION_STYLE_ASSIGNMENT((#3778));
#3492=STYLED_ITEM('',(#3779),#3773);
#3781=DIRECTION('',(1.E0,0.E0,0.E0));
#3782=VECTOR('',#3781,2.4E-1);
#3783=CARTESIAN_POINT('',(3.8E-1,0.E0,-2.E0));
#3784=LINE('',#3783,#3782);
#3785=CURVE_STYLE('',#35,POSITIVE_LENGTH_MEASURE(2.E-2),#28);
#3786=PRESENTATION_STYLE_ASSIGNMENT((#3785));
#3787=STYLED_ITEM('',(#3786),#3784);
#3788=DIRECTION('',(0.E0,0.E0,1.E0));
#3789=VECTOR('',#3788,2.81E-1);
#3790=CARTESIAN_POINT('',(3.8E-1,0.E0,-2.E0));
#3791=LINE('',#3790,#3789);
#3792=CURVE_STYLE('',#35,POSITIVE_LENGTH_MEASURE(2.E-2),#28);
#3793=PRESENTATION_STYLE_ASSIGNMENT((#3792));
#3794=STYLED_ITEM('',(#3793),#3791);
#3795=CARTESIAN_POINT('',(4.99E-1,0.E0,-1.719E0));
#3796=DIRECTION('',(0.E0,1.E0,0.E0));
#3797=DIRECTION('',(-1.E0,0.E0,0.E0));
#3798=AXIS2_PLACEMENT_3D('',#3795,#3796,#3797);
#3800=CURVE_STYLE('',#35,POSITIVE_LENGTH_MEASURE(2.E-2),#28);
#3801=PRESENTATION_STYLE_ASSIGNMENT((#3800));
#3802=STYLED_ITEM('',(#3801),#3799);
#3803=DIRECTION('',(1.E0,0.E0,-1.110223024625E-13));
#3804=VECTOR('',#3803,2.E-3);
#3805=CARTESIAN_POINT('',(4.99E-1,0.E0,-1.6E0));
#3806=LINE('',#3805,#3804);
#3807=CURVE_STYLE('',#35,POSITIVE_LENGTH_MEASURE(2.E-2),#28);
#3808=PRESENTATION_STYLE_ASSIGNMENT((#3807));
#3809=STYLED_ITEM('',(#3808),#3806);
#3810=CARTESIAN_POINT('',(5.01E-1,0.E0,-1.719E0));
#3811=DIRECTION('',(0.E0,1.E0,0.E0));
#3812=DIRECTION('',(0.E0,0.E0,1.E0));
#3813=AXIS2_PLACEMENT_3D('',#3810,#3811,#3812);
#3815=CURVE_STYLE('',#35,POSITIVE_LENGTH_MEASURE(2.E-2),#28);
#3816=PRESENTATION_STYLE_ASSIGNMENT((#3815));
#3817=STYLED_ITEM('',(#3816),#3814);
#3818=DIRECTION('',(0.E0,0.E0,-1.E0));
#3819=VECTOR('',#3818,2.81E-1);
#3820=CARTESIAN_POINT('',(6.2E-1,0.E0,-1.719E0));
#3821=LINE('',#3820,#3819);
#3822=CURVE_STYLE('',#35,POSITIVE_LENGTH_MEASURE(2.E-2),#28);
#3823=PRESENTATION_STYLE_ASSIGNMENT((#3822));
#3824=STYLED_ITEM('',(#3823),#3821);
#3825=DIRECTION('',(0.E0,1.E0,0.E0));
#3826=VECTOR('',#3825,2.E-1);
#3827=CARTESIAN_POINT('',(6.2E-1,0.E0,-2.E0));
#3828=LINE('',#3827,#3826);
#3829=CURVE_STYLE('',#35,POSITIVE_LENGTH_MEASURE(2.E-2),#28);
#3830=PRESENTATION_STYLE_ASSIGNMENT((#3829));
#3831=STYLED_ITEM('',(#3830),#3828);
#3832=DIRECTION('',(0.E0,1.E0,0.E0));
#3833=VECTOR('',#3832,2.E-1);
#3834=CARTESIAN_POINT('',(6.2E-1,0.E0,-1.719E0));
#3835=LINE('',#3834,#3833);
#3836=CURVE_STYLE('',#35,POSITIVE_LENGTH_MEASURE(2.E-2),#28);
#3837=PRESENTATION_STYLE_ASSIGNMENT((#3836));
#3838=STYLED_ITEM('',(#3837),#3835);
#3839=DIRECTION('',(0.E0,1.E0,0.E0));
#3840=VECTOR('',#3839,2.E-1);
#3841=CARTESIAN_POINT('',(5.01E-1,0.E0,-1.6E0));
#3842=LINE('',#3841,#3840);
#3843=CURVE_STYLE('',#35,POSITIVE_LENGTH_MEASURE(2.E-2),#28);
#3844=PRESENTATION_STYLE_ASSIGNMENT((#3843));
#3845=STYLED_ITEM('',(#3844),#3842);
#3846=DIRECTION('',(0.E0,1.E0,0.E0));
#3847=VECTOR('',#3846,2.E-1);
#3848=CARTESIAN_POINT('',(4.99E-1,0.E0,-1.6E0));
#3849=LINE('',#3848,#3847);
#3850=CURVE_STYLE('',#35,POSITIVE_LENGTH_MEASURE(2.E-2),#28);
#3851=PRESENTATION_STYLE_ASSIGNMENT((#3850));
#3852=STYLED_ITEM('',(#3851),#3849);
#3853=DIRECTION('',(0.E0,1.E0,0.E0));
#3854=VECTOR('',#3853,2.E-1);
#3855=CARTESIAN_POINT('',(3.8E-1,0.E0,-1.719E0));
#3856=LINE('',#3855,#3854);
#3857=CURVE_STYLE('',#35,POSITIVE_LENGTH_MEASURE(2.E-2),#28);
#3858=PRESENTATION_STYLE_ASSIGNMENT((#3857));
#3859=STYLED_ITEM('',(#3858),#3856);
#3860=DIRECTION('',(0.E0,1.E0,0.E0));
#3861=VECTOR('',#3860,2.E-1);
#3862=CARTESIAN_POINT('',(3.8E-1,0.E0,-2.E0));
#3863=LINE('',#3862,#3861);
#3864=CURVE_STYLE('',#35,POSITIVE_LENGTH_MEASURE(2.E-2),#28);
#3865=PRESENTATION_STYLE_ASSIGNMENT((#3864));
#3866=STYLED_ITEM('',(#3865),#3863);
#3867=DIRECTION('',(1.E0,0.E0,0.E0));
#3868=VECTOR('',#3867,2.4E-1);
#3869=CARTESIAN_POINT('',(3.8E-1,2.E-1,-2.E0));
#3870=LINE('',#3869,#3868);
#3871=CURVE_STYLE('',#35,POSITIVE_LENGTH_MEASURE(2.E-2),#28);
#3872=PRESENTATION_STYLE_ASSIGNMENT((#3871));
#3873=STYLED_ITEM('',(#3872),#3870);
#3874=DIRECTION('',(0.E0,0.E0,-1.E0));
#3875=VECTOR('',#3874,2.81E-1);
#3876=CARTESIAN_POINT('',(6.2E-1,2.E-1,-1.719E0));
#3877=LINE('',#3876,#3875);
#3878=CURVE_STYLE('',#35,POSITIVE_LENGTH_MEASURE(2.E-2),#28);
#3879=PRESENTATION_STYLE_ASSIGNMENT((#3878));
#3880=STYLED_ITEM('',(#3879),#3877);
#3881=CARTESIAN_POINT('',(5.01E-1,2.E-1,-1.719E0));
#3882=DIRECTION('',(0.E0,1.E0,0.E0));
#3883=DIRECTION('',(0.E0,0.E0,1.E0));
#3884=AXIS2_PLACEMENT_3D('',#3881,#3882,#3883);
#3886=CURVE_STYLE('',#35,POSITIVE_LENGTH_MEASURE(2.E-2),#28);
#3887=PRESENTATION_STYLE_ASSIGNMENT((#3886));
#3888=STYLED_ITEM('',(#3887),#3885);
#3889=DIRECTION('',(1.E0,0.E0,0.E0));
#3890=VECTOR('',#3889,2.E-3);
#3891=CARTESIAN_POINT('',(4.99E-1,2.E-1,-1.6E0));
#3892=LINE('',#3891,#3890);
#3893=CURVE_STYLE('',#35,POSITIVE_LENGTH_MEASURE(2.E-2),#28);
#3894=PRESENTATION_STYLE_ASSIGNMENT((#3893));
#3895=STYLED_ITEM('',(#3894),#3892);
#3896=CARTESIAN_POINT('',(4.99E-1,2.E-1,-1.719E0));
#3897=DIRECTION('',(0.E0,1.E0,0.E0));
#3898=DIRECTION('',(-1.E0,0.E0,0.E0));
#3899=AXIS2_PLACEMENT_3D('',#3896,#3897,#3898);
#3901=CURVE_STYLE('',#35,POSITIVE_LENGTH_MEASURE(2.E-2),#28);
#3902=PRESENTATION_STYLE_ASSIGNMENT((#3901));
#3903=STYLED_ITEM('',(#3902),#3900);
#3904=DIRECTION('',(0.E0,0.E0,1.E0));
#3905=VECTOR('',#3904,2.81E-1);
#3906=CARTESIAN_POINT('',(3.8E-1,2.E-1,-2.E0));
#3907=LINE('',#3906,#3905);
#3908=CURVE_STYLE('',#35,POSITIVE_LENGTH_MEASURE(2.E-2),#28);
#3909=PRESENTATION_STYLE_ASSIGNMENT((#3908));
#3910=STYLED_ITEM('',(#3909),#3907);
#3911=CARTESIAN_POINT('',(3.8E-1,0.E0,-1.719E0));
#3912=CARTESIAN_POINT('',(4.99E-1,0.E0,-1.6E0));
#3913=VERTEX_POINT('',#3911);
#3914=VERTEX_POINT('',#3912);
#3915=CARTESIAN_POINT('',(5.01E-1,0.E0,-1.6E0));
#3916=VERTEX_POINT('',#3915);
#3917=CARTESIAN_POINT('',(6.2E-1,0.E0,-1.719E0));
#3918=VERTEX_POINT('',#3917);
#3919=CARTESIAN_POINT('',(3.8E-1,2.E-1,-1.719E0));
#3920=CARTESIAN_POINT('',(4.99E-1,2.E-1,-1.6E0));
#3921=VERTEX_POINT('',#3919);
#3922=VERTEX_POINT('',#3920);
#3923=CARTESIAN_POINT('',(5.01E-1,2.E-1,-1.6E0));
#3924=VERTEX_POINT('',#3923);
#3925=CARTESIAN_POINT('',(6.2E-1,2.E-1,-1.719E0));
#3926=VERTEX_POINT('',#3925);
#3927=CARTESIAN_POINT('',(3.8E-1,0.E0,-2.E0));
#3928=CARTESIAN_POINT('',(6.2E-1,0.E0,-2.E0));
#3929=VERTEX_POINT('',#3927);
#3930=VERTEX_POINT('',#3928);
#3931=CARTESIAN_POINT('',(3.8E-1,2.E-1,-2.E0));
#3932=VERTEX_POINT('',#3931);
#3933=CARTESIAN_POINT('',(6.2E-1,2.E-1,-2.E0));
#3934=VERTEX_POINT('',#3933);
#3935=CARTESIAN_POINT('',(0.E0,0.E0,0.E0));
#3936=DIRECTION('',(0.E0,1.E0,0.E0));
#3937=DIRECTION('',(1.E0,0.E0,0.E0));
#3938=AXIS2_PLACEMENT_3D('',#3935,#3936,#3937);
#3939=PLANE('',#3938);
#3941=ORIENTED_EDGE('',*,*,#3940,.F.);
#3943=ORIENTED_EDGE('',*,*,#3942,.T.);
#3945=ORIENTED_EDGE('',*,*,#3944,.T.);
#3947=ORIENTED_EDGE('',*,*,#3946,.T.);
#3949=ORIENTED_EDGE('',*,*,#3948,.T.);
#3951=ORIENTED_EDGE('',*,*,#3950,.T.);
#3952=EDGE_LOOP('',(#3941,#3943,#3945,#3947,#3949,#3951));
#3953=FACE_OUTER_BOUND('',#3952,.F.);
#3955=CARTESIAN_POINT('',(-2.E0,0.E0,-2.E0));
#3956=DIRECTION('',(0.E0,0.E0,1.E0));
#3957=DIRECTION('',(1.E0,0.E0,0.E0));
#3958=AXIS2_PLACEMENT_3D('',#3955,#3956,#3957);
#3959=PLANE('',#3958);
#3960=ORIENTED_EDGE('',*,*,#3940,.T.);
#3962=ORIENTED_EDGE('',*,*,#3961,.T.);
#3964=ORIENTED_EDGE('',*,*,#3963,.F.);
#3966=ORIENTED_EDGE('',*,*,#3965,.F.);
#3967=EDGE_LOOP('',(#3960,#3962,#3964,#3966));
#3968=FACE_OUTER_BOUND('',#3967,.F.);
#3970=FILL_AREA_STYLE_COLOUR('',#29);
#3971=FILL_AREA_STYLE('',(#3970));
#3972=SURFACE_STYLE_FILL_AREA(#3971);
#3973=SURFACE_SIDE_STYLE('',(#3972));
#3974=SURFACE_STYLE_USAGE(.POSITIVE.,#3973);
#3975=PRESENTATION_STYLE_ASSIGNMENT((#3974));
#3976=OVER_RIDING_STYLED_ITEM('',(#3975),#3969,#3780);
#3977=CARTESIAN_POINT('',(6.2E-1,0.E0,-1.719E0));
#3978=DIRECTION('',(1.E0,0.E0,0.E0));
#3979=DIRECTION('',(0.E0,0.E0,-1.E0));
#3980=AXIS2_PLACEMENT_3D('',#3977,#3978,#3979);
#3981=PLANE('',#3980);
#3982=ORIENTED_EDGE('',*,*,#3961,.F.);
#3983=ORIENTED_EDGE('',*,*,#3950,.F.);
#3985=ORIENTED_EDGE('',*,*,#3984,.T.);
#3987=ORIENTED_EDGE('',*,*,#3986,.T.);
#3988=EDGE_LOOP('',(#3982,#3983,#3985,#3987));
#3989=FACE_OUTER_BOUND('',#3988,.F.);
#3991=CARTESIAN_POINT('',(5.01E-1,0.E0,-1.719E0));
#3992=DIRECTION('',(0.E0,1.E0,0.E0));
#3993=DIRECTION('',(1.E0,0.E0,0.E0));
#3994=AXIS2_PLACEMENT_3D('',#3991,#3992,#3993);
#3995=CYLINDRICAL_SURFACE('',#3994,1.19E-1);
#3996=ORIENTED_EDGE('',*,*,#3948,.F.);
#3998=ORIENTED_EDGE('',*,*,#3997,.T.);
#4000=ORIENTED_EDGE('',*,*,#3999,.T.);
#4001=ORIENTED_EDGE('',*,*,#3984,.F.);
#4002=EDGE_LOOP('',(#3996,#3998,#4000,#4001));
#4003=FACE_OUTER_BOUND('',#4002,.F.);
#4005=CARTESIAN_POINT('',(4.99E-1,0.E0,-1.6E0));
#4006=DIRECTION('',(0.E0,0.E0,1.E0));
#4007=DIRECTION('',(1.E0,0.E0,0.E0));
#4008=AXIS2_PLACEMENT_3D('',#4005,#4006,#4007);
#4009=PLANE('',#4008);
#4010=ORIENTED_EDGE('',*,*,#3946,.F.);
#4012=ORIENTED_EDGE('',*,*,#4011,.T.);
#4014=ORIENTED_EDGE('',*,*,#4013,.T.);
#4015=ORIENTED_EDGE('',*,*,#3997,.F.);
#4016=EDGE_LOOP('',(#4010,#4012,#4014,#4015));
#4017=FACE_OUTER_BOUND('',#4016,.F.);
#4019=CARTESIAN_POINT('',(4.99E-1,0.E0,-1.719E0));
#4020=DIRECTION('',(0.E0,1.E0,0.E0));
#4021=DIRECTION('',(1.E0,0.E0,0.E0));
#4022=AXIS2_PLACEMENT_3D('',#4019,#4020,#4021);
#4023=CYLINDRICAL_SURFACE('',#4022,1.19E-1);
#4024=ORIENTED_EDGE('',*,*,#3944,.F.);
#4026=ORIENTED_EDGE('',*,*,#4025,.T.);
#4028=ORIENTED_EDGE('',*,*,#4027,.T.);
#4029=ORIENTED_EDGE('',*,*,#4011,.F.);
#4030=EDGE_LOOP('',(#4024,#4026,#4028,#4029));
#4031=FACE_OUTER_BOUND('',#4030,.F.);
#4033=CARTESIAN_POINT('',(3.8E-1,0.E0,-2.1E0));
#4034=DIRECTION('',(-1.E0,0.E0,0.E0));
#4035=DIRECTION('',(0.E0,0.E0,1.E0));
#4036=AXIS2_PLACEMENT_3D('',#4033,#4034,#4035);
#4037=PLANE('',#4036);
#4038=ORIENTED_EDGE('',*,*,#3965,.T.);
#4040=ORIENTED_EDGE('',*,*,#4039,.T.);
#4041=ORIENTED_EDGE('',*,*,#4025,.F.);
#4042=ORIENTED_EDGE('',*,*,#3942,.F.);
#4043=EDGE_LOOP('',(#4038,#4040,#4041,#4042));
#4044=FACE_OUTER_BOUND('',#4043,.F.);
#4046=CARTESIAN_POINT('',(0.E0,2.E-1,0.E0));
#4047=DIRECTION('',(0.E0,1.E0,0.E0));
#4048=DIRECTION('',(1.E0,0.E0,0.E0));
#4049=AXIS2_PLACEMENT_3D('',#4046,#4047,#4048);
#4050=PLANE('',#4049);
#4051=ORIENTED_EDGE('',*,*,#3963,.T.);
#4052=ORIENTED_EDGE('',*,*,#3986,.F.);
#4053=ORIENTED_EDGE('',*,*,#3999,.F.);
#4054=ORIENTED_EDGE('',*,*,#4013,.F.);
#4055=ORIENTED_EDGE('',*,*,#4027,.F.);
#4056=ORIENTED_EDGE('',*,*,#4039,.F.);
#4057=EDGE_LOOP('',(#4051,#4052,#4053,#4054,#4055,#4056));
#4058=FACE_OUTER_BOUND('',#4057,.F.);
#4060=CLOSED_SHELL('',(#3954,#3969,#3990,#4004,#4018,#4032,#4045,#4059));
#4061=MANIFOLD_SOLID_BREP('',#4060);
#4062=FILL_AREA_STYLE_COLOUR('',#28);
#4063=FILL_AREA_STYLE('',(#4062));
#4064=SURFACE_STYLE_FILL_AREA(#4063);
#4065=SURFACE_SIDE_STYLE('',(#4064));
#4066=SURFACE_STYLE_USAGE(.POSITIVE.,#4065);
#4067=PRESENTATION_STYLE_ASSIGNMENT((#4066));
#3780=STYLED_ITEM('',(#4067),#4061);
#4069=DIRECTION('',(1.E0,0.E0,0.E0));
#4070=VECTOR('',#4069,2.4E-1);
#4071=CARTESIAN_POINT('',(-1.12E0,0.E0,2.E0));
#4072=LINE('',#4071,#4070);
#4073=CURVE_STYLE('',#35,POSITIVE_LENGTH_MEASURE(2.E-2),#28);
#4074=PRESENTATION_STYLE_ASSIGNMENT((#4073));
#4075=STYLED_ITEM('',(#4074),#4072);
#4076=DIRECTION('',(0.E0,0.E0,1.E0));
#4077=VECTOR('',#4076,2.81E-1);
#4078=CARTESIAN_POINT('',(-8.8E-1,0.E0,1.719E0));
#4079=LINE('',#4078,#4077);
#4080=CURVE_STYLE('',#35,POSITIVE_LENGTH_MEASURE(2.E-2),#28);
#4081=PRESENTATION_STYLE_ASSIGNMENT((#4080));
#4082=STYLED_ITEM('',(#4081),#4079);
#4083=CARTESIAN_POINT('',(-9.99E-1,0.E0,1.719E0));
#4084=DIRECTION('',(0.E0,-1.E0,0.E0));
#4085=DIRECTION('',(0.E0,0.E0,-1.E0));
#4086=AXIS2_PLACEMENT_3D('',#4083,#4084,#4085);
#4088=CURVE_STYLE('',#35,POSITIVE_LENGTH_MEASURE(2.E-2),#28);
#4089=PRESENTATION_STYLE_ASSIGNMENT((#4088));
#4090=STYLED_ITEM('',(#4089),#4087);
#4091=DIRECTION('',(1.E0,0.E0,0.E0));
#4092=VECTOR('',#4091,2.E-3);
#4093=CARTESIAN_POINT('',(-1.001E0,0.E0,1.6E0));
#4094=LINE('',#4093,#4092);
#4095=CURVE_STYLE('',#35,POSITIVE_LENGTH_MEASURE(2.E-2),#28);
#4096=PRESENTATION_STYLE_ASSIGNMENT((#4095));
#4097=STYLED_ITEM('',(#4096),#4094);
#4098=CARTESIAN_POINT('',(-1.001E0,0.E0,1.719E0));
#4099=DIRECTION('',(0.E0,-1.E0,0.E0));
#4100=DIRECTION('',(-1.E0,0.E0,0.E0));
#4101=AXIS2_PLACEMENT_3D('',#4098,#4099,#4100);
#4103=CURVE_STYLE('',#35,POSITIVE_LENGTH_MEASURE(2.E-2),#28);
#4104=PRESENTATION_STYLE_ASSIGNMENT((#4103));
#4105=STYLED_ITEM('',(#4104),#4102);
#4106=DIRECTION('',(0.E0,0.E0,-1.E0));
#4107=VECTOR('',#4106,2.81E-1);
#4108=CARTESIAN_POINT('',(-1.12E0,0.E0,2.E0));
#4109=LINE('',#4108,#4107);
#4110=CURVE_STYLE('',#35,POSITIVE_LENGTH_MEASURE(2.E-2),#28);
#4111=PRESENTATION_STYLE_ASSIGNMENT((#4110));
#4112=STYLED_ITEM('',(#4111),#4109);
#4113=DIRECTION('',(0.E0,1.E0,0.E0));
#4114=VECTOR('',#4113,2.E-1);
#4115=CARTESIAN_POINT('',(-1.12E0,0.E0,2.E0));
#4116=LINE('',#4115,#4114);
#4117=CURVE_STYLE('',#35,POSITIVE_LENGTH_MEASURE(2.E-2),#28);
#4118=PRESENTATION_STYLE_ASSIGNMENT((#4117));
#4119=STYLED_ITEM('',(#4118),#4116);
#4120=DIRECTION('',(0.E0,1.E0,0.E0));
#4121=VECTOR('',#4120,2.E-1);
#4122=CARTESIAN_POINT('',(-1.12E0,0.E0,1.719E0));
#4123=LINE('',#4122,#4121);
#4124=CURVE_STYLE('',#35,POSITIVE_LENGTH_MEASURE(2.E-2),#28);
#4125=PRESENTATION_STYLE_ASSIGNMENT((#4124));
#4126=STYLED_ITEM('',(#4125),#4123);
#4127=DIRECTION('',(0.E0,1.E0,0.E0));
#4128=VECTOR('',#4127,2.E-1);
#4129=CARTESIAN_POINT('',(-1.001E0,0.E0,1.6E0));
#4130=LINE('',#4129,#4128);
#4131=CURVE_STYLE('',#35,POSITIVE_LENGTH_MEASURE(2.E-2),#28);
#4132=PRESENTATION_STYLE_ASSIGNMENT((#4131));
#4133=STYLED_ITEM('',(#4132),#4130);
#4134=DIRECTION('',(0.E0,1.E0,0.E0));
#4135=VECTOR('',#4134,2.E-1);
#4136=CARTESIAN_POINT('',(-9.99E-1,0.E0,1.6E0));
#4137=LINE('',#4136,#4135);
#4138=CURVE_STYLE('',#35,POSITIVE_LENGTH_MEASURE(2.E-2),#28);
#4139=PRESENTATION_STYLE_ASSIGNMENT((#4138));
#4140=STYLED_ITEM('',(#4139),#4137);
#4141=DIRECTION('',(0.E0,1.E0,0.E0));
#4142=VECTOR('',#4141,2.E-1);
#4143=CARTESIAN_POINT('',(-8.8E-1,0.E0,2.E0));
#4144=LINE('',#4143,#4142);
#4145=CURVE_STYLE('',#35,POSITIVE_LENGTH_MEASURE(2.E-2),#28);
#4146=PRESENTATION_STYLE_ASSIGNMENT((#4145));
#4147=STYLED_ITEM('',(#4146),#4144);
#4148=DIRECTION('',(0.E0,1.E0,0.E0));
#4149=VECTOR('',#4148,2.E-1);
#4150=CARTESIAN_POINT('',(-8.8E-1,0.E0,1.719E0));
#4151=LINE('',#4150,#4149);
#4152=CURVE_STYLE('',#35,POSITIVE_LENGTH_MEASURE(2.E-2),#28);
#4153=PRESENTATION_STYLE_ASSIGNMENT((#4152));
#4154=STYLED_ITEM('',(#4153),#4151);
#4155=DIRECTION('',(1.E0,0.E0,0.E0));
#4156=VECTOR('',#4155,2.4E-1);
#4157=CARTESIAN_POINT('',(-1.12E0,2.E-1,2.E0));
#4158=LINE('',#4157,#4156);
#4159=CURVE_STYLE('',#35,POSITIVE_LENGTH_MEASURE(2.E-2),#28);
#4160=PRESENTATION_STYLE_ASSIGNMENT((#4159));
#4161=STYLED_ITEM('',(#4160),#4158);
#4162=DIRECTION('',(0.E0,0.E0,-1.E0));
#4163=VECTOR('',#4162,2.81E-1);
#4164=CARTESIAN_POINT('',(-1.12E0,2.E-1,2.E0));
#4165=LINE('',#4164,#4163);
#4166=CURVE_STYLE('',#35,POSITIVE_LENGTH_MEASURE(2.E-2),#28);
#4167=PRESENTATION_STYLE_ASSIGNMENT((#4166));
#4168=STYLED_ITEM('',(#4167),#4165);
#4169=CARTESIAN_POINT('',(-1.001E0,2.E-1,1.719E0));
#4170=DIRECTION('',(0.E0,-1.E0,0.E0));
#4171=DIRECTION('',(-1.E0,0.E0,0.E0));
#4172=AXIS2_PLACEMENT_3D('',#4169,#4170,#4171);
#4174=CURVE_STYLE('',#35,POSITIVE_LENGTH_MEASURE(2.E-2),#28);
#4175=PRESENTATION_STYLE_ASSIGNMENT((#4174));
#4176=STYLED_ITEM('',(#4175),#4173);
#4177=DIRECTION('',(1.E0,0.E0,1.110223024625E-13));
#4178=VECTOR('',#4177,2.E-3);
#4179=CARTESIAN_POINT('',(-1.001E0,2.E-1,1.6E0));
#4180=LINE('',#4179,#4178);
#4181=CURVE_STYLE('',#35,POSITIVE_LENGTH_MEASURE(2.E-2),#28);
#4182=PRESENTATION_STYLE_ASSIGNMENT((#4181));
#4183=STYLED_ITEM('',(#4182),#4180);
#4184=CARTESIAN_POINT('',(-9.99E-1,2.E-1,1.719E0));
#4185=DIRECTION('',(0.E0,-1.E0,0.E0));
#4186=DIRECTION('',(0.E0,0.E0,-1.E0));
#4187=AXIS2_PLACEMENT_3D('',#4184,#4185,#4186);
#4189=CURVE_STYLE('',#35,POSITIVE_LENGTH_MEASURE(2.E-2),#28);
#4190=PRESENTATION_STYLE_ASSIGNMENT((#4189));
#4191=STYLED_ITEM('',(#4190),#4188);
#4192=DIRECTION('',(0.E0,0.E0,1.E0));
#4193=VECTOR('',#4192,2.81E-1);
#4194=CARTESIAN_POINT('',(-8.8E-1,2.E-1,1.719E0));
#4195=LINE('',#4194,#4193);
#4196=CURVE_STYLE('',#35,POSITIVE_LENGTH_MEASURE(2.E-2),#28);
#4197=PRESENTATION_STYLE_ASSIGNMENT((#4196));
#4198=STYLED_ITEM('',(#4197),#4195);
#4199=CARTESIAN_POINT('',(-1.12E0,0.E0,1.719E0));
#4200=CARTESIAN_POINT('',(-1.001E0,0.E0,1.6E0));
#4201=VERTEX_POINT('',#4199);
#4202=VERTEX_POINT('',#4200);
#4203=CARTESIAN_POINT('',(-9.99E-1,0.E0,1.6E0));
#4204=VERTEX_POINT('',#4203);
#4205=CARTESIAN_POINT('',(-8.8E-1,0.E0,1.719E0));
#4206=VERTEX_POINT('',#4205);
#4207=CARTESIAN_POINT('',(-1.12E0,2.E-1,1.719E0));
#4208=CARTESIAN_POINT('',(-1.001E0,2.E-1,1.6E0));
#4209=VERTEX_POINT('',#4207);
#4210=VERTEX_POINT('',#4208);
#4211=CARTESIAN_POINT('',(-9.99E-1,2.E-1,1.6E0));
#4212=VERTEX_POINT('',#4211);
#4213=CARTESIAN_POINT('',(-8.8E-1,2.E-1,1.719E0));
#4214=VERTEX_POINT('',#4213);
#4215=CARTESIAN_POINT('',(-1.12E0,0.E0,2.E0));
#4216=CARTESIAN_POINT('',(-8.8E-1,0.E0,2.E0));
#4217=VERTEX_POINT('',#4215);
#4218=VERTEX_POINT('',#4216);
#4219=CARTESIAN_POINT('',(-1.12E0,2.E-1,2.E0));
#4220=VERTEX_POINT('',#4219);
#4221=CARTESIAN_POINT('',(-8.8E-1,2.E-1,2.E0));
#4222=VERTEX_POINT('',#4221);
#4223=CARTESIAN_POINT('',(0.E0,0.E0,0.E0));
#4224=DIRECTION('',(0.E0,-1.E0,0.E0));
#4225=DIRECTION('',(1.E0,0.E0,0.E0));
#4226=AXIS2_PLACEMENT_3D('',#4223,#4224,#4225);
#4227=PLANE('',#4226);
#4229=ORIENTED_EDGE('',*,*,#4228,.T.);
#4231=ORIENTED_EDGE('',*,*,#4230,.F.);
#4233=ORIENTED_EDGE('',*,*,#4232,.F.);
#4235=ORIENTED_EDGE('',*,*,#4234,.F.);
#4237=ORIENTED_EDGE('',*,*,#4236,.F.);
#4239=ORIENTED_EDGE('',*,*,#4238,.F.);
#4240=EDGE_LOOP('',(#4229,#4231,#4233,#4235,#4237,#4239));
#4241=FACE_OUTER_BOUND('',#4240,.F.);
#4243=CARTESIAN_POINT('',(2.E0,0.E0,2.E0));
#4244=DIRECTION('',(0.E0,0.E0,-1.E0));
#4245=DIRECTION('',(-1.E0,0.E0,0.E0));
#4246=AXIS2_PLACEMENT_3D('',#4243,#4244,#4245);
#4247=PLANE('',#4246);
#4248=ORIENTED_EDGE('',*,*,#4228,.F.);
#4250=ORIENTED_EDGE('',*,*,#4249,.T.);
#4252=ORIENTED_EDGE('',*,*,#4251,.T.);
#4254=ORIENTED_EDGE('',*,*,#4253,.F.);
#4255=EDGE_LOOP('',(#4248,#4250,#4252,#4254));
#4256=FACE_OUTER_BOUND('',#4255,.F.);
#4258=FILL_AREA_STYLE_COLOUR('',#29);
#4259=FILL_AREA_STYLE('',(#4258));
#4260=SURFACE_STYLE_FILL_AREA(#4259);
#4261=SURFACE_SIDE_STYLE('',(#4260));
#4262=SURFACE_STYLE_USAGE(.POSITIVE.,#4261);
#4263=PRESENTATION_STYLE_ASSIGNMENT((#4262));
#4264=OVER_RIDING_STYLED_ITEM('',(#4263),#4257,#4068);
#4265=CARTESIAN_POINT('',(-1.12E0,0.E0,2.1E0));
#4266=DIRECTION('',(1.E0,0.E0,0.E0));
#4267=DIRECTION('',(0.E0,0.E0,-1.E0));
#4268=AXIS2_PLACEMENT_3D('',#4265,#4266,#4267);
#4269=PLANE('',#4268);
#4270=ORIENTED_EDGE('',*,*,#4249,.F.);
#4271=ORIENTED_EDGE('',*,*,#4238,.T.);
#4273=ORIENTED_EDGE('',*,*,#4272,.T.);
#4275=ORIENTED_EDGE('',*,*,#4274,.F.);
#4276=EDGE_LOOP('',(#4270,#4271,#4273,#4275));
#4277=FACE_OUTER_BOUND('',#4276,.F.);
#4279=CARTESIAN_POINT('',(-1.001E0,0.E0,1.719E0));
#4280=DIRECTION('',(0.E0,-1.E0,0.E0));
#4281=DIRECTION('',(1.E0,0.E0,0.E0));
#4282=AXIS2_PLACEMENT_3D('',#4279,#4280,#4281);
#4283=CYLINDRICAL_SURFACE('',#4282,1.19E-1);
#4284=ORIENTED_EDGE('',*,*,#4236,.T.);
#4286=ORIENTED_EDGE('',*,*,#4285,.T.);
#4288=ORIENTED_EDGE('',*,*,#4287,.F.);
#4289=ORIENTED_EDGE('',*,*,#4272,.F.);
#4290=EDGE_LOOP('',(#4284,#4286,#4288,#4289));
#4291=FACE_OUTER_BOUND('',#4290,.F.);
#4293=CARTESIAN_POINT('',(-1.001E0,0.E0,1.6E0));
#4294=DIRECTION('',(0.E0,0.E0,1.E0));
#4295=DIRECTION('',(1.E0,0.E0,0.E0));
#4296=AXIS2_PLACEMENT_3D('',#4293,#4294,#4295);
#4297=PLANE('',#4296);
#4298=ORIENTED_EDGE('',*,*,#4234,.T.);
#4300=ORIENTED_EDGE('',*,*,#4299,.T.);
#4302=ORIENTED_EDGE('',*,*,#4301,.F.);
#4303=ORIENTED_EDGE('',*,*,#4285,.F.);
#4304=EDGE_LOOP('',(#4298,#4300,#4302,#4303));
#4305=FACE_OUTER_BOUND('',#4304,.F.);
#4307=CARTESIAN_POINT('',(-9.99E-1,0.E0,1.719E0));
#4308=DIRECTION('',(0.E0,-1.E0,0.E0));
#4309=DIRECTION('',(1.E0,0.E0,0.E0));
#4310=AXIS2_PLACEMENT_3D('',#4307,#4308,#4309);
#4311=CYLINDRICAL_SURFACE('',#4310,1.19E-1);
#4312=ORIENTED_EDGE('',*,*,#4232,.T.);
#4314=ORIENTED_EDGE('',*,*,#4313,.T.);
#4316=ORIENTED_EDGE('',*,*,#4315,.F.);
#4317=ORIENTED_EDGE('',*,*,#4299,.F.);
#4318=EDGE_LOOP('',(#4312,#4314,#4316,#4317));
#4319=FACE_OUTER_BOUND('',#4318,.F.);
#4321=CARTESIAN_POINT('',(-8.8E-1,0.E0,1.719E0));
#4322=DIRECTION('',(-1.E0,0.E0,0.E0));
#4323=DIRECTION('',(0.E0,0.E0,1.E0));
#4324=AXIS2_PLACEMENT_3D('',#4321,#4322,#4323);
#4325=PLANE('',#4324);
#4326=ORIENTED_EDGE('',*,*,#4253,.T.);
#4328=ORIENTED_EDGE('',*,*,#4327,.F.);
#4329=ORIENTED_EDGE('',*,*,#4313,.F.);
#4330=ORIENTED_EDGE('',*,*,#4230,.T.);
#4331=EDGE_LOOP('',(#4326,#4328,#4329,#4330));
#4332=FACE_OUTER_BOUND('',#4331,.F.);
#4334=CARTESIAN_POINT('',(0.E0,2.E-1,0.E0));
#4335=DIRECTION('',(0.E0,-1.E0,0.E0));
#4336=DIRECTION('',(1.E0,0.E0,0.E0));
#4337=AXIS2_PLACEMENT_3D('',#4334,#4335,#4336);
#4338=PLANE('',#4337);
#4339=ORIENTED_EDGE('',*,*,#4251,.F.);
#4340=ORIENTED_EDGE('',*,*,#4274,.T.);
#4341=ORIENTED_EDGE('',*,*,#4287,.T.);
#4342=ORIENTED_EDGE('',*,*,#4301,.T.);
#4343=ORIENTED_EDGE('',*,*,#4315,.T.);
#4344=ORIENTED_EDGE('',*,*,#4327,.T.);
#4345=EDGE_LOOP('',(#4339,#4340,#4341,#4342,#4343,#4344));
#4346=FACE_OUTER_BOUND('',#4345,.F.);
#4348=CLOSED_SHELL('',(#4242,#4257,#4278,#4292,#4306,#4320,#4333,#4347));
#4349=MANIFOLD_SOLID_BREP('',#4348);
#4350=FILL_AREA_STYLE_COLOUR('',#28);
#4351=FILL_AREA_STYLE('',(#4350));
#4352=SURFACE_STYLE_FILL_AREA(#4351);
#4353=SURFACE_SIDE_STYLE('',(#4352));
#4354=SURFACE_STYLE_USAGE(.POSITIVE.,#4353);
#4355=PRESENTATION_STYLE_ASSIGNMENT((#4354));
#4068=STYLED_ITEM('',(#4355),#4349);
#4357=DIRECTION('',(1.E0,0.E0,0.E0));
#4358=VECTOR('',#4357,2.4E-1);
#4359=CARTESIAN_POINT('',(-6.2E-1,0.E0,2.E0));
#4360=LINE('',#4359,#4358);
#4361=CURVE_STYLE('',#35,POSITIVE_LENGTH_MEASURE(2.E-2),#28);
#4362=PRESENTATION_STYLE_ASSIGNMENT((#4361));
#4363=STYLED_ITEM('',(#4362),#4360);
#4364=DIRECTION('',(0.E0,0.E0,1.E0));
#4365=VECTOR('',#4364,2.81E-1);
#4366=CARTESIAN_POINT('',(-3.8E-1,0.E0,1.719E0));
#4367=LINE('',#4366,#4365);
#4368=CURVE_STYLE('',#35,POSITIVE_LENGTH_MEASURE(2.E-2),#28);
#4369=PRESENTATION_STYLE_ASSIGNMENT((#4368));
#4370=STYLED_ITEM('',(#4369),#4367);
#4371=CARTESIAN_POINT('',(-4.99E-1,0.E0,1.719E0));
#4372=DIRECTION('',(0.E0,-1.E0,0.E0));
#4373=DIRECTION('',(0.E0,0.E0,-1.E0));
#4374=AXIS2_PLACEMENT_3D('',#4371,#4372,#4373);
#4376=CURVE_STYLE('',#35,POSITIVE_LENGTH_MEASURE(2.E-2),#28);
#4377=PRESENTATION_STYLE_ASSIGNMENT((#4376));
#4378=STYLED_ITEM('',(#4377),#4375);
#4379=DIRECTION('',(1.E0,0.E0,0.E0));
#4380=VECTOR('',#4379,2.E-3);
#4381=CARTESIAN_POINT('',(-5.01E-1,0.E0,1.6E0));
#4382=LINE('',#4381,#4380);
#4383=CURVE_STYLE('',#35,POSITIVE_LENGTH_MEASURE(2.E-2),#28);
#4384=PRESENTATION_STYLE_ASSIGNMENT((#4383));
#4385=STYLED_ITEM('',(#4384),#4382);
#4386=CARTESIAN_POINT('',(-5.01E-1,0.E0,1.719E0));
#4387=DIRECTION('',(0.E0,-1.E0,0.E0));
#4388=DIRECTION('',(-1.E0,0.E0,0.E0));
#4389=AXIS2_PLACEMENT_3D('',#4386,#4387,#4388);
#4391=CURVE_STYLE('',#35,POSITIVE_LENGTH_MEASURE(2.E-2),#28);
#4392=PRESENTATION_STYLE_ASSIGNMENT((#4391));
#4393=STYLED_ITEM('',(#4392),#4390);
#4394=DIRECTION('',(0.E0,0.E0,-1.E0));
#4395=VECTOR('',#4394,2.81E-1);
#4396=CARTESIAN_POINT('',(-6.2E-1,0.E0,2.E0));
#4397=LINE('',#4396,#4395);
#4398=CURVE_STYLE('',#35,POSITIVE_LENGTH_MEASURE(2.E-2),#28);
#4399=PRESENTATION_STYLE_ASSIGNMENT((#4398));
#4400=STYLED_ITEM('',(#4399),#4397);
#4401=DIRECTION('',(0.E0,1.E0,0.E0));
#4402=VECTOR('',#4401,2.E-1);
#4403=CARTESIAN_POINT('',(-6.2E-1,0.E0,2.E0));
#4404=LINE('',#4403,#4402);
#4405=CURVE_STYLE('',#35,POSITIVE_LENGTH_MEASURE(2.E-2),#28);
#4406=PRESENTATION_STYLE_ASSIGNMENT((#4405));
#4407=STYLED_ITEM('',(#4406),#4404);
#4408=DIRECTION('',(0.E0,1.E0,0.E0));
#4409=VECTOR('',#4408,2.E-1);
#4410=CARTESIAN_POINT('',(-6.2E-1,0.E0,1.719E0));
#4411=LINE('',#4410,#4409);
#4412=CURVE_STYLE('',#35,POSITIVE_LENGTH_MEASURE(2.E-2),#28);
#4413=PRESENTATION_STYLE_ASSIGNMENT((#4412));
#4414=STYLED_ITEM('',(#4413),#4411);
#4415=DIRECTION('',(0.E0,1.E0,0.E0));
#4416=VECTOR('',#4415,2.E-1);
#4417=CARTESIAN_POINT('',(-5.01E-1,0.E0,1.6E0));
#4418=LINE('',#4417,#4416);
#4419=CURVE_STYLE('',#35,POSITIVE_LENGTH_MEASURE(2.E-2),#28);
#4420=PRESENTATION_STYLE_ASSIGNMENT((#4419));
#4421=STYLED_ITEM('',(#4420),#4418);
#4422=DIRECTION('',(0.E0,1.E0,0.E0));
#4423=VECTOR('',#4422,2.E-1);
#4424=CARTESIAN_POINT('',(-4.99E-1,0.E0,1.6E0));
#4425=LINE('',#4424,#4423);
#4426=CURVE_STYLE('',#35,POSITIVE_LENGTH_MEASURE(2.E-2),#28);
#4427=PRESENTATION_STYLE_ASSIGNMENT((#4426));
#4428=STYLED_ITEM('',(#4427),#4425);
#4429=DIRECTION('',(0.E0,1.E0,0.E0));
#4430=VECTOR('',#4429,2.E-1);
#4431=CARTESIAN_POINT('',(-3.8E-1,0.E0,2.E0));
#4432=LINE('',#4431,#4430);
#4433=CURVE_STYLE('',#35,POSITIVE_LENGTH_MEASURE(2.E-2),#28);
#4434=PRESENTATION_STYLE_ASSIGNMENT((#4433));
#4435=STYLED_ITEM('',(#4434),#4432);
#4436=DIRECTION('',(0.E0,1.E0,0.E0));
#4437=VECTOR('',#4436,2.E-1);
#4438=CARTESIAN_POINT('',(-3.8E-1,0.E0,1.719E0));
#4439=LINE('',#4438,#4437);
#4440=CURVE_STYLE('',#35,POSITIVE_LENGTH_MEASURE(2.E-2),#28);
#4441=PRESENTATION_STYLE_ASSIGNMENT((#4440));
#4442=STYLED_ITEM('',(#4441),#4439);
#4443=DIRECTION('',(1.E0,0.E0,0.E0));
#4444=VECTOR('',#4443,2.4E-1);
#4445=CARTESIAN_POINT('',(-6.2E-1,2.E-1,2.E0));
#4446=LINE('',#4445,#4444);
#4447=CURVE_STYLE('',#35,POSITIVE_LENGTH_MEASURE(2.E-2),#28);
#4448=PRESENTATION_STYLE_ASSIGNMENT((#4447));
#4449=STYLED_ITEM('',(#4448),#4446);
#4450=DIRECTION('',(0.E0,0.E0,-1.E0));
#4451=VECTOR('',#4450,2.81E-1);
#4452=CARTESIAN_POINT('',(-6.2E-1,2.E-1,2.E0));
#4453=LINE('',#4452,#4451);
#4454=CURVE_STYLE('',#35,POSITIVE_LENGTH_MEASURE(2.E-2),#28);
#4455=PRESENTATION_STYLE_ASSIGNMENT((#4454));
#4456=STYLED_ITEM('',(#4455),#4453);
#4457=CARTESIAN_POINT('',(-5.01E-1,2.E-1,1.719E0));
#4458=DIRECTION('',(0.E0,-1.E0,0.E0));
#4459=DIRECTION('',(-1.E0,0.E0,0.E0));
#4460=AXIS2_PLACEMENT_3D('',#4457,#4458,#4459);
#4462=CURVE_STYLE('',#35,POSITIVE_LENGTH_MEASURE(2.E-2),#28);
#4463=PRESENTATION_STYLE_ASSIGNMENT((#4462));
#4464=STYLED_ITEM('',(#4463),#4461);
#4465=DIRECTION('',(1.E0,0.E0,1.110223024625E-13));
#4466=VECTOR('',#4465,2.E-3);
#4467=CARTESIAN_POINT('',(-5.01E-1,2.E-1,1.6E0));
#4468=LINE('',#4467,#4466);
#4469=CURVE_STYLE('',#35,POSITIVE_LENGTH_MEASURE(2.E-2),#28);
#4470=PRESENTATION_STYLE_ASSIGNMENT((#4469));
#4471=STYLED_ITEM('',(#4470),#4468);
#4472=CARTESIAN_POINT('',(-4.99E-1,2.E-1,1.719E0));
#4473=DIRECTION('',(0.E0,-1.E0,0.E0));
#4474=DIRECTION('',(0.E0,0.E0,-1.E0));
#4475=AXIS2_PLACEMENT_3D('',#4472,#4473,#4474);
#4477=CURVE_STYLE('',#35,POSITIVE_LENGTH_MEASURE(2.E-2),#28);
#4478=PRESENTATION_STYLE_ASSIGNMENT((#4477));
#4479=STYLED_ITEM('',(#4478),#4476);
#4480=DIRECTION('',(0.E0,0.E0,1.E0));
#4481=VECTOR('',#4480,2.81E-1);
#4482=CARTESIAN_POINT('',(-3.8E-1,2.E-1,1.719E0));
#4483=LINE('',#4482,#4481);
#4484=CURVE_STYLE('',#35,POSITIVE_LENGTH_MEASURE(2.E-2),#28);
#4485=PRESENTATION_STYLE_ASSIGNMENT((#4484));
#4486=STYLED_ITEM('',(#4485),#4483);
#4487=CARTESIAN_POINT('',(-6.2E-1,0.E0,1.719E0));
#4488=CARTESIAN_POINT('',(-5.01E-1,0.E0,1.6E0));
#4489=VERTEX_POINT('',#4487);
#4490=VERTEX_POINT('',#4488);
#4491=CARTESIAN_POINT('',(-4.99E-1,0.E0,1.6E0));
#4492=VERTEX_POINT('',#4491);
#4493=CARTESIAN_POINT('',(-3.8E-1,0.E0,1.719E0));
#4494=VERTEX_POINT('',#4493);
#4495=CARTESIAN_POINT('',(-6.2E-1,2.E-1,1.719E0));
#4496=CARTESIAN_POINT('',(-5.01E-1,2.E-1,1.6E0));
#4497=VERTEX_POINT('',#4495);
#4498=VERTEX_POINT('',#4496);
#4499=CARTESIAN_POINT('',(-4.99E-1,2.E-1,1.6E0));
#4500=VERTEX_POINT('',#4499);
#4501=CARTESIAN_POINT('',(-3.8E-1,2.E-1,1.719E0));
#4502=VERTEX_POINT('',#4501);
#4503=CARTESIAN_POINT('',(-6.2E-1,0.E0,2.E0));
#4504=CARTESIAN_POINT('',(-3.8E-1,0.E0,2.E0));
#4505=VERTEX_POINT('',#4503);
#4506=VERTEX_POINT('',#4504);
#4507=CARTESIAN_POINT('',(-6.2E-1,2.E-1,2.E0));
#4508=VERTEX_POINT('',#4507);
#4509=CARTESIAN_POINT('',(-3.8E-1,2.E-1,2.E0));
#4510=VERTEX_POINT('',#4509);
#4511=CARTESIAN_POINT('',(0.E0,0.E0,0.E0));
#4512=DIRECTION('',(0.E0,-1.E0,0.E0));
#4513=DIRECTION('',(1.E0,0.E0,0.E0));
#4514=AXIS2_PLACEMENT_3D('',#4511,#4512,#4513);
#4515=PLANE('',#4514);
#4517=ORIENTED_EDGE('',*,*,#4516,.T.);
#4519=ORIENTED_EDGE('',*,*,#4518,.F.);
#4521=ORIENTED_EDGE('',*,*,#4520,.F.);
#4523=ORIENTED_EDGE('',*,*,#4522,.F.);
#4525=ORIENTED_EDGE('',*,*,#4524,.F.);
#4527=ORIENTED_EDGE('',*,*,#4526,.F.);
#4528=EDGE_LOOP('',(#4517,#4519,#4521,#4523,#4525,#4527));
#4529=FACE_OUTER_BOUND('',#4528,.F.);
#4531=CARTESIAN_POINT('',(2.E0,0.E0,2.E0));
#4532=DIRECTION('',(0.E0,0.E0,-1.E0));
#4533=DIRECTION('',(-1.E0,0.E0,0.E0));
#4534=AXIS2_PLACEMENT_3D('',#4531,#4532,#4533);
#4535=PLANE('',#4534);
#4536=ORIENTED_EDGE('',*,*,#4516,.F.);
#4538=ORIENTED_EDGE('',*,*,#4537,.T.);
#4540=ORIENTED_EDGE('',*,*,#4539,.T.);
#4542=ORIENTED_EDGE('',*,*,#4541,.F.);
#4543=EDGE_LOOP('',(#4536,#4538,#4540,#4542));
#4544=FACE_OUTER_BOUND('',#4543,.F.);
#4546=FILL_AREA_STYLE_COLOUR('',#29);
#4547=FILL_AREA_STYLE('',(#4546));
#4548=SURFACE_STYLE_FILL_AREA(#4547);
#4549=SURFACE_SIDE_STYLE('',(#4548));
#4550=SURFACE_STYLE_USAGE(.POSITIVE.,#4549);
#4551=PRESENTATION_STYLE_ASSIGNMENT((#4550));
#4552=OVER_RIDING_STYLED_ITEM('',(#4551),#4545,#4356);
#4553=CARTESIAN_POINT('',(-6.2E-1,0.E0,2.1E0));
#4554=DIRECTION('',(1.E0,0.E0,0.E0));
#4555=DIRECTION('',(0.E0,0.E0,-1.E0));
#4556=AXIS2_PLACEMENT_3D('',#4553,#4554,#4555);
#4557=PLANE('',#4556);
#4558=ORIENTED_EDGE('',*,*,#4537,.F.);
#4559=ORIENTED_EDGE('',*,*,#4526,.T.);
#4561=ORIENTED_EDGE('',*,*,#4560,.T.);
#4563=ORIENTED_EDGE('',*,*,#4562,.F.);
#4564=EDGE_LOOP('',(#4558,#4559,#4561,#4563));
#4565=FACE_OUTER_BOUND('',#4564,.F.);
#4567=CARTESIAN_POINT('',(-5.01E-1,0.E0,1.719E0));
#4568=DIRECTION('',(0.E0,-1.E0,0.E0));
#4569=DIRECTION('',(1.E0,0.E0,0.E0));
#4570=AXIS2_PLACEMENT_3D('',#4567,#4568,#4569);
#4571=CYLINDRICAL_SURFACE('',#4570,1.19E-1);
#4572=ORIENTED_EDGE('',*,*,#4524,.T.);
#4574=ORIENTED_EDGE('',*,*,#4573,.T.);
#4576=ORIENTED_EDGE('',*,*,#4575,.F.);
#4577=ORIENTED_EDGE('',*,*,#4560,.F.);
#4578=EDGE_LOOP('',(#4572,#4574,#4576,#4577));
#4579=FACE_OUTER_BOUND('',#4578,.F.);
#4581=CARTESIAN_POINT('',(-5.01E-1,0.E0,1.6E0));
#4582=DIRECTION('',(0.E0,0.E0,1.E0));
#4583=DIRECTION('',(1.E0,0.E0,0.E0));
#4584=AXIS2_PLACEMENT_3D('',#4581,#4582,#4583);
#4585=PLANE('',#4584);
#4586=ORIENTED_EDGE('',*,*,#4522,.T.);
#4588=ORIENTED_EDGE('',*,*,#4587,.T.);
#4590=ORIENTED_EDGE('',*,*,#4589,.F.);
#4591=ORIENTED_EDGE('',*,*,#4573,.F.);
#4592=EDGE_LOOP('',(#4586,#4588,#4590,#4591));
#4593=FACE_OUTER_BOUND('',#4592,.F.);
#4595=CARTESIAN_POINT('',(-4.99E-1,0.E0,1.719E0));
#4596=DIRECTION('',(0.E0,-1.E0,0.E0));
#4597=DIRECTION('',(1.E0,0.E0,0.E0));
#4598=AXIS2_PLACEMENT_3D('',#4595,#4596,#4597);
#4599=CYLINDRICAL_SURFACE('',#4598,1.19E-1);
#4600=ORIENTED_EDGE('',*,*,#4520,.T.);
#4602=ORIENTED_EDGE('',*,*,#4601,.T.);
#4604=ORIENTED_EDGE('',*,*,#4603,.F.);
#4605=ORIENTED_EDGE('',*,*,#4587,.F.);
#4606=EDGE_LOOP('',(#4600,#4602,#4604,#4605));
#4607=FACE_OUTER_BOUND('',#4606,.F.);
#4609=CARTESIAN_POINT('',(-3.8E-1,0.E0,1.719E0));
#4610=DIRECTION('',(-1.E0,0.E0,0.E0));
#4611=DIRECTION('',(0.E0,0.E0,1.E0));
#4612=AXIS2_PLACEMENT_3D('',#4609,#4610,#4611);
#4613=PLANE('',#4612);
#4614=ORIENTED_EDGE('',*,*,#4541,.T.);
#4616=ORIENTED_EDGE('',*,*,#4615,.F.);
#4617=ORIENTED_EDGE('',*,*,#4601,.F.);
#4618=ORIENTED_EDGE('',*,*,#4518,.T.);
#4619=EDGE_LOOP('',(#4614,#4616,#4617,#4618));
#4620=FACE_OUTER_BOUND('',#4619,.F.);
#4622=CARTESIAN_POINT('',(0.E0,2.E-1,0.E0));
#4623=DIRECTION('',(0.E0,-1.E0,0.E0));
#4624=DIRECTION('',(1.E0,0.E0,0.E0));
#4625=AXIS2_PLACEMENT_3D('',#4622,#4623,#4624);
#4626=PLANE('',#4625);
#4627=ORIENTED_EDGE('',*,*,#4539,.F.);
#4628=ORIENTED_EDGE('',*,*,#4562,.T.);
#4629=ORIENTED_EDGE('',*,*,#4575,.T.);
#4630=ORIENTED_EDGE('',*,*,#4589,.T.);
#4631=ORIENTED_EDGE('',*,*,#4603,.T.);
#4632=ORIENTED_EDGE('',*,*,#4615,.T.);
#4633=EDGE_LOOP('',(#4627,#4628,#4629,#4630,#4631,#4632));
#4634=FACE_OUTER_BOUND('',#4633,.F.);
#4636=CLOSED_SHELL('',(#4530,#4545,#4566,#4580,#4594,#4608,#4621,#4635));
#4637=MANIFOLD_SOLID_BREP('',#4636);
#4638=FILL_AREA_STYLE_COLOUR('',#28);
#4639=FILL_AREA_STYLE('',(#4638));
#4640=SURFACE_STYLE_FILL_AREA(#4639);
#4641=SURFACE_SIDE_STYLE('',(#4640));
#4642=SURFACE_STYLE_USAGE(.POSITIVE.,#4641);
#4643=PRESENTATION_STYLE_ASSIGNMENT((#4642));
#4356=STYLED_ITEM('',(#4643),#4637);
#4645=DIRECTION('',(1.E0,0.E0,0.E0));
#4646=VECTOR('',#4645,2.4E-1);
#4647=CARTESIAN_POINT('',(-1.2E-1,0.E0,2.E0));
#4648=LINE('',#4647,#4646);
#4649=CURVE_STYLE('',#35,POSITIVE_LENGTH_MEASURE(2.E-2),#28);
#4650=PRESENTATION_STYLE_ASSIGNMENT((#4649));
#4651=STYLED_ITEM('',(#4650),#4648);
#4652=DIRECTION('',(0.E0,0.E0,1.E0));
#4653=VECTOR('',#4652,2.81E-1);
#4654=CARTESIAN_POINT('',(1.2E-1,0.E0,1.719E0));
#4655=LINE('',#4654,#4653);
#4656=CURVE_STYLE('',#35,POSITIVE_LENGTH_MEASURE(2.E-2),#28);
#4657=PRESENTATION_STYLE_ASSIGNMENT((#4656));
#4658=STYLED_ITEM('',(#4657),#4655);
#4659=CARTESIAN_POINT('',(1.E-3,0.E0,1.719E0));
#4660=DIRECTION('',(0.E0,-1.E0,0.E0));
#4661=DIRECTION('',(0.E0,0.E0,-1.E0));
#4662=AXIS2_PLACEMENT_3D('',#4659,#4660,#4661);
#4664=CURVE_STYLE('',#35,POSITIVE_LENGTH_MEASURE(2.E-2),#28);
#4665=PRESENTATION_STYLE_ASSIGNMENT((#4664));
#4666=STYLED_ITEM('',(#4665),#4663);
#4667=DIRECTION('',(1.E0,0.E0,0.E0));
#4668=VECTOR('',#4667,2.E-3);
#4669=CARTESIAN_POINT('',(-1.E-3,0.E0,1.6E0));
#4670=LINE('',#4669,#4668);
#4671=CURVE_STYLE('',#35,POSITIVE_LENGTH_MEASURE(2.E-2),#28);
#4672=PRESENTATION_STYLE_ASSIGNMENT((#4671));
#4673=STYLED_ITEM('',(#4672),#4670);
#4674=CARTESIAN_POINT('',(-1.E-3,0.E0,1.719E0));
#4675=DIRECTION('',(0.E0,-1.E0,0.E0));
#4676=DIRECTION('',(-1.E0,0.E0,0.E0));
#4677=AXIS2_PLACEMENT_3D('',#4674,#4675,#4676);
#4679=CURVE_STYLE('',#35,POSITIVE_LENGTH_MEASURE(2.E-2),#28);
#4680=PRESENTATION_STYLE_ASSIGNMENT((#4679));
#4681=STYLED_ITEM('',(#4680),#4678);
#4682=DIRECTION('',(0.E0,0.E0,-1.E0));
#4683=VECTOR('',#4682,2.81E-1);
#4684=CARTESIAN_POINT('',(-1.2E-1,0.E0,2.E0));
#4685=LINE('',#4684,#4683);
#4686=CURVE_STYLE('',#35,POSITIVE_LENGTH_MEASURE(2.E-2),#28);
#4687=PRESENTATION_STYLE_ASSIGNMENT((#4686));
#4688=STYLED_ITEM('',(#4687),#4685);
#4689=DIRECTION('',(0.E0,1.E0,0.E0));
#4690=VECTOR('',#4689,2.E-1);
#4691=CARTESIAN_POINT('',(-1.2E-1,0.E0,2.E0));
#4692=LINE('',#4691,#4690);
#4693=CURVE_STYLE('',#35,POSITIVE_LENGTH_MEASURE(2.E-2),#28);
#4694=PRESENTATION_STYLE_ASSIGNMENT((#4693));
#4695=STYLED_ITEM('',(#4694),#4692);
#4696=DIRECTION('',(0.E0,1.E0,0.E0));
#4697=VECTOR('',#4696,2.E-1);
#4698=CARTESIAN_POINT('',(-1.2E-1,0.E0,1.719E0));
#4699=LINE('',#4698,#4697);
#4700=CURVE_STYLE('',#35,POSITIVE_LENGTH_MEASURE(2.E-2),#28);
#4701=PRESENTATION_STYLE_ASSIGNMENT((#4700));
#4702=STYLED_ITEM('',(#4701),#4699);
#4703=DIRECTION('',(0.E0,1.E0,0.E0));
#4704=VECTOR('',#4703,2.E-1);
#4705=CARTESIAN_POINT('',(-1.E-3,0.E0,1.6E0));
#4706=LINE('',#4705,#4704);
#4707=CURVE_STYLE('',#35,POSITIVE_LENGTH_MEASURE(2.E-2),#28);
#4708=PRESENTATION_STYLE_ASSIGNMENT((#4707));
#4709=STYLED_ITEM('',(#4708),#4706);
#4710=DIRECTION('',(0.E0,1.E0,0.E0));
#4711=VECTOR('',#4710,2.E-1);
#4712=CARTESIAN_POINT('',(1.E-3,0.E0,1.6E0));
#4713=LINE('',#4712,#4711);
#4714=CURVE_STYLE('',#35,POSITIVE_LENGTH_MEASURE(2.E-2),#28);
#4715=PRESENTATION_STYLE_ASSIGNMENT((#4714));
#4716=STYLED_ITEM('',(#4715),#4713);
#4717=DIRECTION('',(0.E0,1.E0,0.E0));
#4718=VECTOR('',#4717,2.E-1);
#4719=CARTESIAN_POINT('',(1.2E-1,0.E0,2.E0));
#4720=LINE('',#4719,#4718);
#4721=CURVE_STYLE('',#35,POSITIVE_LENGTH_MEASURE(2.E-2),#28);
#4722=PRESENTATION_STYLE_ASSIGNMENT((#4721));
#4723=STYLED_ITEM('',(#4722),#4720);
#4724=DIRECTION('',(0.E0,1.E0,0.E0));
#4725=VECTOR('',#4724,2.E-1);
#4726=CARTESIAN_POINT('',(1.2E-1,0.E0,1.719E0));
#4727=LINE('',#4726,#4725);
#4728=CURVE_STYLE('',#35,POSITIVE_LENGTH_MEASURE(2.E-2),#28);
#4729=PRESENTATION_STYLE_ASSIGNMENT((#4728));
#4730=STYLED_ITEM('',(#4729),#4727);
#4731=DIRECTION('',(1.E0,0.E0,0.E0));
#4732=VECTOR('',#4731,2.4E-1);
#4733=CARTESIAN_POINT('',(-1.2E-1,2.E-1,2.E0));
#4734=LINE('',#4733,#4732);
#4735=CURVE_STYLE('',#35,POSITIVE_LENGTH_MEASURE(2.E-2),#28);
#4736=PRESENTATION_STYLE_ASSIGNMENT((#4735));
#4737=STYLED_ITEM('',(#4736),#4734);
#4738=DIRECTION('',(0.E0,0.E0,-1.E0));
#4739=VECTOR('',#4738,2.81E-1);
#4740=CARTESIAN_POINT('',(-1.2E-1,2.E-1,2.E0));
#4741=LINE('',#4740,#4739);
#4742=CURVE_STYLE('',#35,POSITIVE_LENGTH_MEASURE(2.E-2),#28);
#4743=PRESENTATION_STYLE_ASSIGNMENT((#4742));
#4744=STYLED_ITEM('',(#4743),#4741);
#4745=CARTESIAN_POINT('',(-1.E-3,2.E-1,1.719E0));
#4746=DIRECTION('',(0.E0,-1.E0,0.E0));
#4747=DIRECTION('',(-1.E0,0.E0,0.E0));
#4748=AXIS2_PLACEMENT_3D('',#4745,#4746,#4747);
#4750=CURVE_STYLE('',#35,POSITIVE_LENGTH_MEASURE(2.E-2),#28);
#4751=PRESENTATION_STYLE_ASSIGNMENT((#4750));
#4752=STYLED_ITEM('',(#4751),#4749);
#4753=DIRECTION('',(1.E0,0.E0,1.110223024625E-13));
#4754=VECTOR('',#4753,2.E-3);
#4755=CARTESIAN_POINT('',(-1.E-3,2.E-1,1.6E0));
#4756=LINE('',#4755,#4754);
#4757=CURVE_STYLE('',#35,POSITIVE_LENGTH_MEASURE(2.E-2),#28);
#4758=PRESENTATION_STYLE_ASSIGNMENT((#4757));
#4759=STYLED_ITEM('',(#4758),#4756);
#4760=CARTESIAN_POINT('',(1.E-3,2.E-1,1.719E0));
#4761=DIRECTION('',(0.E0,-1.E0,0.E0));
#4762=DIRECTION('',(0.E0,0.E0,-1.E0));
#4763=AXIS2_PLACEMENT_3D('',#4760,#4761,#4762);
#4765=CURVE_STYLE('',#35,POSITIVE_LENGTH_MEASURE(2.E-2),#28);
#4766=PRESENTATION_STYLE_ASSIGNMENT((#4765));
#4767=STYLED_ITEM('',(#4766),#4764);
#4768=DIRECTION('',(0.E0,0.E0,1.E0));
#4769=VECTOR('',#4768,2.81E-1);
#4770=CARTESIAN_POINT('',(1.2E-1,2.E-1,1.719E0));
#4771=LINE('',#4770,#4769);
#4772=CURVE_STYLE('',#35,POSITIVE_LENGTH_MEASURE(2.E-2),#28);
#4773=PRESENTATION_STYLE_ASSIGNMENT((#4772));
#4774=STYLED_ITEM('',(#4773),#4771);
#4775=CARTESIAN_POINT('',(-1.2E-1,0.E0,1.719E0));
#4776=CARTESIAN_POINT('',(-1.E-3,0.E0,1.6E0));
#4777=VERTEX_POINT('',#4775);
#4778=VERTEX_POINT('',#4776);
#4779=CARTESIAN_POINT('',(1.E-3,0.E0,1.6E0));
#4780=VERTEX_POINT('',#4779);
#4781=CARTESIAN_POINT('',(1.2E-1,0.E0,1.719E0));
#4782=VERTEX_POINT('',#4781);
#4783=CARTESIAN_POINT('',(-1.2E-1,2.E-1,1.719E0));
#4784=CARTESIAN_POINT('',(-1.E-3,2.E-1,1.6E0));
#4785=VERTEX_POINT('',#4783);
#4786=VERTEX_POINT('',#4784);
#4787=CARTESIAN_POINT('',(1.E-3,2.E-1,1.6E0));
#4788=VERTEX_POINT('',#4787);
#4789=CARTESIAN_POINT('',(1.2E-1,2.E-1,1.719E0));
#4790=VERTEX_POINT('',#4789);
#4791=CARTESIAN_POINT('',(-1.2E-1,0.E0,2.E0));
#4792=CARTESIAN_POINT('',(1.2E-1,0.E0,2.E0));
#4793=VERTEX_POINT('',#4791);
#4794=VERTEX_POINT('',#4792);
#4795=CARTESIAN_POINT('',(-1.2E-1,2.E-1,2.E0));
#4796=VERTEX_POINT('',#4795);
#4797=CARTESIAN_POINT('',(1.2E-1,2.E-1,2.E0));
#4798=VERTEX_POINT('',#4797);
#4799=CARTESIAN_POINT('',(0.E0,0.E0,0.E0));
#4800=DIRECTION('',(0.E0,-1.E0,0.E0));
#4801=DIRECTION('',(1.E0,0.E0,0.E0));
#4802=AXIS2_PLACEMENT_3D('',#4799,#4800,#4801);
#4803=PLANE('',#4802);
#4805=ORIENTED_EDGE('',*,*,#4804,.T.);
#4807=ORIENTED_EDGE('',*,*,#4806,.F.);
#4809=ORIENTED_EDGE('',*,*,#4808,.F.);
#4811=ORIENTED_EDGE('',*,*,#4810,.F.);
#4813=ORIENTED_EDGE('',*,*,#4812,.F.);
#4815=ORIENTED_EDGE('',*,*,#4814,.F.);
#4816=EDGE_LOOP('',(#4805,#4807,#4809,#4811,#4813,#4815));
#4817=FACE_OUTER_BOUND('',#4816,.F.);
#4819=CARTESIAN_POINT('',(2.E0,0.E0,2.E0));
#4820=DIRECTION('',(0.E0,0.E0,-1.E0));
#4821=DIRECTION('',(-1.E0,0.E0,0.E0));
#4822=AXIS2_PLACEMENT_3D('',#4819,#4820,#4821);
#4823=PLANE('',#4822);
#4824=ORIENTED_EDGE('',*,*,#4804,.F.);
#4826=ORIENTED_EDGE('',*,*,#4825,.T.);
#4828=ORIENTED_EDGE('',*,*,#4827,.T.);
#4830=ORIENTED_EDGE('',*,*,#4829,.F.);
#4831=EDGE_LOOP('',(#4824,#4826,#4828,#4830));
#4832=FACE_OUTER_BOUND('',#4831,.F.);
#4834=FILL_AREA_STYLE_COLOUR('',#29);
#4835=FILL_AREA_STYLE('',(#4834));
#4836=SURFACE_STYLE_FILL_AREA(#4835);
#4837=SURFACE_SIDE_STYLE('',(#4836));
#4838=SURFACE_STYLE_USAGE(.POSITIVE.,#4837);
#4839=PRESENTATION_STYLE_ASSIGNMENT((#4838));
#4840=OVER_RIDING_STYLED_ITEM('',(#4839),#4833,#4644);
#4841=CARTESIAN_POINT('',(-1.2E-1,0.E0,2.1E0));
#4842=DIRECTION('',(1.E0,0.E0,0.E0));
#4843=DIRECTION('',(0.E0,0.E0,-1.E0));
#4844=AXIS2_PLACEMENT_3D('',#4841,#4842,#4843);
#4845=PLANE('',#4844);
#4846=ORIENTED_EDGE('',*,*,#4825,.F.);
#4847=ORIENTED_EDGE('',*,*,#4814,.T.);
#4849=ORIENTED_EDGE('',*,*,#4848,.T.);
#4851=ORIENTED_EDGE('',*,*,#4850,.F.);
#4852=EDGE_LOOP('',(#4846,#4847,#4849,#4851));
#4853=FACE_OUTER_BOUND('',#4852,.F.);
#4855=CARTESIAN_POINT('',(-1.E-3,0.E0,1.719E0));
#4856=DIRECTION('',(0.E0,-1.E0,0.E0));
#4857=DIRECTION('',(1.E0,0.E0,0.E0));
#4858=AXIS2_PLACEMENT_3D('',#4855,#4856,#4857);
#4859=CYLINDRICAL_SURFACE('',#4858,1.19E-1);
#4860=ORIENTED_EDGE('',*,*,#4812,.T.);
#4862=ORIENTED_EDGE('',*,*,#4861,.T.);
#4864=ORIENTED_EDGE('',*,*,#4863,.F.);
#4865=ORIENTED_EDGE('',*,*,#4848,.F.);
#4866=EDGE_LOOP('',(#4860,#4862,#4864,#4865));
#4867=FACE_OUTER_BOUND('',#4866,.F.);
#4869=CARTESIAN_POINT('',(-1.E-3,0.E0,1.6E0));
#4870=DIRECTION('',(0.E0,0.E0,1.E0));
#4871=DIRECTION('',(1.E0,0.E0,0.E0));
#4872=AXIS2_PLACEMENT_3D('',#4869,#4870,#4871);
#4873=PLANE('',#4872);
#4874=ORIENTED_EDGE('',*,*,#4810,.T.);
#4876=ORIENTED_EDGE('',*,*,#4875,.T.);
#4878=ORIENTED_EDGE('',*,*,#4877,.F.);
#4879=ORIENTED_EDGE('',*,*,#4861,.F.);
#4880=EDGE_LOOP('',(#4874,#4876,#4878,#4879));
#4881=FACE_OUTER_BOUND('',#4880,.F.);
#4883=CARTESIAN_POINT('',(1.E-3,0.E0,1.719E0));
#4884=DIRECTION('',(0.E0,-1.E0,0.E0));
#4885=DIRECTION('',(1.E0,0.E0,0.E0));
#4886=AXIS2_PLACEMENT_3D('',#4883,#4884,#4885);
#4887=CYLINDRICAL_SURFACE('',#4886,1.19E-1);
#4888=ORIENTED_EDGE('',*,*,#4808,.T.);
#4890=ORIENTED_EDGE('',*,*,#4889,.T.);
#4892=ORIENTED_EDGE('',*,*,#4891,.F.);
#4893=ORIENTED_EDGE('',*,*,#4875,.F.);
#4894=EDGE_LOOP('',(#4888,#4890,#4892,#4893));
#4895=FACE_OUTER_BOUND('',#4894,.F.);
#4897=CARTESIAN_POINT('',(1.2E-1,0.E0,1.719E0));
#4898=DIRECTION('',(-1.E0,0.E0,0.E0));
#4899=DIRECTION('',(0.E0,0.E0,1.E0));
#4900=AXIS2_PLACEMENT_3D('',#4897,#4898,#4899);
#4901=PLANE('',#4900);
#4902=ORIENTED_EDGE('',*,*,#4829,.T.);
#4904=ORIENTED_EDGE('',*,*,#4903,.F.);
#4905=ORIENTED_EDGE('',*,*,#4889,.F.);
#4906=ORIENTED_EDGE('',*,*,#4806,.T.);
#4907=EDGE_LOOP('',(#4902,#4904,#4905,#4906));
#4908=FACE_OUTER_BOUND('',#4907,.F.);
#4910=CARTESIAN_POINT('',(0.E0,2.E-1,0.E0));
#4911=DIRECTION('',(0.E0,-1.E0,0.E0));
#4912=DIRECTION('',(1.E0,0.E0,0.E0));
#4913=AXIS2_PLACEMENT_3D('',#4910,#4911,#4912);
#4914=PLANE('',#4913);
#4915=ORIENTED_EDGE('',*,*,#4827,.F.);
#4916=ORIENTED_EDGE('',*,*,#4850,.T.);
#4917=ORIENTED_EDGE('',*,*,#4863,.T.);
#4918=ORIENTED_EDGE('',*,*,#4877,.T.);
#4919=ORIENTED_EDGE('',*,*,#4891,.T.);
#4920=ORIENTED_EDGE('',*,*,#4903,.T.);
#4921=EDGE_LOOP('',(#4915,#4916,#4917,#4918,#4919,#4920));
#4922=FACE_OUTER_BOUND('',#4921,.F.);
#4924=CLOSED_SHELL('',(#4818,#4833,#4854,#4868,#4882,#4896,#4909,#4923));
#4925=MANIFOLD_SOLID_BREP('',#4924);
#4926=FILL_AREA_STYLE_COLOUR('',#28);
#4927=FILL_AREA_STYLE('',(#4926));
#4928=SURFACE_STYLE_FILL_AREA(#4927);
#4929=SURFACE_SIDE_STYLE('',(#4928));
#4930=SURFACE_STYLE_USAGE(.POSITIVE.,#4929);
#4931=PRESENTATION_STYLE_ASSIGNMENT((#4930));
#4644=STYLED_ITEM('',(#4931),#4925);
#4933=DIRECTION('',(1.E0,0.E0,0.E0));
#4934=VECTOR('',#4933,2.4E-1);
#4935=CARTESIAN_POINT('',(3.8E-1,0.E0,2.E0));
#4936=LINE('',#4935,#4934);
#4937=CURVE_STYLE('',#35,POSITIVE_LENGTH_MEASURE(2.E-2),#28);
#4938=PRESENTATION_STYLE_ASSIGNMENT((#4937));
#4939=STYLED_ITEM('',(#4938),#4936);
#4940=DIRECTION('',(0.E0,0.E0,1.E0));
#4941=VECTOR('',#4940,2.81E-1);
#4942=CARTESIAN_POINT('',(6.2E-1,0.E0,1.719E0));
#4943=LINE('',#4942,#4941);
#4944=CURVE_STYLE('',#35,POSITIVE_LENGTH_MEASURE(2.E-2),#28);
#4945=PRESENTATION_STYLE_ASSIGNMENT((#4944));
#4946=STYLED_ITEM('',(#4945),#4943);
#4947=CARTESIAN_POINT('',(5.01E-1,0.E0,1.719E0));
#4948=DIRECTION('',(0.E0,-1.E0,0.E0));
#4949=DIRECTION('',(0.E0,0.E0,-1.E0));
#4950=AXIS2_PLACEMENT_3D('',#4947,#4948,#4949);
#4952=CURVE_STYLE('',#35,POSITIVE_LENGTH_MEASURE(2.E-2),#28);
#4953=PRESENTATION_STYLE_ASSIGNMENT((#4952));
#4954=STYLED_ITEM('',(#4953),#4951);
#4955=DIRECTION('',(1.E0,0.E0,0.E0));
#4956=VECTOR('',#4955,2.E-3);
#4957=CARTESIAN_POINT('',(4.99E-1,0.E0,1.6E0));
#4958=LINE('',#4957,#4956);
#4959=CURVE_STYLE('',#35,POSITIVE_LENGTH_MEASURE(2.E-2),#28);
#4960=PRESENTATION_STYLE_ASSIGNMENT((#4959));
#4961=STYLED_ITEM('',(#4960),#4958);
#4962=CARTESIAN_POINT('',(4.99E-1,0.E0,1.719E0));
#4963=DIRECTION('',(0.E0,-1.E0,0.E0));
#4964=DIRECTION('',(-1.E0,0.E0,0.E0));
#4965=AXIS2_PLACEMENT_3D('',#4962,#4963,#4964);
#4967=CURVE_STYLE('',#35,POSITIVE_LENGTH_MEASURE(2.E-2),#28);
#4968=PRESENTATION_STYLE_ASSIGNMENT((#4967));
#4969=STYLED_ITEM('',(#4968),#4966);
#4970=DIRECTION('',(0.E0,0.E0,-1.E0));
#4971=VECTOR('',#4970,2.81E-1);
#4972=CARTESIAN_POINT('',(3.8E-1,0.E0,2.E0));
#4973=LINE('',#4972,#4971);
#4974=CURVE_STYLE('',#35,POSITIVE_LENGTH_MEASURE(2.E-2),#28);
#4975=PRESENTATION_STYLE_ASSIGNMENT((#4974));
#4976=STYLED_ITEM('',(#4975),#4973);
#4977=DIRECTION('',(0.E0,1.E0,0.E0));
#4978=VECTOR('',#4977,2.E-1);
#4979=CARTESIAN_POINT('',(3.8E-1,0.E0,2.E0));
#4980=LINE('',#4979,#4978);
#4981=CURVE_STYLE('',#35,POSITIVE_LENGTH_MEASURE(2.E-2),#28);
#4982=PRESENTATION_STYLE_ASSIGNMENT((#4981));
#4983=STYLED_ITEM('',(#4982),#4980);
#4984=DIRECTION('',(0.E0,1.E0,0.E0));
#4985=VECTOR('',#4984,2.E-1);
#4986=CARTESIAN_POINT('',(3.8E-1,0.E0,1.719E0));
#4987=LINE('',#4986,#4985);
#4988=CURVE_STYLE('',#35,POSITIVE_LENGTH_MEASURE(2.E-2),#28);
#4989=PRESENTATION_STYLE_ASSIGNMENT((#4988));
#4990=STYLED_ITEM('',(#4989),#4987);
#4991=DIRECTION('',(0.E0,1.E0,0.E0));
#4992=VECTOR('',#4991,2.E-1);
#4993=CARTESIAN_POINT('',(4.99E-1,0.E0,1.6E0));
#4994=LINE('',#4993,#4992);
#4995=CURVE_STYLE('',#35,POSITIVE_LENGTH_MEASURE(2.E-2),#28);
#4996=PRESENTATION_STYLE_ASSIGNMENT((#4995));
#4997=STYLED_ITEM('',(#4996),#4994);
#4998=DIRECTION('',(0.E0,1.E0,0.E0));
#4999=VECTOR('',#4998,2.E-1);
#5000=CARTESIAN_POINT('',(5.01E-1,0.E0,1.6E0));
#5001=LINE('',#5000,#4999);
#5002=CURVE_STYLE('',#35,POSITIVE_LENGTH_MEASURE(2.E-2),#28);
#5003=PRESENTATION_STYLE_ASSIGNMENT((#5002));
#5004=STYLED_ITEM('',(#5003),#5001);
#5005=DIRECTION('',(0.E0,1.E0,0.E0));
#5006=VECTOR('',#5005,2.E-1);
#5007=CARTESIAN_POINT('',(6.2E-1,0.E0,2.E0));
#5008=LINE('',#5007,#5006);
#5009=CURVE_STYLE('',#35,POSITIVE_LENGTH_MEASURE(2.E-2),#28);
#5010=PRESENTATION_STYLE_ASSIGNMENT((#5009));
#5011=STYLED_ITEM('',(#5010),#5008);
#5012=DIRECTION('',(0.E0,1.E0,0.E0));
#5013=VECTOR('',#5012,2.E-1);
#5014=CARTESIAN_POINT('',(6.2E-1,0.E0,1.719E0));
#5015=LINE('',#5014,#5013);
#5016=CURVE_STYLE('',#35,POSITIVE_LENGTH_MEASURE(2.E-2),#28);
#5017=PRESENTATION_STYLE_ASSIGNMENT((#5016));
#5018=STYLED_ITEM('',(#5017),#5015);
#5019=DIRECTION('',(1.E0,0.E0,0.E0));
#5020=VECTOR('',#5019,2.4E-1);
#5021=CARTESIAN_POINT('',(3.8E-1,2.E-1,2.E0));
#5022=LINE('',#5021,#5020);
#5023=CURVE_STYLE('',#35,POSITIVE_LENGTH_MEASURE(2.E-2),#28);
#5024=PRESENTATION_STYLE_ASSIGNMENT((#5023));
#5025=STYLED_ITEM('',(#5024),#5022);
#5026=DIRECTION('',(0.E0,0.E0,-1.E0));
#5027=VECTOR('',#5026,2.81E-1);
#5028=CARTESIAN_POINT('',(3.8E-1,2.E-1,2.E0));
#5029=LINE('',#5028,#5027);
#5030=CURVE_STYLE('',#35,POSITIVE_LENGTH_MEASURE(2.E-2),#28);
#5031=PRESENTATION_STYLE_ASSIGNMENT((#5030));
#5032=STYLED_ITEM('',(#5031),#5029);
#5033=CARTESIAN_POINT('',(4.99E-1,2.E-1,1.719E0));
#5034=DIRECTION('',(0.E0,-1.E0,0.E0));
#5035=DIRECTION('',(-1.E0,0.E0,0.E0));
#5036=AXIS2_PLACEMENT_3D('',#5033,#5034,#5035);
#5038=CURVE_STYLE('',#35,POSITIVE_LENGTH_MEASURE(2.E-2),#28);
#5039=PRESENTATION_STYLE_ASSIGNMENT((#5038));
#5040=STYLED_ITEM('',(#5039),#5037);
#5041=DIRECTION('',(1.E0,0.E0,1.110223024625E-13));
#5042=VECTOR('',#5041,2.E-3);
#5043=CARTESIAN_POINT('',(4.99E-1,2.E-1,1.6E0));
#5044=LINE('',#5043,#5042);
#5045=CURVE_STYLE('',#35,POSITIVE_LENGTH_MEASURE(2.E-2),#28);
#5046=PRESENTATION_STYLE_ASSIGNMENT((#5045));
#5047=STYLED_ITEM('',(#5046),#5044);
#5048=CARTESIAN_POINT('',(5.01E-1,2.E-1,1.719E0));
#5049=DIRECTION('',(0.E0,-1.E0,0.E0));
#5050=DIRECTION('',(0.E0,0.E0,-1.E0));
#5051=AXIS2_PLACEMENT_3D('',#5048,#5049,#5050);
#5053=CURVE_STYLE('',#35,POSITIVE_LENGTH_MEASURE(2.E-2),#28);
#5054=PRESENTATION_STYLE_ASSIGNMENT((#5053));
#5055=STYLED_ITEM('',(#5054),#5052);
#5056=DIRECTION('',(0.E0,0.E0,1.E0));
#5057=VECTOR('',#5056,2.81E-1);
#5058=CARTESIAN_POINT('',(6.2E-1,2.E-1,1.719E0));
#5059=LINE('',#5058,#5057);
#5060=CURVE_STYLE('',#35,POSITIVE_LENGTH_MEASURE(2.E-2),#28);
#5061=PRESENTATION_STYLE_ASSIGNMENT((#5060));
#5062=STYLED_ITEM('',(#5061),#5059);
#5063=CARTESIAN_POINT('',(3.8E-1,0.E0,1.719E0));
#5064=CARTESIAN_POINT('',(4.99E-1,0.E0,1.6E0));
#5065=VERTEX_POINT('',#5063);
#5066=VERTEX_POINT('',#5064);
#5067=CARTESIAN_POINT('',(5.01E-1,0.E0,1.6E0));
#5068=VERTEX_POINT('',#5067);
#5069=CARTESIAN_POINT('',(6.2E-1,0.E0,1.719E0));
#5070=VERTEX_POINT('',#5069);
#5071=CARTESIAN_POINT('',(3.8E-1,2.E-1,1.719E0));
#5072=CARTESIAN_POINT('',(4.99E-1,2.E-1,1.6E0));
#5073=VERTEX_POINT('',#5071);
#5074=VERTEX_POINT('',#5072);
#5075=CARTESIAN_POINT('',(5.01E-1,2.E-1,1.6E0));
#5076=VERTEX_POINT('',#5075);
#5077=CARTESIAN_POINT('',(6.2E-1,2.E-1,1.719E0));
#5078=VERTEX_POINT('',#5077);
#5079=CARTESIAN_POINT('',(3.8E-1,0.E0,2.E0));
#5080=CARTESIAN_POINT('',(6.2E-1,0.E0,2.E0));
#5081=VERTEX_POINT('',#5079);
#5082=VERTEX_POINT('',#5080);
#5083=CARTESIAN_POINT('',(3.8E-1,2.E-1,2.E0));
#5084=VERTEX_POINT('',#5083);
#5085=CARTESIAN_POINT('',(6.2E-1,2.E-1,2.E0));
#5086=VERTEX_POINT('',#5085);
#5087=CARTESIAN_POINT('',(0.E0,0.E0,0.E0));
#5088=DIRECTION('',(0.E0,-1.E0,0.E0));
#5089=DIRECTION('',(1.E0,0.E0,0.E0));
#5090=AXIS2_PLACEMENT_3D('',#5087,#5088,#5089);
#5091=PLANE('',#5090);
#5093=ORIENTED_EDGE('',*,*,#5092,.T.);
#5095=ORIENTED_EDGE('',*,*,#5094,.F.);
#5097=ORIENTED_EDGE('',*,*,#5096,.F.);
#5099=ORIENTED_EDGE('',*,*,#5098,.F.);
#5101=ORIENTED_EDGE('',*,*,#5100,.F.);
#5103=ORIENTED_EDGE('',*,*,#5102,.F.);
#5104=EDGE_LOOP('',(#5093,#5095,#5097,#5099,#5101,#5103));
#5105=FACE_OUTER_BOUND('',#5104,.F.);
#5107=CARTESIAN_POINT('',(2.E0,0.E0,2.E0));
#5108=DIRECTION('',(0.E0,0.E0,-1.E0));
#5109=DIRECTION('',(-1.E0,0.E0,0.E0));
#5110=AXIS2_PLACEMENT_3D('',#5107,#5108,#5109);
#5111=PLANE('',#5110);
#5112=ORIENTED_EDGE('',*,*,#5092,.F.);
#5114=ORIENTED_EDGE('',*,*,#5113,.T.);
#5116=ORIENTED_EDGE('',*,*,#5115,.T.);
#5118=ORIENTED_EDGE('',*,*,#5117,.F.);
#5119=EDGE_LOOP('',(#5112,#5114,#5116,#5118));
#5120=FACE_OUTER_BOUND('',#5119,.F.);
#5122=FILL_AREA_STYLE_COLOUR('',#29);
#5123=FILL_AREA_STYLE('',(#5122));
#5124=SURFACE_STYLE_FILL_AREA(#5123);
#5125=SURFACE_SIDE_STYLE('',(#5124));
#5126=SURFACE_STYLE_USAGE(.POSITIVE.,#5125);
#5127=PRESENTATION_STYLE_ASSIGNMENT((#5126));
#5128=OVER_RIDING_STYLED_ITEM('',(#5127),#5121,#4932);
#5129=CARTESIAN_POINT('',(3.8E-1,0.E0,2.1E0));
#5130=DIRECTION('',(1.E0,0.E0,0.E0));
#5131=DIRECTION('',(0.E0,0.E0,-1.E0));
#5132=AXIS2_PLACEMENT_3D('',#5129,#5130,#5131);
#5133=PLANE('',#5132);
#5134=ORIENTED_EDGE('',*,*,#5113,.F.);
#5135=ORIENTED_EDGE('',*,*,#5102,.T.);
#5137=ORIENTED_EDGE('',*,*,#5136,.T.);
#5139=ORIENTED_EDGE('',*,*,#5138,.F.);
#5140=EDGE_LOOP('',(#5134,#5135,#5137,#5139));
#5141=FACE_OUTER_BOUND('',#5140,.F.);
#5143=CARTESIAN_POINT('',(4.99E-1,0.E0,1.719E0));
#5144=DIRECTION('',(0.E0,-1.E0,0.E0));
#5145=DIRECTION('',(1.E0,0.E0,0.E0));
#5146=AXIS2_PLACEMENT_3D('',#5143,#5144,#5145);
#5147=CYLINDRICAL_SURFACE('',#5146,1.19E-1);
#5148=ORIENTED_EDGE('',*,*,#5100,.T.);
#5150=ORIENTED_EDGE('',*,*,#5149,.T.);
#5152=ORIENTED_EDGE('',*,*,#5151,.F.);
#5153=ORIENTED_EDGE('',*,*,#5136,.F.);
#5154=EDGE_LOOP('',(#5148,#5150,#5152,#5153));
#5155=FACE_OUTER_BOUND('',#5154,.F.);
#5157=CARTESIAN_POINT('',(4.99E-1,0.E0,1.6E0));
#5158=DIRECTION('',(0.E0,0.E0,1.E0));
#5159=DIRECTION('',(1.E0,0.E0,0.E0));
#5160=AXIS2_PLACEMENT_3D('',#5157,#5158,#5159);
#5161=PLANE('',#5160);
#5162=ORIENTED_EDGE('',*,*,#5098,.T.);
#5164=ORIENTED_EDGE('',*,*,#5163,.T.);
#5166=ORIENTED_EDGE('',*,*,#5165,.F.);
#5167=ORIENTED_EDGE('',*,*,#5149,.F.);
#5168=EDGE_LOOP('',(#5162,#5164,#5166,#5167));
#5169=FACE_OUTER_BOUND('',#5168,.F.);
#5171=CARTESIAN_POINT('',(5.01E-1,0.E0,1.719E0));
#5172=DIRECTION('',(0.E0,-1.E0,0.E0));
#5173=DIRECTION('',(1.E0,0.E0,0.E0));
#5174=AXIS2_PLACEMENT_3D('',#5171,#5172,#5173);
#5175=CYLINDRICAL_SURFACE('',#5174,1.19E-1);
#5176=ORIENTED_EDGE('',*,*,#5096,.T.);
#5178=ORIENTED_EDGE('',*,*,#5177,.T.);
#5180=ORIENTED_EDGE('',*,*,#5179,.F.);
#5181=ORIENTED_EDGE('',*,*,#5163,.F.);
#5182=EDGE_LOOP('',(#5176,#5178,#5180,#5181));
#5183=FACE_OUTER_BOUND('',#5182,.F.);
#5185=CARTESIAN_POINT('',(6.2E-1,0.E0,1.719E0));
#5186=DIRECTION('',(-1.E0,0.E0,0.E0));
#5187=DIRECTION('',(0.E0,0.E0,1.E0));
#5188=AXIS2_PLACEMENT_3D('',#5185,#5186,#5187);
#5189=PLANE('',#5188);
#5190=ORIENTED_EDGE('',*,*,#5117,.T.);
#5192=ORIENTED_EDGE('',*,*,#5191,.F.);
#5193=ORIENTED_EDGE('',*,*,#5177,.F.);
#5194=ORIENTED_EDGE('',*,*,#5094,.T.);
#5195=EDGE_LOOP('',(#5190,#5192,#5193,#5194));
#5196=FACE_OUTER_BOUND('',#5195,.F.);
#5198=CARTESIAN_POINT('',(0.E0,2.E-1,0.E0));
#5199=DIRECTION('',(0.E0,-1.E0,0.E0));
#5200=DIRECTION('',(1.E0,0.E0,0.E0));
#5201=AXIS2_PLACEMENT_3D('',#5198,#5199,#5200);
#5202=PLANE('',#5201);
#5203=ORIENTED_EDGE('',*,*,#5115,.F.);
#5204=ORIENTED_EDGE('',*,*,#5138,.T.);
#5205=ORIENTED_EDGE('',*,*,#5151,.T.);
#5206=ORIENTED_EDGE('',*,*,#5165,.T.);
#5207=ORIENTED_EDGE('',*,*,#5179,.T.);
#5208=ORIENTED_EDGE('',*,*,#5191,.T.);
#5209=EDGE_LOOP('',(#5203,#5204,#5205,#5206,#5207,#5208));
#5210=FACE_OUTER_BOUND('',#5209,.F.);
#5212=CLOSED_SHELL('',(#5106,#5121,#5142,#5156,#5170,#5184,#5197,#5211));
#5213=MANIFOLD_SOLID_BREP('',#5212);
#5214=FILL_AREA_STYLE_COLOUR('',#28);
#5215=FILL_AREA_STYLE('',(#5214));
#5216=SURFACE_STYLE_FILL_AREA(#5215);
#5217=SURFACE_SIDE_STYLE('',(#5216));
#5218=SURFACE_STYLE_USAGE(.POSITIVE.,#5217);
#5219=PRESENTATION_STYLE_ASSIGNMENT((#5218));
#4932=STYLED_ITEM('',(#5219),#5213);
#5221=DIRECTION('',(7.071067811865E-1,0.E0,-7.071067811865E-1));
#5222=VECTOR('',#5221,4.242640687119E-1);
#5223=CARTESIAN_POINT('',(-1.125E0,0.E0,-8.25E-1));
#5224=LINE('',#5223,#5222);
#5225=CURVE_STYLE('',#35,POSITIVE_LENGTH_MEASURE(2.E-2),#28);
#5226=PRESENTATION_STYLE_ASSIGNMENT((#5225));
#5227=STYLED_ITEM('',(#5226),#5224);
#5228=DIRECTION('',(0.E0,0.E0,1.E0));
#5229=VECTOR('',#5228,1.95E0);
#5230=CARTESIAN_POINT('',(-1.125E0,0.E0,-8.25E-1));
#5231=LINE('',#5230,#5229);
#5232=CURVE_STYLE('',#35,POSITIVE_LENGTH_MEASURE(2.E-2),#28);
#5233=PRESENTATION_STYLE_ASSIGNMENT((#5232));
#5234=STYLED_ITEM('',(#5233),#5231);
#5235=DIRECTION('',(1.E0,0.E0,0.E0));
#5236=VECTOR('',#5235,2.25E0);
#5237=CARTESIAN_POINT('',(-1.125E0,0.E0,1.125E0));
#5238=LINE('',#5237,#5236);
#5239=CURVE_STYLE('',#35,POSITIVE_LENGTH_MEASURE(2.E-2),#28);
#5240=PRESENTATION_STYLE_ASSIGNMENT((#5239));
#5241=STYLED_ITEM('',(#5240),#5238);
#5242=DIRECTION('',(0.E0,0.E0,-1.E0));
#5243=VECTOR('',#5242,2.25E0);
#5244=CARTESIAN_POINT('',(1.125E0,0.E0,1.125E0));
#5245=LINE('',#5244,#5243);
#5246=CURVE_STYLE('',#35,POSITIVE_LENGTH_MEASURE(2.E-2),#28);
#5247=PRESENTATION_STYLE_ASSIGNMENT((#5246));
#5248=STYLED_ITEM('',(#5247),#5245);
#5249=DIRECTION('',(-1.E0,0.E0,0.E0));
#5250=VECTOR('',#5249,1.95E0);
#5251=CARTESIAN_POINT('',(1.125E0,0.E0,-1.125E0));
#5252=LINE('',#5251,#5250);
#5253=CURVE_STYLE('',#35,POSITIVE_LENGTH_MEASURE(2.E-2),#28);
#5254=PRESENTATION_STYLE_ASSIGNMENT((#5253));
#5255=STYLED_ITEM('',(#5254),#5252);
#5256=DIRECTION('',(0.E0,-1.E0,0.E0));
#5257=VECTOR('',#5256,2.E-1);
#5258=CARTESIAN_POINT('',(-8.25E-1,2.E-1,-1.125E0));
#5259=LINE('',#5258,#5257);
#5260=CURVE_STYLE('',#35,POSITIVE_LENGTH_MEASURE(2.E-2),#28);
#5261=PRESENTATION_STYLE_ASSIGNMENT((#5260));
#5262=STYLED_ITEM('',(#5261),#5259);
#5263=DIRECTION('',(0.E0,1.E0,0.E0));
#5264=VECTOR('',#5263,2.E-1);
#5265=CARTESIAN_POINT('',(1.125E0,0.E0,-1.125E0));
#5266=LINE('',#5265,#5264);
#5267=CURVE_STYLE('',#35,POSITIVE_LENGTH_MEASURE(2.E-2),#28);
#5268=PRESENTATION_STYLE_ASSIGNMENT((#5267));
#5269=STYLED_ITEM('',(#5268),#5266);
#5270=DIRECTION('',(0.E0,1.E0,0.E0));
#5271=VECTOR('',#5270,2.E-1);
#5272=CARTESIAN_POINT('',(1.125E0,0.E0,1.125E0));
#5273=LINE('',#5272,#5271);
#5274=CURVE_STYLE('',#35,POSITIVE_LENGTH_MEASURE(2.E-2),#28);
#5275=PRESENTATION_STYLE_ASSIGNMENT((#5274));
#5276=STYLED_ITEM('',(#5275),#5273);
#5277=DIRECTION('',(0.E0,1.E0,0.E0));
#5278=VECTOR('',#5277,2.E-1);
#5279=CARTESIAN_POINT('',(-1.125E0,0.E0,1.125E0));
#5280=LINE('',#5279,#5278);
#5281=CURVE_STYLE('',#35,POSITIVE_LENGTH_MEASURE(2.E-2),#28);
#5282=PRESENTATION_STYLE_ASSIGNMENT((#5281));
#5283=STYLED_ITEM('',(#5282),#5280);
#5284=DIRECTION('',(0.E0,-1.E0,0.E0));
#5285=VECTOR('',#5284,2.E-1);
#5286=CARTESIAN_POINT('',(-1.125E0,2.E-1,-8.25E-1));
#5287=LINE('',#5286,#5285);
#5288=CURVE_STYLE('',#35,POSITIVE_LENGTH_MEASURE(2.E-2),#28);
#5289=PRESENTATION_STYLE_ASSIGNMENT((#5288));
#5290=STYLED_ITEM('',(#5289),#5287);
#5291=DIRECTION('',(-7.071067811865E-1,0.E0,7.071067811865E-1));
#5292=VECTOR('',#5291,4.242640687119E-1);
#5293=CARTESIAN_POINT('',(-8.25E-1,2.E-1,-1.125E0));
#5294=LINE('',#5293,#5292);
#5295=CURVE_STYLE('',#35,POSITIVE_LENGTH_MEASURE(2.E-2),#28);
#5296=PRESENTATION_STYLE_ASSIGNMENT((#5295));
#5297=STYLED_ITEM('',(#5296),#5294);
#5298=DIRECTION('',(-1.E0,0.E0,0.E0));
#5299=VECTOR('',#5298,1.95E0);
#5300=CARTESIAN_POINT('',(1.125E0,2.E-1,-1.125E0));
#5301=LINE('',#5300,#5299);
#5302=CURVE_STYLE('',#35,POSITIVE_LENGTH_MEASURE(2.E-2),#28);
#5303=PRESENTATION_STYLE_ASSIGNMENT((#5302));
#5304=STYLED_ITEM('',(#5303),#5301);
#5305=DIRECTION('',(0.E0,0.E0,-1.E0));
#5306=VECTOR('',#5305,2.25E0);
#5307=CARTESIAN_POINT('',(1.125E0,2.E-1,1.125E0));
#5308=LINE('',#5307,#5306);
#5309=CURVE_STYLE('',#35,POSITIVE_LENGTH_MEASURE(2.E-2),#28);
#5310=PRESENTATION_STYLE_ASSIGNMENT((#5309));
#5311=STYLED_ITEM('',(#5310),#5308);
#5312=DIRECTION('',(1.E0,0.E0,0.E0));
#5313=VECTOR('',#5312,2.25E0);
#5314=CARTESIAN_POINT('',(-1.125E0,2.E-1,1.125E0));
#5315=LINE('',#5314,#5313);
#5316=CURVE_STYLE('',#35,POSITIVE_LENGTH_MEASURE(2.E-2),#28);
#5317=PRESENTATION_STYLE_ASSIGNMENT((#5316));
#5318=STYLED_ITEM('',(#5317),#5315);
#5319=DIRECTION('',(0.E0,0.E0,1.E0));
#5320=VECTOR('',#5319,1.95E0);
#5321=CARTESIAN_POINT('',(-1.125E0,2.E-1,-8.25E-1));
#5322=LINE('',#5321,#5320);
#5323=CURVE_STYLE('',#35,POSITIVE_LENGTH_MEASURE(2.E-2),#28);
#5324=PRESENTATION_STYLE_ASSIGNMENT((#5323));
#5325=STYLED_ITEM('',(#5324),#5322);
#5326=CARTESIAN_POINT('',(-1.125E0,0.E0,1.125E0));
#5327=CARTESIAN_POINT('',(1.125E0,0.E0,1.125E0));
#5328=VERTEX_POINT('',#5326);
#5329=VERTEX_POINT('',#5327);
#5330=CARTESIAN_POINT('',(1.125E0,0.E0,-1.125E0));
#5331=VERTEX_POINT('',#5330);
#5332=CARTESIAN_POINT('',(-1.125E0,2.E-1,1.125E0));
#5333=CARTESIAN_POINT('',(1.125E0,2.E-1,1.125E0));
#5334=VERTEX_POINT('',#5332);
#5335=VERTEX_POINT('',#5333);
#5336=CARTESIAN_POINT('',(1.125E0,2.E-1,-1.125E0));
#5337=VERTEX_POINT('',#5336);
#5338=CARTESIAN_POINT('',(-1.125E0,0.E0,-8.25E-1));
#5339=CARTESIAN_POINT('',(-8.25E-1,0.E0,-1.125E0));
#5340=VERTEX_POINT('',#5338);
#5341=VERTEX_POINT('',#5339);
#5342=CARTESIAN_POINT('',(-8.25E-1,2.E-1,-1.125E0));
#5343=VERTEX_POINT('',#5342);
#5344=CARTESIAN_POINT('',(-1.125E0,2.E-1,-8.25E-1));
#5345=VERTEX_POINT('',#5344);
#5346=CARTESIAN_POINT('',(0.E0,0.E0,0.E0));
#5347=DIRECTION('',(0.E0,1.E0,0.E0));
#5348=DIRECTION('',(1.E0,0.E0,0.E0));
#5349=AXIS2_PLACEMENT_3D('',#5346,#5347,#5348);
#5350=PLANE('',#5349);
#5352=ORIENTED_EDGE('',*,*,#5351,.F.);
#5354=ORIENTED_EDGE('',*,*,#5353,.T.);
#5356=ORIENTED_EDGE('',*,*,#5355,.T.);
#5358=ORIENTED_EDGE('',*,*,#5357,.T.);
#5360=ORIENTED_EDGE('',*,*,#5359,.T.);
#5361=EDGE_LOOP('',(#5352,#5354,#5356,#5358,#5360));
#5362=FACE_OUTER_BOUND('',#5361,.F.);
#5364=CARTESIAN_POINT('',(-9.75E-1,1.E-1,-9.75E-1));
#5365=DIRECTION('',(-7.071067811865E-1,0.E0,-7.071067811865E-1));
#5366=DIRECTION('',(7.071067811865E-1,0.E0,-7.071067811865E-1));
#5367=AXIS2_PLACEMENT_3D('',#5364,#5365,#5366);
#5368=PLANE('',#5367);
#5369=ORIENTED_EDGE('',*,*,#5351,.T.);
#5371=ORIENTED_EDGE('',*,*,#5370,.F.);
#5373=ORIENTED_EDGE('',*,*,#5372,.T.);
#5375=ORIENTED_EDGE('',*,*,#5374,.T.);
#5376=EDGE_LOOP('',(#5369,#5371,#5373,#5375));
#5377=FACE_OUTER_BOUND('',#5376,.F.);
#5379=CARTESIAN_POINT('',(1.125E0,0.E0,-1.125E0));
#5380=DIRECTION('',(0.E0,0.E0,-1.E0));
#5381=DIRECTION('',(-1.E0,0.E0,0.E0));
#5382=AXIS2_PLACEMENT_3D('',#5379,#5380,#5381);
#5383=PLANE('',#5382);
#5384=ORIENTED_EDGE('',*,*,#5370,.T.);
#5385=ORIENTED_EDGE('',*,*,#5359,.F.);
#5387=ORIENTED_EDGE('',*,*,#5386,.T.);
#5389=ORIENTED_EDGE('',*,*,#5388,.T.);
#5390=EDGE_LOOP('',(#5384,#5385,#5387,#5389));
#5391=FACE_OUTER_BOUND('',#5390,.F.);
#5393=CARTESIAN_POINT('',(1.125E0,0.E0,1.125E0));
#5394=DIRECTION('',(1.E0,0.E0,0.E0));
#5395=DIRECTION('',(0.E0,0.E0,-1.E0));
#5396=AXIS2_PLACEMENT_3D('',#5393,#5394,#5395);
#5397=PLANE('',#5396);
#5398=ORIENTED_EDGE('',*,*,#5357,.F.);
#5400=ORIENTED_EDGE('',*,*,#5399,.T.);
#5402=ORIENTED_EDGE('',*,*,#5401,.T.);
#5403=ORIENTED_EDGE('',*,*,#5386,.F.);
#5404=EDGE_LOOP('',(#5398,#5400,#5402,#5403));
#5405=FACE_OUTER_BOUND('',#5404,.F.);
#5407=CARTESIAN_POINT('',(-1.125E0,0.E0,1.125E0));
#5408=DIRECTION('',(0.E0,0.E0,1.E0));
#5409=DIRECTION('',(1.E0,0.E0,0.E0));
#5410=AXIS2_PLACEMENT_3D('',#5407,#5408,#5409);
#5411=PLANE('',#5410);
#5412=ORIENTED_EDGE('',*,*,#5355,.F.);
#5414=ORIENTED_EDGE('',*,*,#5413,.T.);
#5416=ORIENTED_EDGE('',*,*,#5415,.T.);
#5417=ORIENTED_EDGE('',*,*,#5399,.F.);
#5418=EDGE_LOOP('',(#5412,#5414,#5416,#5417));
#5419=FACE_OUTER_BOUND('',#5418,.F.);
#5421=CARTESIAN_POINT('',(-1.125E0,0.E0,-1.125E0));
#5422=DIRECTION('',(-1.E0,0.E0,0.E0));
#5423=DIRECTION('',(0.E0,0.E0,1.E0));
#5424=AXIS2_PLACEMENT_3D('',#5421,#5422,#5423);
#5425=PLANE('',#5424);
#5426=ORIENTED_EDGE('',*,*,#5374,.F.);
#5428=ORIENTED_EDGE('',*,*,#5427,.T.);
#5429=ORIENTED_EDGE('',*,*,#5413,.F.);
#5430=ORIENTED_EDGE('',*,*,#5353,.F.);
#5431=EDGE_LOOP('',(#5426,#5428,#5429,#5430));
#5432=FACE_OUTER_BOUND('',#5431,.F.);
#5434=CARTESIAN_POINT('',(0.E0,2.E-1,0.E0));
#5435=DIRECTION('',(0.E0,1.E0,0.E0));
#5436=DIRECTION('',(1.E0,0.E0,0.E0));
#5437=AXIS2_PLACEMENT_3D('',#5434,#5435,#5436);
#5438=PLANE('',#5437);
#5439=ORIENTED_EDGE('',*,*,#5372,.F.);
#5440=ORIENTED_EDGE('',*,*,#5388,.F.);
#5441=ORIENTED_EDGE('',*,*,#5401,.F.);
#5442=ORIENTED_EDGE('',*,*,#5415,.F.);
#5443=ORIENTED_EDGE('',*,*,#5427,.F.);
#5444=EDGE_LOOP('',(#5439,#5440,#5441,#5442,#5443));
#5445=FACE_OUTER_BOUND('',#5444,.F.);
#5447=CLOSED_SHELL('',(#5363,#5378,#5392,#5406,#5420,#5433,#5446));
#5448=MANIFOLD_SOLID_BREP('',#5447);
#5449=FILL_AREA_STYLE_COLOUR('',#28);
#5450=FILL_AREA_STYLE('',(#5449));
#5451=SURFACE_STYLE_FILL_AREA(#5450);
#5452=SURFACE_SIDE_STYLE('',(#5451));
#5453=SURFACE_STYLE_USAGE(.POSITIVE.,#5452);
#5454=PRESENTATION_STYLE_ASSIGNMENT((#5453));
#5220=STYLED_ITEM('',(#5454),#5448);
#5456=DIRECTION('',(0.E0,0.E0,-1.E0));
#5457=VECTOR('',#5456,1.5E-1);
#5458=CARTESIAN_POINT('',(-2.E0,1.E-1,1.875E0));
#5459=LINE('',#5458,#5457);
#5460=CURVE_STYLE('',#35,POSITIVE_LENGTH_MEASURE(2.E-2),#28);
#5461=PRESENTATION_STYLE_ASSIGNMENT((#5460));
#5462=STYLED_ITEM('',(#5461),#5459);
#5463=DIRECTION('',(1.E0,0.E0,0.E0));
#5464=VECTOR('',#5463,1.25E-1);
#5465=CARTESIAN_POINT('',(-2.E0,1.E-1,1.875E0));
#5466=LINE('',#5465,#5464);
#5467=CURVE_STYLE('',#35,POSITIVE_LENGTH_MEASURE(2.E-2),#28);
#5468=PRESENTATION_STYLE_ASSIGNMENT((#5467));
#5469=STYLED_ITEM('',(#5468),#5466);
#5470=DIRECTION('',(0.E0,0.E0,1.E0));
#5471=VECTOR('',#5470,1.25E-1);
#5472=CARTESIAN_POINT('',(-1.875E0,1.E-1,1.875E0));
#5473=LINE('',#5472,#5471);
#5474=CURVE_STYLE('',#35,POSITIVE_LENGTH_MEASURE(2.E-2),#28);
#5475=PRESENTATION_STYLE_ASSIGNMENT((#5474));
#5476=STYLED_ITEM('',(#5475),#5473);
#5477=DIRECTION('',(-1.E0,0.E0,0.E0));
#5478=VECTOR('',#5477,1.5E-1);
#5479=CARTESIAN_POINT('',(-1.725E0,1.E-1,2.E0));
#5480=LINE('',#5479,#5478);
#5481=CURVE_STYLE('',#35,POSITIVE_LENGTH_MEASURE(2.E-2),#28);
#5482=PRESENTATION_STYLE_ASSIGNMENT((#5481));
#5483=STYLED_ITEM('',(#5482),#5480);
#5484=DIRECTION('',(0.E0,0.E0,-1.E0));
#5485=VECTOR('',#5484,2.75E-1);
#5486=CARTESIAN_POINT('',(-1.725E0,1.E-1,2.E0));
#5487=LINE('',#5486,#5485);
#5488=CURVE_STYLE('',#35,POSITIVE_LENGTH_MEASURE(2.E-2),#28);
#5489=PRESENTATION_STYLE_ASSIGNMENT((#5488));
#5490=STYLED_ITEM('',(#5489),#5487);
#5491=DIRECTION('',(-1.E0,0.E0,0.E0));
#5492=VECTOR('',#5491,2.75E-1);
#5493=CARTESIAN_POINT('',(-1.725E0,1.E-1,1.725E0));
#5494=LINE('',#5493,#5492);
#5495=CURVE_STYLE('',#35,POSITIVE_LENGTH_MEASURE(2.E-2),#28);
#5496=PRESENTATION_STYLE_ASSIGNMENT((#5495));
#5497=STYLED_ITEM('',(#5496),#5494);
#5498=DIRECTION('',(0.E0,1.E0,0.E0));
#5499=VECTOR('',#5498,1.E-1);
#5500=CARTESIAN_POINT('',(-2.E0,1.E-1,1.725E0));
#5501=LINE('',#5500,#5499);
#5502=CURVE_STYLE('',#35,POSITIVE_LENGTH_MEASURE(2.E-2),#28);
#5503=PRESENTATION_STYLE_ASSIGNMENT((#5502));
#5504=STYLED_ITEM('',(#5503),#5501);
#5505=DIRECTION('',(0.E0,1.E0,0.E0));
#5506=VECTOR('',#5505,1.E-1);
#5507=CARTESIAN_POINT('',(-1.725E0,1.E-1,1.725E0));
#5508=LINE('',#5507,#5506);
#5509=CURVE_STYLE('',#35,POSITIVE_LENGTH_MEASURE(2.E-2),#28);
#5510=PRESENTATION_STYLE_ASSIGNMENT((#5509));
#5511=STYLED_ITEM('',(#5510),#5508);
#5512=DIRECTION('',(0.E0,1.E0,0.E0));
#5513=VECTOR('',#5512,1.E-1);
#5514=CARTESIAN_POINT('',(-1.725E0,1.E-1,2.E0));
#5515=LINE('',#5514,#5513);
#5516=CURVE_STYLE('',#35,POSITIVE_LENGTH_MEASURE(2.E-2),#28);
#5517=PRESENTATION_STYLE_ASSIGNMENT((#5516));
#5518=STYLED_ITEM('',(#5517),#5515);
#5519=DIRECTION('',(0.E0,1.E0,0.E0));
#5520=VECTOR('',#5519,1.E-1);
#5521=CARTESIAN_POINT('',(-1.875E0,1.E-1,2.E0));
#5522=LINE('',#5521,#5520);
#5523=CURVE_STYLE('',#35,POSITIVE_LENGTH_MEASURE(2.E-2),#28);
#5524=PRESENTATION_STYLE_ASSIGNMENT((#5523));
#5525=STYLED_ITEM('',(#5524),#5522);
#5526=DIRECTION('',(0.E0,1.E0,0.E0));
#5527=VECTOR('',#5526,1.E-1);
#5528=CARTESIAN_POINT('',(-1.875E0,1.E-1,1.875E0));
#5529=LINE('',#5528,#5527);
#5530=CURVE_STYLE('',#35,POSITIVE_LENGTH_MEASURE(2.E-2),#28);
#5531=PRESENTATION_STYLE_ASSIGNMENT((#5530));
#5532=STYLED_ITEM('',(#5531),#5529);
#5533=DIRECTION('',(0.E0,1.E0,0.E0));
#5534=VECTOR('',#5533,1.E-1);
#5535=CARTESIAN_POINT('',(-2.E0,1.E-1,1.875E0));
#5536=LINE('',#5535,#5534);
#5537=CURVE_STYLE('',#35,POSITIVE_LENGTH_MEASURE(2.E-2),#28);
#5538=PRESENTATION_STYLE_ASSIGNMENT((#5537));
#5539=STYLED_ITEM('',(#5538),#5536);
#5540=DIRECTION('',(0.E0,0.E0,-1.E0));
#5541=VECTOR('',#5540,1.5E-1);
#5542=CARTESIAN_POINT('',(-2.E0,2.E-1,1.875E0));
#5543=LINE('',#5542,#5541);
#5544=CURVE_STYLE('',#35,POSITIVE_LENGTH_MEASURE(2.E-2),#28);
#5545=PRESENTATION_STYLE_ASSIGNMENT((#5544));
#5546=STYLED_ITEM('',(#5545),#5543);
#5547=DIRECTION('',(-1.E0,0.E0,0.E0));
#5548=VECTOR('',#5547,2.75E-1);
#5549=CARTESIAN_POINT('',(-1.725E0,2.E-1,1.725E0));
#5550=LINE('',#5549,#5548);
#5551=CURVE_STYLE('',#35,POSITIVE_LENGTH_MEASURE(2.E-2),#28);
#5552=PRESENTATION_STYLE_ASSIGNMENT((#5551));
#5553=STYLED_ITEM('',(#5552),#5550);
#5554=DIRECTION('',(0.E0,0.E0,-1.E0));
#5555=VECTOR('',#5554,2.75E-1);
#5556=CARTESIAN_POINT('',(-1.725E0,2.E-1,2.E0));
#5557=LINE('',#5556,#5555);
#5558=CURVE_STYLE('',#35,POSITIVE_LENGTH_MEASURE(2.E-2),#28);
#5559=PRESENTATION_STYLE_ASSIGNMENT((#5558));
#5560=STYLED_ITEM('',(#5559),#5557);
#5561=DIRECTION('',(-1.E0,0.E0,0.E0));
#5562=VECTOR('',#5561,1.5E-1);
#5563=CARTESIAN_POINT('',(-1.725E0,2.E-1,2.E0));
#5564=LINE('',#5563,#5562);
#5565=CURVE_STYLE('',#35,POSITIVE_LENGTH_MEASURE(2.E-2),#28);
#5566=PRESENTATION_STYLE_ASSIGNMENT((#5565));
#5567=STYLED_ITEM('',(#5566),#5564);
#5568=DIRECTION('',(0.E0,0.E0,1.E0));
#5569=VECTOR('',#5568,1.25E-1);
#5570=CARTESIAN_POINT('',(-1.875E0,2.E-1,1.875E0));
#5571=LINE('',#5570,#5569);
#5572=CURVE_STYLE('',#35,POSITIVE_LENGTH_MEASURE(2.E-2),#28);
#5573=PRESENTATION_STYLE_ASSIGNMENT((#5572));
#5574=STYLED_ITEM('',(#5573),#5571);
#5575=DIRECTION('',(1.E0,0.E0,0.E0));
#5576=VECTOR('',#5575,1.25E-1);
#5577=CARTESIAN_POINT('',(-2.E0,2.E-1,1.875E0));
#5578=LINE('',#5577,#5576);
#5579=CURVE_STYLE('',#35,POSITIVE_LENGTH_MEASURE(2.E-2),#28);
#5580=PRESENTATION_STYLE_ASSIGNMENT((#5579));
#5581=STYLED_ITEM('',(#5580),#5578);
#5582=CARTESIAN_POINT('',(-1.875E0,1.E-1,1.875E0));
#5583=CARTESIAN_POINT('',(-1.875E0,2.E-1,1.875E0));
#5584=VERTEX_POINT('',#5582);
#5585=VERTEX_POINT('',#5583);
#5586=CARTESIAN_POINT('',(-1.725E0,1.E-1,1.725E0));
#5587=CARTESIAN_POINT('',(-1.725E0,2.E-1,1.725E0));
#5588=VERTEX_POINT('',#5586);
#5589=VERTEX_POINT('',#5587);
#5590=CARTESIAN_POINT('',(-2.E0,1.E-1,1.875E0));
#5591=CARTESIAN_POINT('',(-2.E0,1.E-1,1.725E0));
#5592=VERTEX_POINT('',#5590);
#5593=VERTEX_POINT('',#5591);
#5594=CARTESIAN_POINT('',(-1.725E0,1.E-1,2.E0));
#5595=CARTESIAN_POINT('',(-1.875E0,1.E-1,2.E0));
#5596=VERTEX_POINT('',#5594);
#5597=VERTEX_POINT('',#5595);
#5598=CARTESIAN_POINT('',(-2.E0,2.E-1,1.875E0));
#5599=CARTESIAN_POINT('',(-2.E0,2.E-1,1.725E0));
#5600=VERTEX_POINT('',#5598);
#5601=VERTEX_POINT('',#5599);
#5602=CARTESIAN_POINT('',(-1.725E0,2.E-1,2.E0));
#5603=CARTESIAN_POINT('',(-1.875E0,2.E-1,2.E0));
#5604=VERTEX_POINT('',#5602);
#5605=VERTEX_POINT('',#5603);
#5606=CARTESIAN_POINT('',(0.E0,1.E-1,0.E0));
#5607=DIRECTION('',(0.E0,1.E0,0.E0));
#5608=DIRECTION('',(1.E0,0.E0,0.E0));
#5609=AXIS2_PLACEMENT_3D('',#5606,#5607,#5608);
#5610=PLANE('',#5609);
#5612=ORIENTED_EDGE('',*,*,#5611,.F.);
#5614=ORIENTED_EDGE('',*,*,#5613,.T.);
#5616=ORIENTED_EDGE('',*,*,#5615,.T.);
#5618=ORIENTED_EDGE('',*,*,#5617,.F.);
#5620=ORIENTED_EDGE('',*,*,#5619,.T.);
#5622=ORIENTED_EDGE('',*,*,#5621,.T.);
#5623=EDGE_LOOP('',(#5612,#5614,#5616,#5618,#5620,#5622));
#5624=FACE_OUTER_BOUND('',#5623,.F.);
#5626=CARTESIAN_POINT('',(-2.E0,0.E0,2.E0));
#5627=DIRECTION('',(1.E0,0.E0,0.E0));
#5628=DIRECTION('',(0.E0,0.E0,-1.E0));
#5629=AXIS2_PLACEMENT_3D('',#5626,#5627,#5628);
#5630=PLANE('',#5629);
#5631=ORIENTED_EDGE('',*,*,#5611,.T.);
#5633=ORIENTED_EDGE('',*,*,#5632,.T.);
#5635=ORIENTED_EDGE('',*,*,#5634,.F.);
#5637=ORIENTED_EDGE('',*,*,#5636,.F.);
#5638=EDGE_LOOP('',(#5631,#5633,#5635,#5637));
#5639=FACE_OUTER_BOUND('',#5638,.F.);
#5641=FILL_AREA_STYLE_COLOUR('',#29);
#5642=FILL_AREA_STYLE('',(#5641));
#5643=SURFACE_STYLE_FILL_AREA(#5642);
#5644=SURFACE_SIDE_STYLE('',(#5643));
#5645=SURFACE_STYLE_USAGE(.POSITIVE.,#5644);
#5646=PRESENTATION_STYLE_ASSIGNMENT((#5645));
#5647=OVER_RIDING_STYLED_ITEM('',(#5646),#5640,#5455);
#5648=CARTESIAN_POINT('',(-1.725E0,1.E-1,1.725E0));
#5649=DIRECTION('',(0.E0,0.E0,-1.E0));
#5650=DIRECTION('',(-1.E0,0.E0,0.E0));
#5651=AXIS2_PLACEMENT_3D('',#5648,#5649,#5650);
#5652=PLANE('',#5651);
#5653=ORIENTED_EDGE('',*,*,#5632,.F.);
#5654=ORIENTED_EDGE('',*,*,#5621,.F.);
#5656=ORIENTED_EDGE('',*,*,#5655,.T.);
#5658=ORIENTED_EDGE('',*,*,#5657,.T.);
#5659=EDGE_LOOP('',(#5653,#5654,#5656,#5658));
#5660=FACE_OUTER_BOUND('',#5659,.F.);
#5662=CARTESIAN_POINT('',(-1.725E0,1.E-1,2.1E0));
#5663=DIRECTION('',(1.E0,0.E0,0.E0));
#5664=DIRECTION('',(0.E0,0.E0,-1.E0));
#5665=AXIS2_PLACEMENT_3D('',#5662,#5663,#5664);
#5666=PLANE('',#5665);
#5668=ORIENTED_EDGE('',*,*,#5667,.T.);
#5670=ORIENTED_EDGE('',*,*,#5669,.T.);
#5671=ORIENTED_EDGE('',*,*,#5655,.F.);
#5672=ORIENTED_EDGE('',*,*,#5619,.F.);
#5673=EDGE_LOOP('',(#5668,#5670,#5671,#5672));
#5674=FACE_OUTER_BOUND('',#5673,.F.);
#5676=CARTESIAN_POINT('',(2.E0,0.E0,2.E0));
#5677=DIRECTION('',(0.E0,0.E0,-1.E0));
#5678=DIRECTION('',(-1.E0,0.E0,0.E0));
#5679=AXIS2_PLACEMENT_3D('',#5676,#5677,#5678);
#5680=PLANE('',#5679);
#5681=ORIENTED_EDGE('',*,*,#5617,.T.);
#5683=ORIENTED_EDGE('',*,*,#5682,.T.);
#5685=ORIENTED_EDGE('',*,*,#5684,.F.);
#5686=ORIENTED_EDGE('',*,*,#5667,.F.);
#5687=EDGE_LOOP('',(#5681,#5683,#5685,#5686));
#5688=FACE_OUTER_BOUND('',#5687,.F.);
#5690=FILL_AREA_STYLE_COLOUR('',#29);
#5691=FILL_AREA_STYLE('',(#5690));
#5692=SURFACE_STYLE_FILL_AREA(#5691);
#5693=SURFACE_SIDE_STYLE('',(#5692));
#5694=SURFACE_STYLE_USAGE(.POSITIVE.,#5693);
#5695=PRESENTATION_STYLE_ASSIGNMENT((#5694));
#5696=OVER_RIDING_STYLED_ITEM('',(#5695),#5689,#5455);
#5697=CARTESIAN_POINT('',(-1.875E0,1.E-1,1.875E0));
#5698=DIRECTION('',(-1.E0,0.E0,0.E0));
#5699=DIRECTION('',(0.E0,0.E0,1.E0));
#5700=AXIS2_PLACEMENT_3D('',#5697,#5698,#5699);
#5701=PLANE('',#5700);
#5702=ORIENTED_EDGE('',*,*,#5682,.F.);
#5703=ORIENTED_EDGE('',*,*,#5615,.F.);
#5705=ORIENTED_EDGE('',*,*,#5704,.T.);
#5707=ORIENTED_EDGE('',*,*,#5706,.T.);
#5708=EDGE_LOOP('',(#5702,#5703,#5705,#5707));
#5709=FACE_OUTER_BOUND('',#5708,.F.);
#5711=CARTESIAN_POINT('',(-2.1E0,1.E-1,1.875E0));
#5712=DIRECTION('',(0.E0,0.E0,1.E0));
#5713=DIRECTION('',(1.E0,0.E0,0.E0));
#5714=AXIS2_PLACEMENT_3D('',#5711,#5712,#5713);
#5715=PLANE('',#5714);
#5716=ORIENTED_EDGE('',*,*,#5636,.T.);
#5718=ORIENTED_EDGE('',*,*,#5717,.T.);
#5719=ORIENTED_EDGE('',*,*,#5704,.F.);
#5720=ORIENTED_EDGE('',*,*,#5613,.F.);
#5721=EDGE_LOOP('',(#5716,#5718,#5719,#5720));
#5722=FACE_OUTER_BOUND('',#5721,.F.);
#5724=CARTESIAN_POINT('',(0.E0,2.E-1,0.E0));
#5725=DIRECTION('',(0.E0,1.E0,0.E0));
#5726=DIRECTION('',(1.E0,0.E0,0.E0));
#5727=AXIS2_PLACEMENT_3D('',#5724,#5725,#5726);
#5728=PLANE('',#5727);
#5729=ORIENTED_EDGE('',*,*,#5634,.T.);
#5730=ORIENTED_EDGE('',*,*,#5657,.F.);
#5731=ORIENTED_EDGE('',*,*,#5669,.F.);
#5732=ORIENTED_EDGE('',*,*,#5684,.T.);
#5733=ORIENTED_EDGE('',*,*,#5706,.F.);
#5734=ORIENTED_EDGE('',*,*,#5717,.F.);
#5735=EDGE_LOOP('',(#5729,#5730,#5731,#5732,#5733,#5734));
#5736=FACE_OUTER_BOUND('',#5735,.F.);
#5738=CLOSED_SHELL('',(#5625,#5640,#5661,#5675,#5689,#5710,#5723,#5737));
#5739=MANIFOLD_SOLID_BREP('',#5738);
#5740=FILL_AREA_STYLE_COLOUR('',#28);
#5741=FILL_AREA_STYLE('',(#5740));
#5742=SURFACE_STYLE_FILL_AREA(#5741);
#5743=SURFACE_SIDE_STYLE('',(#5742));
#5744=SURFACE_STYLE_USAGE(.POSITIVE.,#5743);
#5745=PRESENTATION_STYLE_ASSIGNMENT((#5744));
#5455=STYLED_ITEM('',(#5745),#5739);
#5747=DIRECTION('',(0.E0,0.E0,1.E0));
#5748=VECTOR('',#5747,1.5E-1);
#5749=CARTESIAN_POINT('',(2.E0,1.E-1,1.725E0));
#5750=LINE('',#5749,#5748);
#5751=CURVE_STYLE('',#35,POSITIVE_LENGTH_MEASURE(2.E-2),#28);
#5752=PRESENTATION_STYLE_ASSIGNMENT((#5751));
#5753=STYLED_ITEM('',(#5752),#5750);
#5754=DIRECTION('',(-1.E0,0.E0,0.E0));
#5755=VECTOR('',#5754,2.75E-1);
#5756=CARTESIAN_POINT('',(2.E0,1.E-1,1.725E0));
#5757=LINE('',#5756,#5755);
#5758=CURVE_STYLE('',#35,POSITIVE_LENGTH_MEASURE(2.E-2),#28);
#5759=PRESENTATION_STYLE_ASSIGNMENT((#5758));
#5760=STYLED_ITEM('',(#5759),#5757);
#5761=DIRECTION('',(0.E0,0.E0,1.E0));
#5762=VECTOR('',#5761,2.75E-1);
#5763=CARTESIAN_POINT('',(1.725E0,1.E-1,1.725E0));
#5764=LINE('',#5763,#5762);
#5765=CURVE_STYLE('',#35,POSITIVE_LENGTH_MEASURE(2.E-2),#28);
#5766=PRESENTATION_STYLE_ASSIGNMENT((#5765));
#5767=STYLED_ITEM('',(#5766),#5764);
#5768=DIRECTION('',(-1.E0,0.E0,0.E0));
#5769=VECTOR('',#5768,1.5E-1);
#5770=CARTESIAN_POINT('',(1.875E0,1.E-1,2.E0));
#5771=LINE('',#5770,#5769);
#5772=CURVE_STYLE('',#35,POSITIVE_LENGTH_MEASURE(2.E-2),#28);
#5773=PRESENTATION_STYLE_ASSIGNMENT((#5772));
#5774=STYLED_ITEM('',(#5773),#5771);
#5775=DIRECTION('',(0.E0,0.E0,-1.E0));
#5776=VECTOR('',#5775,1.25E-1);
#5777=CARTESIAN_POINT('',(1.875E0,1.E-1,2.E0));
#5778=LINE('',#5777,#5776);
#5779=CURVE_STYLE('',#35,POSITIVE_LENGTH_MEASURE(2.E-2),#28);
#5780=PRESENTATION_STYLE_ASSIGNMENT((#5779));
#5781=STYLED_ITEM('',(#5780),#5778);
#5782=DIRECTION('',(1.E0,0.E0,0.E0));
#5783=VECTOR('',#5782,1.25E-1);
#5784=CARTESIAN_POINT('',(1.875E0,1.E-1,1.875E0));
#5785=LINE('',#5784,#5783);
#5786=CURVE_STYLE('',#35,POSITIVE_LENGTH_MEASURE(2.E-2),#28);
#5787=PRESENTATION_STYLE_ASSIGNMENT((#5786));
#5788=STYLED_ITEM('',(#5787),#5785);
#5789=DIRECTION('',(0.E0,1.E0,0.E0));
#5790=VECTOR('',#5789,1.E-1);
#5791=CARTESIAN_POINT('',(2.E0,1.E-1,1.875E0));
#5792=LINE('',#5791,#5790);
#5793=CURVE_STYLE('',#35,POSITIVE_LENGTH_MEASURE(2.E-2),#28);
#5794=PRESENTATION_STYLE_ASSIGNMENT((#5793));
#5795=STYLED_ITEM('',(#5794),#5792);
#5796=DIRECTION('',(0.E0,1.E0,0.E0));
#5797=VECTOR('',#5796,1.E-1);
#5798=CARTESIAN_POINT('',(1.875E0,1.E-1,1.875E0));
#5799=LINE('',#5798,#5797);
#5800=CURVE_STYLE('',#35,POSITIVE_LENGTH_MEASURE(2.E-2),#28);
#5801=PRESENTATION_STYLE_ASSIGNMENT((#5800));
#5802=STYLED_ITEM('',(#5801),#5799);
#5803=DIRECTION('',(0.E0,1.E0,0.E0));
#5804=VECTOR('',#5803,1.E-1);
#5805=CARTESIAN_POINT('',(1.875E0,1.E-1,2.E0));
#5806=LINE('',#5805,#5804);
#5807=CURVE_STYLE('',#35,POSITIVE_LENGTH_MEASURE(2.E-2),#28);
#5808=PRESENTATION_STYLE_ASSIGNMENT((#5807));
#5809=STYLED_ITEM('',(#5808),#5806);
#5810=DIRECTION('',(0.E0,1.E0,0.E0));
#5811=VECTOR('',#5810,1.E-1);
#5812=CARTESIAN_POINT('',(1.725E0,1.E-1,2.E0));
#5813=LINE('',#5812,#5811);
#5814=CURVE_STYLE('',#35,POSITIVE_LENGTH_MEASURE(2.E-2),#28);
#5815=PRESENTATION_STYLE_ASSIGNMENT((#5814));
#5816=STYLED_ITEM('',(#5815),#5813);
#5817=DIRECTION('',(0.E0,1.E0,0.E0));
#5818=VECTOR('',#5817,1.E-1);
#5819=CARTESIAN_POINT('',(1.725E0,1.E-1,1.725E0));
#5820=LINE('',#5819,#5818);
#5821=CURVE_STYLE('',#35,POSITIVE_LENGTH_MEASURE(2.E-2),#28);
#5822=PRESENTATION_STYLE_ASSIGNMENT((#5821));
#5823=STYLED_ITEM('',(#5822),#5820);
#5824=DIRECTION('',(0.E0,1.E0,0.E0));
#5825=VECTOR('',#5824,1.E-1);
#5826=CARTESIAN_POINT('',(2.E0,1.E-1,1.725E0));
#5827=LINE('',#5826,#5825);
#5828=CURVE_STYLE('',#35,POSITIVE_LENGTH_MEASURE(2.E-2),#28);
#5829=PRESENTATION_STYLE_ASSIGNMENT((#5828));
#5830=STYLED_ITEM('',(#5829),#5827);
#5831=DIRECTION('',(0.E0,0.E0,1.E0));
#5832=VECTOR('',#5831,1.5E-1);
#5833=CARTESIAN_POINT('',(2.E0,2.E-1,1.725E0));
#5834=LINE('',#5833,#5832);
#5835=CURVE_STYLE('',#35,POSITIVE_LENGTH_MEASURE(2.E-2),#28);
#5836=PRESENTATION_STYLE_ASSIGNMENT((#5835));
#5837=STYLED_ITEM('',(#5836),#5834);
#5838=DIRECTION('',(1.E0,0.E0,0.E0));
#5839=VECTOR('',#5838,1.25E-1);
#5840=CARTESIAN_POINT('',(1.875E0,2.E-1,1.875E0));
#5841=LINE('',#5840,#5839);
#5842=CURVE_STYLE('',#35,POSITIVE_LENGTH_MEASURE(2.E-2),#28);
#5843=PRESENTATION_STYLE_ASSIGNMENT((#5842));
#5844=STYLED_ITEM('',(#5843),#5841);
#5845=DIRECTION('',(0.E0,0.E0,-1.E0));
#5846=VECTOR('',#5845,1.25E-1);
#5847=CARTESIAN_POINT('',(1.875E0,2.E-1,2.E0));
#5848=LINE('',#5847,#5846);
#5849=CURVE_STYLE('',#35,POSITIVE_LENGTH_MEASURE(2.E-2),#28);
#5850=PRESENTATION_STYLE_ASSIGNMENT((#5849));
#5851=STYLED_ITEM('',(#5850),#5848);
#5852=DIRECTION('',(-1.E0,0.E0,0.E0));
#5853=VECTOR('',#5852,1.5E-1);
#5854=CARTESIAN_POINT('',(1.875E0,2.E-1,2.E0));
#5855=LINE('',#5854,#5853);
#5856=CURVE_STYLE('',#35,POSITIVE_LENGTH_MEASURE(2.E-2),#28);
#5857=PRESENTATION_STYLE_ASSIGNMENT((#5856));
#5858=STYLED_ITEM('',(#5857),#5855);
#5859=DIRECTION('',(0.E0,0.E0,1.E0));
#5860=VECTOR('',#5859,2.75E-1);
#5861=CARTESIAN_POINT('',(1.725E0,2.E-1,1.725E0));
#5862=LINE('',#5861,#5860);
#5863=CURVE_STYLE('',#35,POSITIVE_LENGTH_MEASURE(2.E-2),#28);
#5864=PRESENTATION_STYLE_ASSIGNMENT((#5863));
#5865=STYLED_ITEM('',(#5864),#5862);
#5866=DIRECTION('',(-1.E0,0.E0,0.E0));
#5867=VECTOR('',#5866,2.75E-1);
#5868=CARTESIAN_POINT('',(2.E0,2.E-1,1.725E0));
#5869=LINE('',#5868,#5867);
#5870=CURVE_STYLE('',#35,POSITIVE_LENGTH_MEASURE(2.E-2),#28);
#5871=PRESENTATION_STYLE_ASSIGNMENT((#5870));
#5872=STYLED_ITEM('',(#5871),#5869);
#5873=CARTESIAN_POINT('',(1.725E0,1.E-1,1.725E0));
#5874=CARTESIAN_POINT('',(1.725E0,2.E-1,1.725E0));
#5875=VERTEX_POINT('',#5873);
#5876=VERTEX_POINT('',#5874);
#5877=CARTESIAN_POINT('',(1.875E0,1.E-1,1.875E0));
#5878=CARTESIAN_POINT('',(1.875E0,2.E-1,1.875E0));
#5879=VERTEX_POINT('',#5877);
#5880=VERTEX_POINT('',#5878);
#5881=CARTESIAN_POINT('',(2.E0,1.E-1,1.725E0));
#5882=CARTESIAN_POINT('',(2.E0,1.E-1,1.875E0));
#5883=VERTEX_POINT('',#5881);
#5884=VERTEX_POINT('',#5882);
#5885=CARTESIAN_POINT('',(1.875E0,1.E-1,2.E0));
#5886=CARTESIAN_POINT('',(1.725E0,1.E-1,2.E0));
#5887=VERTEX_POINT('',#5885);
#5888=VERTEX_POINT('',#5886);
#5889=CARTESIAN_POINT('',(2.E0,2.E-1,1.725E0));
#5890=CARTESIAN_POINT('',(2.E0,2.E-1,1.875E0));
#5891=VERTEX_POINT('',#5889);
#5892=VERTEX_POINT('',#5890);
#5893=CARTESIAN_POINT('',(1.875E0,2.E-1,2.E0));
#5894=CARTESIAN_POINT('',(1.725E0,2.E-1,2.E0));
#5895=VERTEX_POINT('',#5893);
#5896=VERTEX_POINT('',#5894);
#5897=CARTESIAN_POINT('',(0.E0,1.E-1,0.E0));
#5898=DIRECTION('',(0.E0,1.E0,0.E0));
#5899=DIRECTION('',(1.E0,0.E0,0.E0));
#5900=AXIS2_PLACEMENT_3D('',#5897,#5898,#5899);
#5901=PLANE('',#5900);
#5903=ORIENTED_EDGE('',*,*,#5902,.F.);
#5905=ORIENTED_EDGE('',*,*,#5904,.T.);
#5907=ORIENTED_EDGE('',*,*,#5906,.T.);
#5909=ORIENTED_EDGE('',*,*,#5908,.F.);
#5911=ORIENTED_EDGE('',*,*,#5910,.T.);
#5913=ORIENTED_EDGE('',*,*,#5912,.T.);
#5914=EDGE_LOOP('',(#5903,#5905,#5907,#5909,#5911,#5913));
#5915=FACE_OUTER_BOUND('',#5914,.F.);
#5917=CARTESIAN_POINT('',(2.E0,0.E0,-2.E0));
#5918=DIRECTION('',(-1.E0,0.E0,0.E0));
#5919=DIRECTION('',(0.E0,0.E0,1.E0));
#5920=AXIS2_PLACEMENT_3D('',#5917,#5918,#5919);
#5921=PLANE('',#5920);
#5922=ORIENTED_EDGE('',*,*,#5902,.T.);
#5924=ORIENTED_EDGE('',*,*,#5923,.T.);
#5926=ORIENTED_EDGE('',*,*,#5925,.F.);
#5928=ORIENTED_EDGE('',*,*,#5927,.F.);
#5929=EDGE_LOOP('',(#5922,#5924,#5926,#5928));
#5930=FACE_OUTER_BOUND('',#5929,.F.);
#5932=FILL_AREA_STYLE_COLOUR('',#29);
#5933=FILL_AREA_STYLE('',(#5932));
#5934=SURFACE_STYLE_FILL_AREA(#5933);
#5935=SURFACE_SIDE_STYLE('',(#5934));
#5936=SURFACE_STYLE_USAGE(.POSITIVE.,#5935);
#5937=PRESENTATION_STYLE_ASSIGNMENT((#5936));
#5938=OVER_RIDING_STYLED_ITEM('',(#5937),#5931,#5746);
#5939=CARTESIAN_POINT('',(1.875E0,1.E-1,1.875E0));
#5940=DIRECTION('',(0.E0,0.E0,1.E0));
#5941=DIRECTION('',(1.E0,0.E0,0.E0));
#5942=AXIS2_PLACEMENT_3D('',#5939,#5940,#5941);
#5943=PLANE('',#5942);
#5944=ORIENTED_EDGE('',*,*,#5923,.F.);
#5945=ORIENTED_EDGE('',*,*,#5912,.F.);
#5947=ORIENTED_EDGE('',*,*,#5946,.T.);
#5949=ORIENTED_EDGE('',*,*,#5948,.T.);
#5950=EDGE_LOOP('',(#5944,#5945,#5947,#5949));
#5951=FACE_OUTER_BOUND('',#5950,.F.);
#5953=CARTESIAN_POINT('',(1.875E0,1.E-1,2.1E0));
#5954=DIRECTION('',(1.E0,0.E0,0.E0));
#5955=DIRECTION('',(0.E0,0.E0,-1.E0));
#5956=AXIS2_PLACEMENT_3D('',#5953,#5954,#5955);
#5957=PLANE('',#5956);
#5959=ORIENTED_EDGE('',*,*,#5958,.T.);
#5961=ORIENTED_EDGE('',*,*,#5960,.T.);
#5962=ORIENTED_EDGE('',*,*,#5946,.F.);
#5963=ORIENTED_EDGE('',*,*,#5910,.F.);
#5964=EDGE_LOOP('',(#5959,#5961,#5962,#5963));
#5965=FACE_OUTER_BOUND('',#5964,.F.);
#5967=CARTESIAN_POINT('',(2.E0,0.E0,2.E0));
#5968=DIRECTION('',(0.E0,0.E0,-1.E0));
#5969=DIRECTION('',(-1.E0,0.E0,0.E0));
#5970=AXIS2_PLACEMENT_3D('',#5967,#5968,#5969);
#5971=PLANE('',#5970);
#5972=ORIENTED_EDGE('',*,*,#5908,.T.);
#5974=ORIENTED_EDGE('',*,*,#5973,.T.);
#5976=ORIENTED_EDGE('',*,*,#5975,.F.);
#5977=ORIENTED_EDGE('',*,*,#5958,.F.);
#5978=EDGE_LOOP('',(#5972,#5974,#5976,#5977));
#5979=FACE_OUTER_BOUND('',#5978,.F.);
#5981=FILL_AREA_STYLE_COLOUR('',#29);
#5982=FILL_AREA_STYLE('',(#5981));
#5983=SURFACE_STYLE_FILL_AREA(#5982);
#5984=SURFACE_SIDE_STYLE('',(#5983));
#5985=SURFACE_STYLE_USAGE(.POSITIVE.,#5984);
#5986=PRESENTATION_STYLE_ASSIGNMENT((#5985));
#5987=OVER_RIDING_STYLED_ITEM('',(#5986),#5980,#5746);
#5988=CARTESIAN_POINT('',(1.725E0,1.E-1,1.725E0));
#5989=DIRECTION('',(-1.E0,0.E0,0.E0));
#5990=DIRECTION('',(0.E0,0.E0,1.E0));
#5991=AXIS2_PLACEMENT_3D('',#5988,#5989,#5990);
#5992=PLANE('',#5991);
#5993=ORIENTED_EDGE('',*,*,#5973,.F.);
#5994=ORIENTED_EDGE('',*,*,#5906,.F.);
#5996=ORIENTED_EDGE('',*,*,#5995,.T.);
#5998=ORIENTED_EDGE('',*,*,#5997,.T.);
#5999=EDGE_LOOP('',(#5993,#5994,#5996,#5998));
#6000=FACE_OUTER_BOUND('',#5999,.F.);
#6002=CARTESIAN_POINT('',(2.1E0,1.E-1,1.725E0));
#6003=DIRECTION('',(0.E0,0.E0,-1.E0));
#6004=DIRECTION('',(-1.E0,0.E0,0.E0));
#6005=AXIS2_PLACEMENT_3D('',#6002,#6003,#6004);
#6006=PLANE('',#6005);
#6007=ORIENTED_EDGE('',*,*,#5927,.T.);
#6009=ORIENTED_EDGE('',*,*,#6008,.T.);
#6010=ORIENTED_EDGE('',*,*,#5995,.F.);
#6011=ORIENTED_EDGE('',*,*,#5904,.F.);
#6012=EDGE_LOOP('',(#6007,#6009,#6010,#6011));
#6013=FACE_OUTER_BOUND('',#6012,.F.);
#6015=CARTESIAN_POINT('',(0.E0,2.E-1,0.E0));
#6016=DIRECTION('',(0.E0,1.E0,0.E0));
#6017=DIRECTION('',(1.E0,0.E0,0.E0));
#6018=AXIS2_PLACEMENT_3D('',#6015,#6016,#6017);
#6019=PLANE('',#6018);
#6020=ORIENTED_EDGE('',*,*,#5925,.T.);
#6021=ORIENTED_EDGE('',*,*,#5948,.F.);
#6022=ORIENTED_EDGE('',*,*,#5960,.F.);
#6023=ORIENTED_EDGE('',*,*,#5975,.T.);
#6024=ORIENTED_EDGE('',*,*,#5997,.F.);
#6025=ORIENTED_EDGE('',*,*,#6008,.F.);
#6026=EDGE_LOOP('',(#6020,#6021,#6022,#6023,#6024,#6025));
#6027=FACE_OUTER_BOUND('',#6026,.F.);
#6029=CLOSED_SHELL('',(#5916,#5931,#5952,#5966,#5980,#6001,#6014,#6028));
#6030=MANIFOLD_SOLID_BREP('',#6029);
#6031=FILL_AREA_STYLE_COLOUR('',#28);
#6032=FILL_AREA_STYLE('',(#6031));
#6033=SURFACE_STYLE_FILL_AREA(#6032);
#6034=SURFACE_SIDE_STYLE('',(#6033));
#6035=SURFACE_STYLE_USAGE(.POSITIVE.,#6034);
#6036=PRESENTATION_STYLE_ASSIGNMENT((#6035));
#5746=STYLED_ITEM('',(#6036),#6030);
#6038=DIRECTION('',(0.E0,0.E0,-1.E0));
#6039=VECTOR('',#6038,1.5E-1);
#6040=CARTESIAN_POINT('',(-2.E0,1.E-1,-1.725E0));
#6041=LINE('',#6040,#6039);
#6042=CURVE_STYLE('',#35,POSITIVE_LENGTH_MEASURE(2.E-2),#28);
#6043=PRESENTATION_STYLE_ASSIGNMENT((#6042));
#6044=STYLED_ITEM('',(#6043),#6041);
#6045=DIRECTION('',(1.E0,0.E0,0.E0));
#6046=VECTOR('',#6045,2.75E-1);
#6047=CARTESIAN_POINT('',(-2.E0,1.E-1,-1.725E0));
#6048=LINE('',#6047,#6046);
#6049=CURVE_STYLE('',#35,POSITIVE_LENGTH_MEASURE(2.E-2),#28);
#6050=PRESENTATION_STYLE_ASSIGNMENT((#6049));
#6051=STYLED_ITEM('',(#6050),#6048);
#6052=DIRECTION('',(0.E0,0.E0,-1.E0));
#6053=VECTOR('',#6052,2.75E-1);
#6054=CARTESIAN_POINT('',(-1.725E0,1.E-1,-1.725E0));
#6055=LINE('',#6054,#6053);
#6056=CURVE_STYLE('',#35,POSITIVE_LENGTH_MEASURE(2.E-2),#28);
#6057=PRESENTATION_STYLE_ASSIGNMENT((#6056));
#6058=STYLED_ITEM('',(#6057),#6055);
#6059=DIRECTION('',(1.E0,0.E0,0.E0));
#6060=VECTOR('',#6059,1.5E-1);
#6061=CARTESIAN_POINT('',(-1.875E0,1.E-1,-2.E0));
#6062=LINE('',#6061,#6060);
#6063=CURVE_STYLE('',#35,POSITIVE_LENGTH_MEASURE(2.E-2),#28);
#6064=PRESENTATION_STYLE_ASSIGNMENT((#6063));
#6065=STYLED_ITEM('',(#6064),#6062);
#6066=DIRECTION('',(0.E0,0.E0,1.E0));
#6067=VECTOR('',#6066,1.25E-1);
#6068=CARTESIAN_POINT('',(-1.875E0,1.E-1,-2.E0));
#6069=LINE('',#6068,#6067);
#6070=CURVE_STYLE('',#35,POSITIVE_LENGTH_MEASURE(2.E-2),#28);
#6071=PRESENTATION_STYLE_ASSIGNMENT((#6070));
#6072=STYLED_ITEM('',(#6071),#6069);
#6073=DIRECTION('',(-1.E0,0.E0,0.E0));
#6074=VECTOR('',#6073,1.25E-1);
#6075=CARTESIAN_POINT('',(-1.875E0,1.E-1,-1.875E0));
#6076=LINE('',#6075,#6074);
#6077=CURVE_STYLE('',#35,POSITIVE_LENGTH_MEASURE(2.E-2),#28);
#6078=PRESENTATION_STYLE_ASSIGNMENT((#6077));
#6079=STYLED_ITEM('',(#6078),#6076);
#6080=DIRECTION('',(0.E0,1.E0,0.E0));
#6081=VECTOR('',#6080,1.E-1);
#6082=CARTESIAN_POINT('',(-2.E0,1.E-1,-1.875E0));
#6083=LINE('',#6082,#6081);
#6084=CURVE_STYLE('',#35,POSITIVE_LENGTH_MEASURE(2.E-2),#28);
#6085=PRESENTATION_STYLE_ASSIGNMENT((#6084));
#6086=STYLED_ITEM('',(#6085),#6083);
#6087=DIRECTION('',(0.E0,1.E0,0.E0));
#6088=VECTOR('',#6087,1.E-1);
#6089=CARTESIAN_POINT('',(-1.875E0,1.E-1,-1.875E0));
#6090=LINE('',#6089,#6088);
#6091=CURVE_STYLE('',#35,POSITIVE_LENGTH_MEASURE(2.E-2),#28);
#6092=PRESENTATION_STYLE_ASSIGNMENT((#6091));
#6093=STYLED_ITEM('',(#6092),#6090);
#6094=DIRECTION('',(0.E0,1.E0,0.E0));
#6095=VECTOR('',#6094,1.E-1);
#6096=CARTESIAN_POINT('',(-1.875E0,1.E-1,-2.E0));
#6097=LINE('',#6096,#6095);
#6098=CURVE_STYLE('',#35,POSITIVE_LENGTH_MEASURE(2.E-2),#28);
#6099=PRESENTATION_STYLE_ASSIGNMENT((#6098));
#6100=STYLED_ITEM('',(#6099),#6097);
#6101=DIRECTION('',(0.E0,1.E0,0.E0));
#6102=VECTOR('',#6101,1.E-1);
#6103=CARTESIAN_POINT('',(-1.725E0,1.E-1,-2.E0));
#6104=LINE('',#6103,#6102);
#6105=CURVE_STYLE('',#35,POSITIVE_LENGTH_MEASURE(2.E-2),#28);
#6106=PRESENTATION_STYLE_ASSIGNMENT((#6105));
#6107=STYLED_ITEM('',(#6106),#6104);
#6108=DIRECTION('',(0.E0,1.E0,0.E0));
#6109=VECTOR('',#6108,1.E-1);
#6110=CARTESIAN_POINT('',(-1.725E0,1.E-1,-1.725E0));
#6111=LINE('',#6110,#6109);
#6112=CURVE_STYLE('',#35,POSITIVE_LENGTH_MEASURE(2.E-2),#28);
#6113=PRESENTATION_STYLE_ASSIGNMENT((#6112));
#6114=STYLED_ITEM('',(#6113),#6111);
#6115=DIRECTION('',(0.E0,1.E0,0.E0));
#6116=VECTOR('',#6115,1.E-1);
#6117=CARTESIAN_POINT('',(-2.E0,1.E-1,-1.725E0));
#6118=LINE('',#6117,#6116);
#6119=CURVE_STYLE('',#35,POSITIVE_LENGTH_MEASURE(2.E-2),#28);
#6120=PRESENTATION_STYLE_ASSIGNMENT((#6119));
#6121=STYLED_ITEM('',(#6120),#6118);
#6122=DIRECTION('',(0.E0,0.E0,-1.E0));
#6123=VECTOR('',#6122,1.5E-1);
#6124=CARTESIAN_POINT('',(-2.E0,2.E-1,-1.725E0));
#6125=LINE('',#6124,#6123);
#6126=CURVE_STYLE('',#35,POSITIVE_LENGTH_MEASURE(2.E-2),#28);
#6127=PRESENTATION_STYLE_ASSIGNMENT((#6126));
#6128=STYLED_ITEM('',(#6127),#6125);
#6129=DIRECTION('',(-1.E0,0.E0,0.E0));
#6130=VECTOR('',#6129,1.25E-1);
#6131=CARTESIAN_POINT('',(-1.875E0,2.E-1,-1.875E0));
#6132=LINE('',#6131,#6130);
#6133=CURVE_STYLE('',#35,POSITIVE_LENGTH_MEASURE(2.E-2),#28);
#6134=PRESENTATION_STYLE_ASSIGNMENT((#6133));
#6135=STYLED_ITEM('',(#6134),#6132);
#6136=DIRECTION('',(0.E0,0.E0,1.E0));
#6137=VECTOR('',#6136,1.25E-1);
#6138=CARTESIAN_POINT('',(-1.875E0,2.E-1,-2.E0));
#6139=LINE('',#6138,#6137);
#6140=CURVE_STYLE('',#35,POSITIVE_LENGTH_MEASURE(2.E-2),#28);
#6141=PRESENTATION_STYLE_ASSIGNMENT((#6140));
#6142=STYLED_ITEM('',(#6141),#6139);
#6143=DIRECTION('',(1.E0,0.E0,0.E0));
#6144=VECTOR('',#6143,1.5E-1);
#6145=CARTESIAN_POINT('',(-1.875E0,2.E-1,-2.E0));
#6146=LINE('',#6145,#6144);
#6147=CURVE_STYLE('',#35,POSITIVE_LENGTH_MEASURE(2.E-2),#28);
#6148=PRESENTATION_STYLE_ASSIGNMENT((#6147));
#6149=STYLED_ITEM('',(#6148),#6146);
#6150=DIRECTION('',(0.E0,0.E0,-1.E0));
#6151=VECTOR('',#6150,2.75E-1);
#6152=CARTESIAN_POINT('',(-1.725E0,2.E-1,-1.725E0));
#6153=LINE('',#6152,#6151);
#6154=CURVE_STYLE('',#35,POSITIVE_LENGTH_MEASURE(2.E-2),#28);
#6155=PRESENTATION_STYLE_ASSIGNMENT((#6154));
#6156=STYLED_ITEM('',(#6155),#6153);
#6157=DIRECTION('',(1.E0,0.E0,0.E0));
#6158=VECTOR('',#6157,2.75E-1);
#6159=CARTESIAN_POINT('',(-2.E0,2.E-1,-1.725E0));
#6160=LINE('',#6159,#6158);
#6161=CURVE_STYLE('',#35,POSITIVE_LENGTH_MEASURE(2.E-2),#28);
#6162=PRESENTATION_STYLE_ASSIGNMENT((#6161));
#6163=STYLED_ITEM('',(#6162),#6160);
#6164=CARTESIAN_POINT('',(-1.725E0,1.E-1,-1.725E0));
#6165=CARTESIAN_POINT('',(-1.725E0,2.E-1,-1.725E0));
#6166=VERTEX_POINT('',#6164);
#6167=VERTEX_POINT('',#6165);
#6168=CARTESIAN_POINT('',(-1.875E0,1.E-1,-1.875E0));
#6169=CARTESIAN_POINT('',(-1.875E0,2.E-1,-1.875E0));
#6170=VERTEX_POINT('',#6168);
#6171=VERTEX_POINT('',#6169);
#6172=CARTESIAN_POINT('',(-2.E0,1.E-1,-1.725E0));
#6173=CARTESIAN_POINT('',(-2.E0,1.E-1,-1.875E0));
#6174=VERTEX_POINT('',#6172);
#6175=VERTEX_POINT('',#6173);
#6176=CARTESIAN_POINT('',(-1.875E0,1.E-1,-2.E0));
#6177=CARTESIAN_POINT('',(-1.725E0,1.E-1,-2.E0));
#6178=VERTEX_POINT('',#6176);
#6179=VERTEX_POINT('',#6177);
#6180=CARTESIAN_POINT('',(-2.E0,2.E-1,-1.725E0));
#6181=CARTESIAN_POINT('',(-2.E0,2.E-1,-1.875E0));
#6182=VERTEX_POINT('',#6180);
#6183=VERTEX_POINT('',#6181);
#6184=CARTESIAN_POINT('',(-1.875E0,2.E-1,-2.E0));
#6185=CARTESIAN_POINT('',(-1.725E0,2.E-1,-2.E0));
#6186=VERTEX_POINT('',#6184);
#6187=VERTEX_POINT('',#6185);
#6188=CARTESIAN_POINT('',(0.E0,1.E-1,0.E0));
#6189=DIRECTION('',(0.E0,1.E0,0.E0));
#6190=DIRECTION('',(1.E0,0.E0,0.E0));
#6191=AXIS2_PLACEMENT_3D('',#6188,#6189,#6190);
#6192=PLANE('',#6191);
#6194=ORIENTED_EDGE('',*,*,#6193,.F.);
#6196=ORIENTED_EDGE('',*,*,#6195,.T.);
#6198=ORIENTED_EDGE('',*,*,#6197,.T.);
#6200=ORIENTED_EDGE('',*,*,#6199,.F.);
#6202=ORIENTED_EDGE('',*,*,#6201,.T.);
#6204=ORIENTED_EDGE('',*,*,#6203,.T.);
#6205=EDGE_LOOP('',(#6194,#6196,#6198,#6200,#6202,#6204));
#6206=FACE_OUTER_BOUND('',#6205,.F.);
#6208=CARTESIAN_POINT('',(-2.E0,0.E0,2.E0));
#6209=DIRECTION('',(1.E0,0.E0,0.E0));
#6210=DIRECTION('',(0.E0,0.E0,-1.E0));
#6211=AXIS2_PLACEMENT_3D('',#6208,#6209,#6210);
#6212=PLANE('',#6211);
#6213=ORIENTED_EDGE('',*,*,#6193,.T.);
#6215=ORIENTED_EDGE('',*,*,#6214,.T.);
#6217=ORIENTED_EDGE('',*,*,#6216,.F.);
#6219=ORIENTED_EDGE('',*,*,#6218,.F.);
#6220=EDGE_LOOP('',(#6213,#6215,#6217,#6219));
#6221=FACE_OUTER_BOUND('',#6220,.F.);
#6223=FILL_AREA_STYLE_COLOUR('',#29);
#6224=FILL_AREA_STYLE('',(#6223));
#6225=SURFACE_STYLE_FILL_AREA(#6224);
#6226=SURFACE_SIDE_STYLE('',(#6225));
#6227=SURFACE_STYLE_USAGE(.POSITIVE.,#6226);
#6228=PRESENTATION_STYLE_ASSIGNMENT((#6227));
#6229=OVER_RIDING_STYLED_ITEM('',(#6228),#6222,#6037);
#6230=CARTESIAN_POINT('',(-1.875E0,1.E-1,-1.875E0));
#6231=DIRECTION('',(0.E0,0.E0,-1.E0));
#6232=DIRECTION('',(-1.E0,0.E0,0.E0));
#6233=AXIS2_PLACEMENT_3D('',#6230,#6231,#6232);
#6234=PLANE('',#6233);
#6235=ORIENTED_EDGE('',*,*,#6214,.F.);
#6236=ORIENTED_EDGE('',*,*,#6203,.F.);
#6238=ORIENTED_EDGE('',*,*,#6237,.T.);
#6240=ORIENTED_EDGE('',*,*,#6239,.T.);
#6241=EDGE_LOOP('',(#6235,#6236,#6238,#6240));
#6242=FACE_OUTER_BOUND('',#6241,.F.);
#6244=CARTESIAN_POINT('',(-1.875E0,1.E-1,-2.1E0));
#6245=DIRECTION('',(-1.E0,0.E0,0.E0));
#6246=DIRECTION('',(0.E0,0.E0,1.E0));
#6247=AXIS2_PLACEMENT_3D('',#6244,#6245,#6246);
#6248=PLANE('',#6247);
#6250=ORIENTED_EDGE('',*,*,#6249,.T.);
#6252=ORIENTED_EDGE('',*,*,#6251,.T.);
#6253=ORIENTED_EDGE('',*,*,#6237,.F.);
#6254=ORIENTED_EDGE('',*,*,#6201,.F.);
#6255=EDGE_LOOP('',(#6250,#6252,#6253,#6254));
#6256=FACE_OUTER_BOUND('',#6255,.F.);
#6258=CARTESIAN_POINT('',(-2.E0,0.E0,-2.E0));
#6259=DIRECTION('',(0.E0,0.E0,1.E0));
#6260=DIRECTION('',(1.E0,0.E0,0.E0));
#6261=AXIS2_PLACEMENT_3D('',#6258,#6259,#6260);
#6262=PLANE('',#6261);
#6263=ORIENTED_EDGE('',*,*,#6199,.T.);
#6265=ORIENTED_EDGE('',*,*,#6264,.T.);
#6267=ORIENTED_EDGE('',*,*,#6266,.F.);
#6268=ORIENTED_EDGE('',*,*,#6249,.F.);
#6269=EDGE_LOOP('',(#6263,#6265,#6267,#6268));
#6270=FACE_OUTER_BOUND('',#6269,.F.);
#6272=FILL_AREA_STYLE_COLOUR('',#29);
#6273=FILL_AREA_STYLE('',(#6272));
#6274=SURFACE_STYLE_FILL_AREA(#6273);
#6275=SURFACE_SIDE_STYLE('',(#6274));
#6276=SURFACE_STYLE_USAGE(.POSITIVE.,#6275);
#6277=PRESENTATION_STYLE_ASSIGNMENT((#6276));
#6278=OVER_RIDING_STYLED_ITEM('',(#6277),#6271,#6037);
#6279=CARTESIAN_POINT('',(-1.725E0,1.E-1,-1.725E0));
#6280=DIRECTION('',(1.E0,0.E0,0.E0));
#6281=DIRECTION('',(0.E0,0.E0,-1.E0));
#6282=AXIS2_PLACEMENT_3D('',#6279,#6280,#6281);
#6283=PLANE('',#6282);
#6284=ORIENTED_EDGE('',*,*,#6264,.F.);
#6285=ORIENTED_EDGE('',*,*,#6197,.F.);
#6287=ORIENTED_EDGE('',*,*,#6286,.T.);
#6289=ORIENTED_EDGE('',*,*,#6288,.T.);
#6290=EDGE_LOOP('',(#6284,#6285,#6287,#6289));
#6291=FACE_OUTER_BOUND('',#6290,.F.);
#6293=CARTESIAN_POINT('',(-2.1E0,1.E-1,-1.725E0));
#6294=DIRECTION('',(0.E0,0.E0,1.E0));
#6295=DIRECTION('',(1.E0,0.E0,0.E0));
#6296=AXIS2_PLACEMENT_3D('',#6293,#6294,#6295);
#6297=PLANE('',#6296);
#6298=ORIENTED_EDGE('',*,*,#6218,.T.);
#6300=ORIENTED_EDGE('',*,*,#6299,.T.);
#6301=ORIENTED_EDGE('',*,*,#6286,.F.);
#6302=ORIENTED_EDGE('',*,*,#6195,.F.);
#6303=EDGE_LOOP('',(#6298,#6300,#6301,#6302));
#6304=FACE_OUTER_BOUND('',#6303,.F.);
#6306=CARTESIAN_POINT('',(0.E0,2.E-1,0.E0));
#6307=DIRECTION('',(0.E0,1.E0,0.E0));
#6308=DIRECTION('',(1.E0,0.E0,0.E0));
#6309=AXIS2_PLACEMENT_3D('',#6306,#6307,#6308);
#6310=PLANE('',#6309);
#6311=ORIENTED_EDGE('',*,*,#6216,.T.);
#6312=ORIENTED_EDGE('',*,*,#6239,.F.);
#6313=ORIENTED_EDGE('',*,*,#6251,.F.);
#6314=ORIENTED_EDGE('',*,*,#6266,.T.);
#6315=ORIENTED_EDGE('',*,*,#6288,.F.);
#6316=ORIENTED_EDGE('',*,*,#6299,.F.);
#6317=EDGE_LOOP('',(#6311,#6312,#6313,#6314,#6315,#6316));
#6318=FACE_OUTER_BOUND('',#6317,.F.);
#6320=CLOSED_SHELL('',(#6207,#6222,#6243,#6257,#6271,#6292,#6305,#6319));
#6321=MANIFOLD_SOLID_BREP('',#6320);
#6322=FILL_AREA_STYLE_COLOUR('',#28);
#6323=FILL_AREA_STYLE('',(#6322));
#6324=SURFACE_STYLE_FILL_AREA(#6323);
#6325=SURFACE_SIDE_STYLE('',(#6324));
#6326=SURFACE_STYLE_USAGE(.POSITIVE.,#6325);
#6327=PRESENTATION_STYLE_ASSIGNMENT((#6326));
#6037=STYLED_ITEM('',(#6327),#6321);
#6329=DIRECTION('',(1.E0,0.E0,0.E0));
#6330=VECTOR('',#6329,1.5E-1);
#6331=CARTESIAN_POINT('',(1.725E0,1.E-1,-2.E0));
#6332=LINE('',#6331,#6330);
#6333=CURVE_STYLE('',#35,POSITIVE_LENGTH_MEASURE(2.E-2),#28);
#6334=PRESENTATION_STYLE_ASSIGNMENT((#6333));
#6335=STYLED_ITEM('',(#6334),#6332);
#6336=DIRECTION('',(0.E0,0.E0,1.E0));
#6337=VECTOR('',#6336,2.75E-1);
#6338=CARTESIAN_POINT('',(1.725E0,1.E-1,-2.E0));
#6339=LINE('',#6338,#6337);
#6340=CURVE_STYLE('',#35,POSITIVE_LENGTH_MEASURE(2.E-2),#28);
#6341=PRESENTATION_STYLE_ASSIGNMENT((#6340));
#6342=STYLED_ITEM('',(#6341),#6339);
#6343=DIRECTION('',(1.E0,0.E0,0.E0));
#6344=VECTOR('',#6343,2.75E-1);
#6345=CARTESIAN_POINT('',(1.725E0,1.E-1,-1.725E0));
#6346=LINE('',#6345,#6344);
#6347=CURVE_STYLE('',#35,POSITIVE_LENGTH_MEASURE(2.E-2),#28);
#6348=PRESENTATION_STYLE_ASSIGNMENT((#6347));
#6349=STYLED_ITEM('',(#6348),#6346);
#6350=DIRECTION('',(0.E0,0.E0,1.E0));
#6351=VECTOR('',#6350,1.5E-1);
#6352=CARTESIAN_POINT('',(2.E0,1.E-1,-1.875E0));
#6353=LINE('',#6352,#6351);
#6354=CURVE_STYLE('',#35,POSITIVE_LENGTH_MEASURE(2.E-2),#28);
#6355=PRESENTATION_STYLE_ASSIGNMENT((#6354));
#6356=STYLED_ITEM('',(#6355),#6353);
#6357=DIRECTION('',(-1.E0,0.E0,0.E0));
#6358=VECTOR('',#6357,1.25E-1);
#6359=CARTESIAN_POINT('',(2.E0,1.E-1,-1.875E0));
#6360=LINE('',#6359,#6358);
#6361=CURVE_STYLE('',#35,POSITIVE_LENGTH_MEASURE(2.E-2),#28);
#6362=PRESENTATION_STYLE_ASSIGNMENT((#6361));
#6363=STYLED_ITEM('',(#6362),#6360);
#6364=DIRECTION('',(0.E0,0.E0,-1.E0));
#6365=VECTOR('',#6364,1.25E-1);
#6366=CARTESIAN_POINT('',(1.875E0,1.E-1,-1.875E0));
#6367=LINE('',#6366,#6365);
#6368=CURVE_STYLE('',#35,POSITIVE_LENGTH_MEASURE(2.E-2),#28);
#6369=PRESENTATION_STYLE_ASSIGNMENT((#6368));
#6370=STYLED_ITEM('',(#6369),#6367);
#6371=DIRECTION('',(0.E0,1.E0,0.E0));
#6372=VECTOR('',#6371,1.E-1);
#6373=CARTESIAN_POINT('',(1.875E0,1.E-1,-2.E0));
#6374=LINE('',#6373,#6372);
#6375=CURVE_STYLE('',#35,POSITIVE_LENGTH_MEASURE(2.E-2),#28);
#6376=PRESENTATION_STYLE_ASSIGNMENT((#6375));
#6377=STYLED_ITEM('',(#6376),#6374);
#6378=DIRECTION('',(0.E0,1.E0,0.E0));
#6379=VECTOR('',#6378,1.E-1);
#6380=CARTESIAN_POINT('',(1.875E0,1.E-1,-1.875E0));
#6381=LINE('',#6380,#6379);
#6382=CURVE_STYLE('',#35,POSITIVE_LENGTH_MEASURE(2.E-2),#28);
#6383=PRESENTATION_STYLE_ASSIGNMENT((#6382));
#6384=STYLED_ITEM('',(#6383),#6381);
#6385=DIRECTION('',(0.E0,1.E0,0.E0));
#6386=VECTOR('',#6385,1.E-1);
#6387=CARTESIAN_POINT('',(2.E0,1.E-1,-1.875E0));
#6388=LINE('',#6387,#6386);
#6389=CURVE_STYLE('',#35,POSITIVE_LENGTH_MEASURE(2.E-2),#28);
#6390=PRESENTATION_STYLE_ASSIGNMENT((#6389));
#6391=STYLED_ITEM('',(#6390),#6388);
#6392=DIRECTION('',(0.E0,1.E0,0.E0));
#6393=VECTOR('',#6392,1.E-1);
#6394=CARTESIAN_POINT('',(2.E0,1.E-1,-1.725E0));
#6395=LINE('',#6394,#6393);
#6396=CURVE_STYLE('',#35,POSITIVE_LENGTH_MEASURE(2.E-2),#28);
#6397=PRESENTATION_STYLE_ASSIGNMENT((#6396));
#6398=STYLED_ITEM('',(#6397),#6395);
#6399=DIRECTION('',(0.E0,1.E0,0.E0));
#6400=VECTOR('',#6399,1.E-1);
#6401=CARTESIAN_POINT('',(1.725E0,1.E-1,-1.725E0));
#6402=LINE('',#6401,#6400);
#6403=CURVE_STYLE('',#35,POSITIVE_LENGTH_MEASURE(2.E-2),#28);
#6404=PRESENTATION_STYLE_ASSIGNMENT((#6403));
#6405=STYLED_ITEM('',(#6404),#6402);
#6406=DIRECTION('',(0.E0,1.E0,0.E0));
#6407=VECTOR('',#6406,1.E-1);
#6408=CARTESIAN_POINT('',(1.725E0,1.E-1,-2.E0));
#6409=LINE('',#6408,#6407);
#6410=CURVE_STYLE('',#35,POSITIVE_LENGTH_MEASURE(2.E-2),#28);
#6411=PRESENTATION_STYLE_ASSIGNMENT((#6410));
#6412=STYLED_ITEM('',(#6411),#6409);
#6413=DIRECTION('',(1.E0,0.E0,0.E0));
#6414=VECTOR('',#6413,1.5E-1);
#6415=CARTESIAN_POINT('',(1.725E0,2.E-1,-2.E0));
#6416=LINE('',#6415,#6414);
#6417=CURVE_STYLE('',#35,POSITIVE_LENGTH_MEASURE(2.E-2),#28);
#6418=PRESENTATION_STYLE_ASSIGNMENT((#6417));
#6419=STYLED_ITEM('',(#6418),#6416);
#6420=DIRECTION('',(0.E0,0.E0,-1.E0));
#6421=VECTOR('',#6420,1.25E-1);
#6422=CARTESIAN_POINT('',(1.875E0,2.E-1,-1.875E0));
#6423=LINE('',#6422,#6421);
#6424=CURVE_STYLE('',#35,POSITIVE_LENGTH_MEASURE(2.E-2),#28);
#6425=PRESENTATION_STYLE_ASSIGNMENT((#6424));
#6426=STYLED_ITEM('',(#6425),#6423);
#6427=DIRECTION('',(-1.E0,0.E0,0.E0));
#6428=VECTOR('',#6427,1.25E-1);
#6429=CARTESIAN_POINT('',(2.E0,2.E-1,-1.875E0));
#6430=LINE('',#6429,#6428);
#6431=CURVE_STYLE('',#35,POSITIVE_LENGTH_MEASURE(2.E-2),#28);
#6432=PRESENTATION_STYLE_ASSIGNMENT((#6431));
#6433=STYLED_ITEM('',(#6432),#6430);
#6434=DIRECTION('',(0.E0,0.E0,1.E0));
#6435=VECTOR('',#6434,1.5E-1);
#6436=CARTESIAN_POINT('',(2.E0,2.E-1,-1.875E0));
#6437=LINE('',#6436,#6435);
#6438=CURVE_STYLE('',#35,POSITIVE_LENGTH_MEASURE(2.E-2),#28);
#6439=PRESENTATION_STYLE_ASSIGNMENT((#6438));
#6440=STYLED_ITEM('',(#6439),#6437);
#6441=DIRECTION('',(1.E0,0.E0,0.E0));
#6442=VECTOR('',#6441,2.75E-1);
#6443=CARTESIAN_POINT('',(1.725E0,2.E-1,-1.725E0));
#6444=LINE('',#6443,#6442);
#6445=CURVE_STYLE('',#35,POSITIVE_LENGTH_MEASURE(2.E-2),#28);
#6446=PRESENTATION_STYLE_ASSIGNMENT((#6445));
#6447=STYLED_ITEM('',(#6446),#6444);
#6448=DIRECTION('',(0.E0,0.E0,1.E0));
#6449=VECTOR('',#6448,2.75E-1);
#6450=CARTESIAN_POINT('',(1.725E0,2.E-1,-2.E0));
#6451=LINE('',#6450,#6449);
#6452=CURVE_STYLE('',#35,POSITIVE_LENGTH_MEASURE(2.E-2),#28);
#6453=PRESENTATION_STYLE_ASSIGNMENT((#6452));
#6454=STYLED_ITEM('',(#6453),#6451);
#6455=CARTESIAN_POINT('',(1.875E0,1.E-1,-1.875E0));
#6456=CARTESIAN_POINT('',(1.875E0,2.E-1,-1.875E0));
#6457=VERTEX_POINT('',#6455);
#6458=VERTEX_POINT('',#6456);
#6459=CARTESIAN_POINT('',(1.725E0,1.E-1,-1.725E0));
#6460=CARTESIAN_POINT('',(1.725E0,2.E-1,-1.725E0));
#6461=VERTEX_POINT('',#6459);
#6462=VERTEX_POINT('',#6460);
#6463=CARTESIAN_POINT('',(1.725E0,1.E-1,-2.E0));
#6464=CARTESIAN_POINT('',(1.875E0,1.E-1,-2.E0));
#6465=VERTEX_POINT('',#6463);
#6466=VERTEX_POINT('',#6464);
#6467=CARTESIAN_POINT('',(2.E0,1.E-1,-1.875E0));
#6468=CARTESIAN_POINT('',(2.E0,1.E-1,-1.725E0));
#6469=VERTEX_POINT('',#6467);
#6470=VERTEX_POINT('',#6468);
#6471=CARTESIAN_POINT('',(1.725E0,2.E-1,-2.E0));
#6472=CARTESIAN_POINT('',(1.875E0,2.E-1,-2.E0));
#6473=VERTEX_POINT('',#6471);
#6474=VERTEX_POINT('',#6472);
#6475=CARTESIAN_POINT('',(2.E0,2.E-1,-1.875E0));
#6476=CARTESIAN_POINT('',(2.E0,2.E-1,-1.725E0));
#6477=VERTEX_POINT('',#6475);
#6478=VERTEX_POINT('',#6476);
#6479=CARTESIAN_POINT('',(0.E0,1.E-1,0.E0));
#6480=DIRECTION('',(0.E0,1.E0,0.E0));
#6481=DIRECTION('',(1.E0,0.E0,0.E0));
#6482=AXIS2_PLACEMENT_3D('',#6479,#6480,#6481);
#6483=PLANE('',#6482);
#6485=ORIENTED_EDGE('',*,*,#6484,.F.);
#6487=ORIENTED_EDGE('',*,*,#6486,.T.);
#6489=ORIENTED_EDGE('',*,*,#6488,.T.);
#6491=ORIENTED_EDGE('',*,*,#6490,.F.);
#6493=ORIENTED_EDGE('',*,*,#6492,.T.);
#6495=ORIENTED_EDGE('',*,*,#6494,.T.);
#6496=EDGE_LOOP('',(#6485,#6487,#6489,#6491,#6493,#6495));
#6497=FACE_OUTER_BOUND('',#6496,.F.);
#6499=CARTESIAN_POINT('',(-2.E0,0.E0,-2.E0));
#6500=DIRECTION('',(0.E0,0.E0,1.E0));
#6501=DIRECTION('',(1.E0,0.E0,0.E0));
#6502=AXIS2_PLACEMENT_3D('',#6499,#6500,#6501);
#6503=PLANE('',#6502);
#6504=ORIENTED_EDGE('',*,*,#6484,.T.);
#6506=ORIENTED_EDGE('',*,*,#6505,.T.);
#6508=ORIENTED_EDGE('',*,*,#6507,.F.);
#6510=ORIENTED_EDGE('',*,*,#6509,.F.);
#6511=EDGE_LOOP('',(#6504,#6506,#6508,#6510));
#6512=FACE_OUTER_BOUND('',#6511,.F.);
#6514=FILL_AREA_STYLE_COLOUR('',#29);
#6515=FILL_AREA_STYLE('',(#6514));
#6516=SURFACE_STYLE_FILL_AREA(#6515);
#6517=SURFACE_SIDE_STYLE('',(#6516));
#6518=SURFACE_STYLE_USAGE(.POSITIVE.,#6517);
#6519=PRESENTATION_STYLE_ASSIGNMENT((#6518));
#6520=OVER_RIDING_STYLED_ITEM('',(#6519),#6513,#6328);
#6521=CARTESIAN_POINT('',(1.875E0,1.E-1,-1.875E0));
#6522=DIRECTION('',(1.E0,0.E0,0.E0));
#6523=DIRECTION('',(0.E0,0.E0,-1.E0));
#6524=AXIS2_PLACEMENT_3D('',#6521,#6522,#6523);
#6525=PLANE('',#6524);
#6526=ORIENTED_EDGE('',*,*,#6505,.F.);
#6527=ORIENTED_EDGE('',*,*,#6494,.F.);
#6529=ORIENTED_EDGE('',*,*,#6528,.T.);
#6531=ORIENTED_EDGE('',*,*,#6530,.T.);
#6532=EDGE_LOOP('',(#6526,#6527,#6529,#6531));
#6533=FACE_OUTER_BOUND('',#6532,.F.);
#6535=CARTESIAN_POINT('',(2.1E0,1.E-1,-1.875E0));
#6536=DIRECTION('',(0.E0,0.E0,-1.E0));
#6537=DIRECTION('',(-1.E0,0.E0,0.E0));
#6538=AXIS2_PLACEMENT_3D('',#6535,#6536,#6537);
#6539=PLANE('',#6538);
#6541=ORIENTED_EDGE('',*,*,#6540,.T.);
#6543=ORIENTED_EDGE('',*,*,#6542,.T.);
#6544=ORIENTED_EDGE('',*,*,#6528,.F.);
#6545=ORIENTED_EDGE('',*,*,#6492,.F.);
#6546=EDGE_LOOP('',(#6541,#6543,#6544,#6545));
#6547=FACE_OUTER_BOUND('',#6546,.F.);
#6549=CARTESIAN_POINT('',(2.E0,0.E0,-2.E0));
#6550=DIRECTION('',(-1.E0,0.E0,0.E0));
#6551=DIRECTION('',(0.E0,0.E0,1.E0));
#6552=AXIS2_PLACEMENT_3D('',#6549,#6550,#6551);
#6553=PLANE('',#6552);
#6554=ORIENTED_EDGE('',*,*,#6490,.T.);
#6556=ORIENTED_EDGE('',*,*,#6555,.T.);
#6558=ORIENTED_EDGE('',*,*,#6557,.F.);
#6559=ORIENTED_EDGE('',*,*,#6540,.F.);
#6560=EDGE_LOOP('',(#6554,#6556,#6558,#6559));
#6561=FACE_OUTER_BOUND('',#6560,.F.);
#6563=FILL_AREA_STYLE_COLOUR('',#29);
#6564=FILL_AREA_STYLE('',(#6563));
#6565=SURFACE_STYLE_FILL_AREA(#6564);
#6566=SURFACE_SIDE_STYLE('',(#6565));
#6567=SURFACE_STYLE_USAGE(.POSITIVE.,#6566);
#6568=PRESENTATION_STYLE_ASSIGNMENT((#6567));
#6569=OVER_RIDING_STYLED_ITEM('',(#6568),#6562,#6328);
#6570=CARTESIAN_POINT('',(1.725E0,1.E-1,-1.725E0));
#6571=DIRECTION('',(0.E0,0.E0,1.E0));
#6572=DIRECTION('',(1.E0,0.E0,0.E0));
#6573=AXIS2_PLACEMENT_3D('',#6570,#6571,#6572);
#6574=PLANE('',#6573);
#6575=ORIENTED_EDGE('',*,*,#6555,.F.);
#6576=ORIENTED_EDGE('',*,*,#6488,.F.);
#6578=ORIENTED_EDGE('',*,*,#6577,.T.);
#6580=ORIENTED_EDGE('',*,*,#6579,.T.);
#6581=EDGE_LOOP('',(#6575,#6576,#6578,#6580));
#6582=FACE_OUTER_BOUND('',#6581,.F.);
#6584=CARTESIAN_POINT('',(1.725E0,1.E-1,-2.1E0));
#6585=DIRECTION('',(-1.E0,0.E0,0.E0));
#6586=DIRECTION('',(0.E0,0.E0,1.E0));
#6587=AXIS2_PLACEMENT_3D('',#6584,#6585,#6586);
#6588=PLANE('',#6587);
#6589=ORIENTED_EDGE('',*,*,#6509,.T.);
#6591=ORIENTED_EDGE('',*,*,#6590,.T.);
#6592=ORIENTED_EDGE('',*,*,#6577,.F.);
#6593=ORIENTED_EDGE('',*,*,#6486,.F.);
#6594=EDGE_LOOP('',(#6589,#6591,#6592,#6593));
#6595=FACE_OUTER_BOUND('',#6594,.F.);
#6597=CARTESIAN_POINT('',(0.E0,2.E-1,0.E0));
#6598=DIRECTION('',(0.E0,1.E0,0.E0));
#6599=DIRECTION('',(1.E0,0.E0,0.E0));
#6600=AXIS2_PLACEMENT_3D('',#6597,#6598,#6599);
#6601=PLANE('',#6600);
#6602=ORIENTED_EDGE('',*,*,#6507,.T.);
#6603=ORIENTED_EDGE('',*,*,#6530,.F.);
#6604=ORIENTED_EDGE('',*,*,#6542,.F.);
#6605=ORIENTED_EDGE('',*,*,#6557,.T.);
#6606=ORIENTED_EDGE('',*,*,#6579,.F.);
#6607=ORIENTED_EDGE('',*,*,#6590,.F.);
#6608=EDGE_LOOP('',(#6602,#6603,#6604,#6605,#6606,#6607));
#6609=FACE_OUTER_BOUND('',#6608,.F.);
#6611=CLOSED_SHELL('',(#6498,#6513,#6534,#6548,#6562,#6583,#6596,#6610));
#6612=MANIFOLD_SOLID_BREP('',#6611);
#6613=FILL_AREA_STYLE_COLOUR('',#28);
#6614=FILL_AREA_STYLE('',(#6613));
#6615=SURFACE_STYLE_FILL_AREA(#6614);
#6616=SURFACE_SIDE_STYLE('',(#6615));
#6617=SURFACE_STYLE_USAGE(.POSITIVE.,#6616);
#6618=PRESENTATION_STYLE_ASSIGNMENT((#6617));
#6328=STYLED_ITEM('',(#6618),#6612);
#6620=DIRECTION('',(1.E0,0.E0,0.E0));
#6621=VECTOR('',#6620,2.4E-1);
#6622=CARTESIAN_POINT('',(8.8E-1,0.E0,-2.E0));
#6623=LINE('',#6622,#6621);
#6624=CURVE_STYLE('',#35,POSITIVE_LENGTH_MEASURE(2.E-2),#28);
#6625=PRESENTATION_STYLE_ASSIGNMENT((#6624));
#6626=STYLED_ITEM('',(#6625),#6623);
#6627=DIRECTION('',(0.E0,0.E0,1.E0));
#6628=VECTOR('',#6627,2.81E-1);
#6629=CARTESIAN_POINT('',(8.8E-1,0.E0,-2.E0));
#6630=LINE('',#6629,#6628);
#6631=CURVE_STYLE('',#35,POSITIVE_LENGTH_MEASURE(2.E-2),#28);
#6632=PRESENTATION_STYLE_ASSIGNMENT((#6631));
#6633=STYLED_ITEM('',(#6632),#6630);
#6634=CARTESIAN_POINT('',(9.99E-1,0.E0,-1.719E0));
#6635=DIRECTION('',(0.E0,1.E0,0.E0));
#6636=DIRECTION('',(-1.E0,0.E0,0.E0));
#6637=AXIS2_PLACEMENT_3D('',#6634,#6635,#6636);
#6639=CURVE_STYLE('',#35,POSITIVE_LENGTH_MEASURE(2.E-2),#28);
#6640=PRESENTATION_STYLE_ASSIGNMENT((#6639));
#6641=STYLED_ITEM('',(#6640),#6638);
#6642=DIRECTION('',(1.E0,0.E0,-1.110223024625E-13));
#6643=VECTOR('',#6642,2.E-3);
#6644=CARTESIAN_POINT('',(9.99E-1,0.E0,-1.6E0));
#6645=LINE('',#6644,#6643);
#6646=CURVE_STYLE('',#35,POSITIVE_LENGTH_MEASURE(2.E-2),#28);
#6647=PRESENTATION_STYLE_ASSIGNMENT((#6646));
#6648=STYLED_ITEM('',(#6647),#6645);
#6649=CARTESIAN_POINT('',(1.001E0,0.E0,-1.719E0));
#6650=DIRECTION('',(0.E0,1.E0,0.E0));
#6651=DIRECTION('',(0.E0,0.E0,1.E0));
#6652=AXIS2_PLACEMENT_3D('',#6649,#6650,#6651);
#6654=CURVE_STYLE('',#35,POSITIVE_LENGTH_MEASURE(2.E-2),#28);
#6655=PRESENTATION_STYLE_ASSIGNMENT((#6654));
#6656=STYLED_ITEM('',(#6655),#6653);
#6657=DIRECTION('',(0.E0,0.E0,-1.E0));
#6658=VECTOR('',#6657,2.81E-1);
#6659=CARTESIAN_POINT('',(1.12E0,0.E0,-1.719E0));
#6660=LINE('',#6659,#6658);
#6661=CURVE_STYLE('',#35,POSITIVE_LENGTH_MEASURE(2.E-2),#28);
#6662=PRESENTATION_STYLE_ASSIGNMENT((#6661));
#6663=STYLED_ITEM('',(#6662),#6660);
#6664=DIRECTION('',(0.E0,1.E0,0.E0));
#6665=VECTOR('',#6664,2.E-1);
#6666=CARTESIAN_POINT('',(1.12E0,0.E0,-2.E0));
#6667=LINE('',#6666,#6665);
#6668=CURVE_STYLE('',#35,POSITIVE_LENGTH_MEASURE(2.E-2),#28);
#6669=PRESENTATION_STYLE_ASSIGNMENT((#6668));
#6670=STYLED_ITEM('',(#6669),#6667);
#6671=DIRECTION('',(0.E0,1.E0,0.E0));
#6672=VECTOR('',#6671,2.E-1);
#6673=CARTESIAN_POINT('',(1.12E0,0.E0,-1.719E0));
#6674=LINE('',#6673,#6672);
#6675=CURVE_STYLE('',#35,POSITIVE_LENGTH_MEASURE(2.E-2),#28);
#6676=PRESENTATION_STYLE_ASSIGNMENT((#6675));
#6677=STYLED_ITEM('',(#6676),#6674);
#6678=DIRECTION('',(0.E0,1.E0,0.E0));
#6679=VECTOR('',#6678,2.E-1);
#6680=CARTESIAN_POINT('',(1.001E0,0.E0,-1.6E0));
#6681=LINE('',#6680,#6679);
#6682=CURVE_STYLE('',#35,POSITIVE_LENGTH_MEASURE(2.E-2),#28);
#6683=PRESENTATION_STYLE_ASSIGNMENT((#6682));
#6684=STYLED_ITEM('',(#6683),#6681);
#6685=DIRECTION('',(0.E0,1.E0,0.E0));
#6686=VECTOR('',#6685,2.E-1);
#6687=CARTESIAN_POINT('',(9.99E-1,0.E0,-1.6E0));
#6688=LINE('',#6687,#6686);
#6689=CURVE_STYLE('',#35,POSITIVE_LENGTH_MEASURE(2.E-2),#28);
#6690=PRESENTATION_STYLE_ASSIGNMENT((#6689));
#6691=STYLED_ITEM('',(#6690),#6688);
#6692=DIRECTION('',(0.E0,1.E0,0.E0));
#6693=VECTOR('',#6692,2.E-1);
#6694=CARTESIAN_POINT('',(8.8E-1,0.E0,-1.719E0));
#6695=LINE('',#6694,#6693);
#6696=CURVE_STYLE('',#35,POSITIVE_LENGTH_MEASURE(2.E-2),#28);
#6697=PRESENTATION_STYLE_ASSIGNMENT((#6696));
#6698=STYLED_ITEM('',(#6697),#6695);
#6699=DIRECTION('',(0.E0,1.E0,0.E0));
#6700=VECTOR('',#6699,2.E-1);
#6701=CARTESIAN_POINT('',(8.8E-1,0.E0,-2.E0));
#6702=LINE('',#6701,#6700);
#6703=CURVE_STYLE('',#35,POSITIVE_LENGTH_MEASURE(2.E-2),#28);
#6704=PRESENTATION_STYLE_ASSIGNMENT((#6703));
#6705=STYLED_ITEM('',(#6704),#6702);
#6706=DIRECTION('',(1.E0,0.E0,0.E0));
#6707=VECTOR('',#6706,2.4E-1);
#6708=CARTESIAN_POINT('',(8.8E-1,2.E-1,-2.E0));
#6709=LINE('',#6708,#6707);
#6710=CURVE_STYLE('',#35,POSITIVE_LENGTH_MEASURE(2.E-2),#28);
#6711=PRESENTATION_STYLE_ASSIGNMENT((#6710));
#6712=STYLED_ITEM('',(#6711),#6709);
#6713=DIRECTION('',(0.E0,0.E0,-1.E0));
#6714=VECTOR('',#6713,2.81E-1);
#6715=CARTESIAN_POINT('',(1.12E0,2.E-1,-1.719E0));
#6716=LINE('',#6715,#6714);
#6717=CURVE_STYLE('',#35,POSITIVE_LENGTH_MEASURE(2.E-2),#28);
#6718=PRESENTATION_STYLE_ASSIGNMENT((#6717));
#6719=STYLED_ITEM('',(#6718),#6716);
#6720=CARTESIAN_POINT('',(1.001E0,2.E-1,-1.719E0));
#6721=DIRECTION('',(0.E0,1.E0,0.E0));
#6722=DIRECTION('',(0.E0,0.E0,1.E0));
#6723=AXIS2_PLACEMENT_3D('',#6720,#6721,#6722);
#6725=CURVE_STYLE('',#35,POSITIVE_LENGTH_MEASURE(2.E-2),#28);
#6726=PRESENTATION_STYLE_ASSIGNMENT((#6725));
#6727=STYLED_ITEM('',(#6726),#6724);
#6728=DIRECTION('',(1.E0,0.E0,0.E0));
#6729=VECTOR('',#6728,2.E-3);
#6730=CARTESIAN_POINT('',(9.99E-1,2.E-1,-1.6E0));
#6731=LINE('',#6730,#6729);
#6732=CURVE_STYLE('',#35,POSITIVE_LENGTH_MEASURE(2.E-2),#28);
#6733=PRESENTATION_STYLE_ASSIGNMENT((#6732));
#6734=STYLED_ITEM('',(#6733),#6731);
#6735=CARTESIAN_POINT('',(9.99E-1,2.E-1,-1.719E0));
#6736=DIRECTION('',(0.E0,1.E0,0.E0));
#6737=DIRECTION('',(-1.E0,0.E0,0.E0));
#6738=AXIS2_PLACEMENT_3D('',#6735,#6736,#6737);
#6740=CURVE_STYLE('',#35,POSITIVE_LENGTH_MEASURE(2.E-2),#28);
#6741=PRESENTATION_STYLE_ASSIGNMENT((#6740));
#6742=STYLED_ITEM('',(#6741),#6739);
#6743=DIRECTION('',(0.E0,0.E0,1.E0));
#6744=VECTOR('',#6743,2.81E-1);
#6745=CARTESIAN_POINT('',(8.8E-1,2.E-1,-2.E0));
#6746=LINE('',#6745,#6744);
#6747=CURVE_STYLE('',#35,POSITIVE_LENGTH_MEASURE(2.E-2),#28);
#6748=PRESENTATION_STYLE_ASSIGNMENT((#6747));
#6749=STYLED_ITEM('',(#6748),#6746);
#6750=CARTESIAN_POINT('',(8.8E-1,0.E0,-1.719E0));
#6751=CARTESIAN_POINT('',(9.99E-1,0.E0,-1.6E0));
#6752=VERTEX_POINT('',#6750);
#6753=VERTEX_POINT('',#6751);
#6754=CARTESIAN_POINT('',(1.001E0,0.E0,-1.6E0));
#6755=VERTEX_POINT('',#6754);
#6756=CARTESIAN_POINT('',(1.12E0,0.E0,-1.719E0));
#6757=VERTEX_POINT('',#6756);
#6758=CARTESIAN_POINT('',(8.8E-1,2.E-1,-1.719E0));
#6759=CARTESIAN_POINT('',(9.99E-1,2.E-1,-1.6E0));
#6760=VERTEX_POINT('',#6758);
#6761=VERTEX_POINT('',#6759);
#6762=CARTESIAN_POINT('',(1.001E0,2.E-1,-1.6E0));
#6763=VERTEX_POINT('',#6762);
#6764=CARTESIAN_POINT('',(1.12E0,2.E-1,-1.719E0));
#6765=VERTEX_POINT('',#6764);
#6766=CARTESIAN_POINT('',(8.8E-1,0.E0,-2.E0));
#6767=CARTESIAN_POINT('',(1.12E0,0.E0,-2.E0));
#6768=VERTEX_POINT('',#6766);
#6769=VERTEX_POINT('',#6767);
#6770=CARTESIAN_POINT('',(8.8E-1,2.E-1,-2.E0));
#6771=VERTEX_POINT('',#6770);
#6772=CARTESIAN_POINT('',(1.12E0,2.E-1,-2.E0));
#6773=VERTEX_POINT('',#6772);
#6774=CARTESIAN_POINT('',(0.E0,0.E0,0.E0));
#6775=DIRECTION('',(0.E0,1.E0,0.E0));
#6776=DIRECTION('',(1.E0,0.E0,0.E0));
#6777=AXIS2_PLACEMENT_3D('',#6774,#6775,#6776);
#6778=PLANE('',#6777);
#6780=ORIENTED_EDGE('',*,*,#6779,.F.);
#6782=ORIENTED_EDGE('',*,*,#6781,.T.);
#6784=ORIENTED_EDGE('',*,*,#6783,.T.);
#6786=ORIENTED_EDGE('',*,*,#6785,.T.);
#6788=ORIENTED_EDGE('',*,*,#6787,.T.);
#6790=ORIENTED_EDGE('',*,*,#6789,.T.);
#6791=EDGE_LOOP('',(#6780,#6782,#6784,#6786,#6788,#6790));
#6792=FACE_OUTER_BOUND('',#6791,.F.);
#6794=CARTESIAN_POINT('',(-2.E0,0.E0,-2.E0));
#6795=DIRECTION('',(0.E0,0.E0,1.E0));
#6796=DIRECTION('',(1.E0,0.E0,0.E0));
#6797=AXIS2_PLACEMENT_3D('',#6794,#6795,#6796);
#6798=PLANE('',#6797);
#6799=ORIENTED_EDGE('',*,*,#6779,.T.);
#6801=ORIENTED_EDGE('',*,*,#6800,.T.);
#6803=ORIENTED_EDGE('',*,*,#6802,.F.);
#6805=ORIENTED_EDGE('',*,*,#6804,.F.);
#6806=EDGE_LOOP('',(#6799,#6801,#6803,#6805));
#6807=FACE_OUTER_BOUND('',#6806,.F.);
#6809=FILL_AREA_STYLE_COLOUR('',#29);
#6810=FILL_AREA_STYLE('',(#6809));
#6811=SURFACE_STYLE_FILL_AREA(#6810);
#6812=SURFACE_SIDE_STYLE('',(#6811));
#6813=SURFACE_STYLE_USAGE(.POSITIVE.,#6812);
#6814=PRESENTATION_STYLE_ASSIGNMENT((#6813));
#6815=OVER_RIDING_STYLED_ITEM('',(#6814),#6808,#6619);
#6816=CARTESIAN_POINT('',(1.12E0,0.E0,-1.719E0));
#6817=DIRECTION('',(1.E0,0.E0,0.E0));
#6818=DIRECTION('',(0.E0,0.E0,-1.E0));
#6819=AXIS2_PLACEMENT_3D('',#6816,#6817,#6818);
#6820=PLANE('',#6819);
#6821=ORIENTED_EDGE('',*,*,#6800,.F.);
#6822=ORIENTED_EDGE('',*,*,#6789,.F.);
#6824=ORIENTED_EDGE('',*,*,#6823,.T.);
#6826=ORIENTED_EDGE('',*,*,#6825,.T.);
#6827=EDGE_LOOP('',(#6821,#6822,#6824,#6826));
#6828=FACE_OUTER_BOUND('',#6827,.F.);
#6830=CARTESIAN_POINT('',(1.001E0,0.E0,-1.719E0));
#6831=DIRECTION('',(0.E0,1.E0,0.E0));
#6832=DIRECTION('',(1.E0,0.E0,0.E0));
#6833=AXIS2_PLACEMENT_3D('',#6830,#6831,#6832);
#6834=CYLINDRICAL_SURFACE('',#6833,1.19E-1);
#6835=ORIENTED_EDGE('',*,*,#6787,.F.);
#6837=ORIENTED_EDGE('',*,*,#6836,.T.);
#6839=ORIENTED_EDGE('',*,*,#6838,.T.);
#6840=ORIENTED_EDGE('',*,*,#6823,.F.);
#6841=EDGE_LOOP('',(#6835,#6837,#6839,#6840));
#6842=FACE_OUTER_BOUND('',#6841,.F.);
#6844=CARTESIAN_POINT('',(9.99E-1,0.E0,-1.6E0));
#6845=DIRECTION('',(0.E0,0.E0,1.E0));
#6846=DIRECTION('',(1.E0,0.E0,0.E0));
#6847=AXIS2_PLACEMENT_3D('',#6844,#6845,#6846);
#6848=PLANE('',#6847);
#6849=ORIENTED_EDGE('',*,*,#6785,.F.);
#6851=ORIENTED_EDGE('',*,*,#6850,.T.);
#6853=ORIENTED_EDGE('',*,*,#6852,.T.);
#6854=ORIENTED_EDGE('',*,*,#6836,.F.);
#6855=EDGE_LOOP('',(#6849,#6851,#6853,#6854));
#6856=FACE_OUTER_BOUND('',#6855,.F.);
#6858=CARTESIAN_POINT('',(9.99E-1,0.E0,-1.719E0));
#6859=DIRECTION('',(0.E0,1.E0,0.E0));
#6860=DIRECTION('',(1.E0,0.E0,0.E0));
#6861=AXIS2_PLACEMENT_3D('',#6858,#6859,#6860);
#6862=CYLINDRICAL_SURFACE('',#6861,1.19E-1);
#6863=ORIENTED_EDGE('',*,*,#6783,.F.);
#6865=ORIENTED_EDGE('',*,*,#6864,.T.);
#6867=ORIENTED_EDGE('',*,*,#6866,.T.);
#6868=ORIENTED_EDGE('',*,*,#6850,.F.);
#6869=EDGE_LOOP('',(#6863,#6865,#6867,#6868));
#6870=FACE_OUTER_BOUND('',#6869,.F.);
#6872=CARTESIAN_POINT('',(8.8E-1,0.E0,-2.1E0));
#6873=DIRECTION('',(-1.E0,0.E0,0.E0));
#6874=DIRECTION('',(0.E0,0.E0,1.E0));
#6875=AXIS2_PLACEMENT_3D('',#6872,#6873,#6874);
#6876=PLANE('',#6875);
#6877=ORIENTED_EDGE('',*,*,#6804,.T.);
#6879=ORIENTED_EDGE('',*,*,#6878,.T.);
#6880=ORIENTED_EDGE('',*,*,#6864,.F.);
#6881=ORIENTED_EDGE('',*,*,#6781,.F.);
#6882=EDGE_LOOP('',(#6877,#6879,#6880,#6881));
#6883=FACE_OUTER_BOUND('',#6882,.F.);
#6885=CARTESIAN_POINT('',(0.E0,2.E-1,0.E0));
#6886=DIRECTION('',(0.E0,1.E0,0.E0));
#6887=DIRECTION('',(1.E0,0.E0,0.E0));
#6888=AXIS2_PLACEMENT_3D('',#6885,#6886,#6887);
#6889=PLANE('',#6888);
#6890=ORIENTED_EDGE('',*,*,#6802,.T.);
#6891=ORIENTED_EDGE('',*,*,#6825,.F.);
#6892=ORIENTED_EDGE('',*,*,#6838,.F.);
#6893=ORIENTED_EDGE('',*,*,#6852,.F.);
#6894=ORIENTED_EDGE('',*,*,#6866,.F.);
#6895=ORIENTED_EDGE('',*,*,#6878,.F.);
#6896=EDGE_LOOP('',(#6890,#6891,#6892,#6893,#6894,#6895));
#6897=FACE_OUTER_BOUND('',#6896,.F.);
#6899=CLOSED_SHELL('',(#6793,#6808,#6829,#6843,#6857,#6871,#6884,#6898));
#6900=MANIFOLD_SOLID_BREP('',#6899);
#6901=FILL_AREA_STYLE_COLOUR('',#28);
#6902=FILL_AREA_STYLE('',(#6901));
#6903=SURFACE_STYLE_FILL_AREA(#6902);
#6904=SURFACE_SIDE_STYLE('',(#6903));
#6905=SURFACE_STYLE_USAGE(.POSITIVE.,#6904);
#6906=PRESENTATION_STYLE_ASSIGNMENT((#6905));
#6619=STYLED_ITEM('',(#6906),#6900);
#6908=DIRECTION('',(1.E0,0.E0,0.E0));
#6909=VECTOR('',#6908,2.4E-1);
#6910=CARTESIAN_POINT('',(8.8E-1,0.E0,2.E0));
#6911=LINE('',#6910,#6909);
#6912=CURVE_STYLE('',#35,POSITIVE_LENGTH_MEASURE(2.E-2),#28);
#6913=PRESENTATION_STYLE_ASSIGNMENT((#6912));
#6914=STYLED_ITEM('',(#6913),#6911);
#6915=DIRECTION('',(0.E0,0.E0,1.E0));
#6916=VECTOR('',#6915,2.81E-1);
#6917=CARTESIAN_POINT('',(1.12E0,0.E0,1.719E0));
#6918=LINE('',#6917,#6916);
#6919=CURVE_STYLE('',#35,POSITIVE_LENGTH_MEASURE(2.E-2),#28);
#6920=PRESENTATION_STYLE_ASSIGNMENT((#6919));
#6921=STYLED_ITEM('',(#6920),#6918);
#6922=CARTESIAN_POINT('',(1.001E0,0.E0,1.719E0));
#6923=DIRECTION('',(0.E0,-1.E0,0.E0));
#6924=DIRECTION('',(0.E0,0.E0,-1.E0));
#6925=AXIS2_PLACEMENT_3D('',#6922,#6923,#6924);
#6927=CURVE_STYLE('',#35,POSITIVE_LENGTH_MEASURE(2.E-2),#28);
#6928=PRESENTATION_STYLE_ASSIGNMENT((#6927));
#6929=STYLED_ITEM('',(#6928),#6926);
#6930=DIRECTION('',(1.E0,0.E0,0.E0));
#6931=VECTOR('',#6930,2.E-3);
#6932=CARTESIAN_POINT('',(9.99E-1,0.E0,1.6E0));
#6933=LINE('',#6932,#6931);
#6934=CURVE_STYLE('',#35,POSITIVE_LENGTH_MEASURE(2.E-2),#28);
#6935=PRESENTATION_STYLE_ASSIGNMENT((#6934));
#6936=STYLED_ITEM('',(#6935),#6933);
#6937=CARTESIAN_POINT('',(9.99E-1,0.E0,1.719E0));
#6938=DIRECTION('',(0.E0,-1.E0,0.E0));
#6939=DIRECTION('',(-1.E0,0.E0,0.E0));
#6940=AXIS2_PLACEMENT_3D('',#6937,#6938,#6939);
#6942=CURVE_STYLE('',#35,POSITIVE_LENGTH_MEASURE(2.E-2),#28);
#6943=PRESENTATION_STYLE_ASSIGNMENT((#6942));
#6944=STYLED_ITEM('',(#6943),#6941);
#6945=DIRECTION('',(0.E0,0.E0,-1.E0));
#6946=VECTOR('',#6945,2.81E-1);
#6947=CARTESIAN_POINT('',(8.8E-1,0.E0,2.E0));
#6948=LINE('',#6947,#6946);
#6949=CURVE_STYLE('',#35,POSITIVE_LENGTH_MEASURE(2.E-2),#28);
#6950=PRESENTATION_STYLE_ASSIGNMENT((#6949));
#6951=STYLED_ITEM('',(#6950),#6948);
#6952=DIRECTION('',(0.E0,1.E0,0.E0));
#6953=VECTOR('',#6952,2.E-1);
#6954=CARTESIAN_POINT('',(8.8E-1,0.E0,2.E0));
#6955=LINE('',#6954,#6953);
#6956=CURVE_STYLE('',#35,POSITIVE_LENGTH_MEASURE(2.E-2),#28);
#6957=PRESENTATION_STYLE_ASSIGNMENT((#6956));
#6958=STYLED_ITEM('',(#6957),#6955);
#6959=DIRECTION('',(0.E0,1.E0,0.E0));
#6960=VECTOR('',#6959,2.E-1);
#6961=CARTESIAN_POINT('',(8.8E-1,0.E0,1.719E0));
#6962=LINE('',#6961,#6960);
#6963=CURVE_STYLE('',#35,POSITIVE_LENGTH_MEASURE(2.E-2),#28);
#6964=PRESENTATION_STYLE_ASSIGNMENT((#6963));
#6965=STYLED_ITEM('',(#6964),#6962);
#6966=DIRECTION('',(0.E0,1.E0,0.E0));
#6967=VECTOR('',#6966,2.E-1);
#6968=CARTESIAN_POINT('',(9.99E-1,0.E0,1.6E0));
#6969=LINE('',#6968,#6967);
#6970=CURVE_STYLE('',#35,POSITIVE_LENGTH_MEASURE(2.E-2),#28);
#6971=PRESENTATION_STYLE_ASSIGNMENT((#6970));
#6972=STYLED_ITEM('',(#6971),#6969);
#6973=DIRECTION('',(0.E0,1.E0,0.E0));
#6974=VECTOR('',#6973,2.E-1);
#6975=CARTESIAN_POINT('',(1.001E0,0.E0,1.6E0));
#6976=LINE('',#6975,#6974);
#6977=CURVE_STYLE('',#35,POSITIVE_LENGTH_MEASURE(2.E-2),#28);
#6978=PRESENTATION_STYLE_ASSIGNMENT((#6977));
#6979=STYLED_ITEM('',(#6978),#6976);
#6980=DIRECTION('',(0.E0,1.E0,0.E0));
#6981=VECTOR('',#6980,2.E-1);
#6982=CARTESIAN_POINT('',(1.12E0,0.E0,2.E0));
#6983=LINE('',#6982,#6981);
#6984=CURVE_STYLE('',#35,POSITIVE_LENGTH_MEASURE(2.E-2),#28);
#6985=PRESENTATION_STYLE_ASSIGNMENT((#6984));
#6986=STYLED_ITEM('',(#6985),#6983);
#6987=DIRECTION('',(0.E0,1.E0,0.E0));
#6988=VECTOR('',#6987,2.E-1);
#6989=CARTESIAN_POINT('',(1.12E0,0.E0,1.719E0));
#6990=LINE('',#6989,#6988);
#6991=CURVE_STYLE('',#35,POSITIVE_LENGTH_MEASURE(2.E-2),#28);
#6992=PRESENTATION_STYLE_ASSIGNMENT((#6991));
#6993=STYLED_ITEM('',(#6992),#6990);
#6994=DIRECTION('',(1.E0,0.E0,0.E0));
#6995=VECTOR('',#6994,2.4E-1);
#6996=CARTESIAN_POINT('',(8.8E-1,2.E-1,2.E0));
#6997=LINE('',#6996,#6995);
#6998=CURVE_STYLE('',#35,POSITIVE_LENGTH_MEASURE(2.E-2),#28);
#6999=PRESENTATION_STYLE_ASSIGNMENT((#6998));
#7000=STYLED_ITEM('',(#6999),#6997);
#7001=DIRECTION('',(0.E0,0.E0,-1.E0));
#7002=VECTOR('',#7001,2.81E-1);
#7003=CARTESIAN_POINT('',(8.8E-1,2.E-1,2.E0));
#7004=LINE('',#7003,#7002);
#7005=CURVE_STYLE('',#35,POSITIVE_LENGTH_MEASURE(2.E-2),#28);
#7006=PRESENTATION_STYLE_ASSIGNMENT((#7005));
#7007=STYLED_ITEM('',(#7006),#7004);
#7008=CARTESIAN_POINT('',(9.99E-1,2.E-1,1.719E0));
#7009=DIRECTION('',(0.E0,-1.E0,0.E0));
#7010=DIRECTION('',(-1.E0,0.E0,0.E0));
#7011=AXIS2_PLACEMENT_3D('',#7008,#7009,#7010);
#7013=CURVE_STYLE('',#35,POSITIVE_LENGTH_MEASURE(2.E-2),#28);
#7014=PRESENTATION_STYLE_ASSIGNMENT((#7013));
#7015=STYLED_ITEM('',(#7014),#7012);
#7016=DIRECTION('',(1.E0,0.E0,1.110223024625E-13));
#7017=VECTOR('',#7016,2.E-3);
#7018=CARTESIAN_POINT('',(9.99E-1,2.E-1,1.6E0));
#7019=LINE('',#7018,#7017);
#7020=CURVE_STYLE('',#35,POSITIVE_LENGTH_MEASURE(2.E-2),#28);
#7021=PRESENTATION_STYLE_ASSIGNMENT((#7020));
#7022=STYLED_ITEM('',(#7021),#7019);
#7023=CARTESIAN_POINT('',(1.001E0,2.E-1,1.719E0));
#7024=DIRECTION('',(0.E0,-1.E0,0.E0));
#7025=DIRECTION('',(0.E0,0.E0,-1.E0));
#7026=AXIS2_PLACEMENT_3D('',#7023,#7024,#7025);
#7028=CURVE_STYLE('',#35,POSITIVE_LENGTH_MEASURE(2.E-2),#28);
#7029=PRESENTATION_STYLE_ASSIGNMENT((#7028));
#7030=STYLED_ITEM('',(#7029),#7027);
#7031=DIRECTION('',(0.E0,0.E0,1.E0));
#7032=VECTOR('',#7031,2.81E-1);
#7033=CARTESIAN_POINT('',(1.12E0,2.E-1,1.719E0));
#7034=LINE('',#7033,#7032);
#7035=CURVE_STYLE('',#35,POSITIVE_LENGTH_MEASURE(2.E-2),#28);
#7036=PRESENTATION_STYLE_ASSIGNMENT((#7035));
#7037=STYLED_ITEM('',(#7036),#7034);
#7038=CARTESIAN_POINT('',(8.8E-1,0.E0,1.719E0));
#7039=CARTESIAN_POINT('',(9.99E-1,0.E0,1.6E0));
#7040=VERTEX_POINT('',#7038);
#7041=VERTEX_POINT('',#7039);
#7042=CARTESIAN_POINT('',(1.001E0,0.E0,1.6E0));
#7043=VERTEX_POINT('',#7042);
#7044=CARTESIAN_POINT('',(1.12E0,0.E0,1.719E0));
#7045=VERTEX_POINT('',#7044);
#7046=CARTESIAN_POINT('',(8.8E-1,2.E-1,1.719E0));
#7047=CARTESIAN_POINT('',(9.99E-1,2.E-1,1.6E0));
#7048=VERTEX_POINT('',#7046);
#7049=VERTEX_POINT('',#7047);
#7050=CARTESIAN_POINT('',(1.001E0,2.E-1,1.6E0));
#7051=VERTEX_POINT('',#7050);
#7052=CARTESIAN_POINT('',(1.12E0,2.E-1,1.719E0));
#7053=VERTEX_POINT('',#7052);
#7054=CARTESIAN_POINT('',(8.8E-1,0.E0,2.E0));
#7055=CARTESIAN_POINT('',(1.12E0,0.E0,2.E0));
#7056=VERTEX_POINT('',#7054);
#7057=VERTEX_POINT('',#7055);
#7058=CARTESIAN_POINT('',(8.8E-1,2.E-1,2.E0));
#7059=VERTEX_POINT('',#7058);
#7060=CARTESIAN_POINT('',(1.12E0,2.E-1,2.E0));
#7061=VERTEX_POINT('',#7060);
#7062=CARTESIAN_POINT('',(0.E0,0.E0,0.E0));
#7063=DIRECTION('',(0.E0,-1.E0,0.E0));
#7064=DIRECTION('',(1.E0,0.E0,0.E0));
#7065=AXIS2_PLACEMENT_3D('',#7062,#7063,#7064);
#7066=PLANE('',#7065);
#7068=ORIENTED_EDGE('',*,*,#7067,.T.);
#7070=ORIENTED_EDGE('',*,*,#7069,.F.);
#7072=ORIENTED_EDGE('',*,*,#7071,.F.);
#7074=ORIENTED_EDGE('',*,*,#7073,.F.);
#7076=ORIENTED_EDGE('',*,*,#7075,.F.);
#7078=ORIENTED_EDGE('',*,*,#7077,.F.);
#7079=EDGE_LOOP('',(#7068,#7070,#7072,#7074,#7076,#7078));
#7080=FACE_OUTER_BOUND('',#7079,.F.);
#7082=CARTESIAN_POINT('',(2.E0,0.E0,2.E0));
#7083=DIRECTION('',(0.E0,0.E0,-1.E0));
#7084=DIRECTION('',(-1.E0,0.E0,0.E0));
#7085=AXIS2_PLACEMENT_3D('',#7082,#7083,#7084);
#7086=PLANE('',#7085);
#7087=ORIENTED_EDGE('',*,*,#7067,.F.);
#7089=ORIENTED_EDGE('',*,*,#7088,.T.);
#7091=ORIENTED_EDGE('',*,*,#7090,.T.);
#7093=ORIENTED_EDGE('',*,*,#7092,.F.);
#7094=EDGE_LOOP('',(#7087,#7089,#7091,#7093));
#7095=FACE_OUTER_BOUND('',#7094,.F.);
#7097=FILL_AREA_STYLE_COLOUR('',#29);
#7098=FILL_AREA_STYLE('',(#7097));
#7099=SURFACE_STYLE_FILL_AREA(#7098);
#7100=SURFACE_SIDE_STYLE('',(#7099));
#7101=SURFACE_STYLE_USAGE(.POSITIVE.,#7100);
#7102=PRESENTATION_STYLE_ASSIGNMENT((#7101));
#7103=OVER_RIDING_STYLED_ITEM('',(#7102),#7096,#6907);
#7104=CARTESIAN_POINT('',(8.8E-1,0.E0,2.1E0));
#7105=DIRECTION('',(1.E0,0.E0,0.E0));
#7106=DIRECTION('',(0.E0,0.E0,-1.E0));
#7107=AXIS2_PLACEMENT_3D('',#7104,#7105,#7106);
#7108=PLANE('',#7107);
#7109=ORIENTED_EDGE('',*,*,#7088,.F.);
#7110=ORIENTED_EDGE('',*,*,#7077,.T.);
#7112=ORIENTED_EDGE('',*,*,#7111,.T.);
#7114=ORIENTED_EDGE('',*,*,#7113,.F.);
#7115=EDGE_LOOP('',(#7109,#7110,#7112,#7114));
#7116=FACE_OUTER_BOUND('',#7115,.F.);
#7118=CARTESIAN_POINT('',(9.99E-1,0.E0,1.719E0));
#7119=DIRECTION('',(0.E0,-1.E0,0.E0));
#7120=DIRECTION('',(1.E0,0.E0,0.E0));
#7121=AXIS2_PLACEMENT_3D('',#7118,#7119,#7120);
#7122=CYLINDRICAL_SURFACE('',#7121,1.19E-1);
#7123=ORIENTED_EDGE('',*,*,#7075,.T.);
#7125=ORIENTED_EDGE('',*,*,#7124,.T.);
#7127=ORIENTED_EDGE('',*,*,#7126,.F.);
#7128=ORIENTED_EDGE('',*,*,#7111,.F.);
#7129=EDGE_LOOP('',(#7123,#7125,#7127,#7128));
#7130=FACE_OUTER_BOUND('',#7129,.F.);
#7132=CARTESIAN_POINT('',(9.99E-1,0.E0,1.6E0));
#7133=DIRECTION('',(0.E0,0.E0,1.E0));
#7134=DIRECTION('',(1.E0,0.E0,0.E0));
#7135=AXIS2_PLACEMENT_3D('',#7132,#7133,#7134);
#7136=PLANE('',#7135);
#7137=ORIENTED_EDGE('',*,*,#7073,.T.);
#7139=ORIENTED_EDGE('',*,*,#7138,.T.);
#7141=ORIENTED_EDGE('',*,*,#7140,.F.);
#7142=ORIENTED_EDGE('',*,*,#7124,.F.);
#7143=EDGE_LOOP('',(#7137,#7139,#7141,#7142));
#7144=FACE_OUTER_BOUND('',#7143,.F.);
#7146=CARTESIAN_POINT('',(1.001E0,0.E0,1.719E0));
#7147=DIRECTION('',(0.E0,-1.E0,0.E0));
#7148=DIRECTION('',(1.E0,0.E0,0.E0));
#7149=AXIS2_PLACEMENT_3D('',#7146,#7147,#7148);
#7150=CYLINDRICAL_SURFACE('',#7149,1.19E-1);
#7151=ORIENTED_EDGE('',*,*,#7071,.T.);
#7153=ORIENTED_EDGE('',*,*,#7152,.T.);
#7155=ORIENTED_EDGE('',*,*,#7154,.F.);
#7156=ORIENTED_EDGE('',*,*,#7138,.F.);
#7157=EDGE_LOOP('',(#7151,#7153,#7155,#7156));
#7158=FACE_OUTER_BOUND('',#7157,.F.);
#7160=CARTESIAN_POINT('',(1.12E0,0.E0,1.719E0));
#7161=DIRECTION('',(-1.E0,0.E0,0.E0));
#7162=DIRECTION('',(0.E0,0.E0,1.E0));
#7163=AXIS2_PLACEMENT_3D('',#7160,#7161,#7162);
#7164=PLANE('',#7163);
#7165=ORIENTED_EDGE('',*,*,#7092,.T.);
#7167=ORIENTED_EDGE('',*,*,#7166,.F.);
#7168=ORIENTED_EDGE('',*,*,#7152,.F.);
#7169=ORIENTED_EDGE('',*,*,#7069,.T.);
#7170=EDGE_LOOP('',(#7165,#7167,#7168,#7169));
#7171=FACE_OUTER_BOUND('',#7170,.F.);
#7173=CARTESIAN_POINT('',(0.E0,2.E-1,0.E0));
#7174=DIRECTION('',(0.E0,-1.E0,0.E0));
#7175=DIRECTION('',(1.E0,0.E0,0.E0));
#7176=AXIS2_PLACEMENT_3D('',#7173,#7174,#7175);
#7177=PLANE('',#7176);
#7178=ORIENTED_EDGE('',*,*,#7090,.F.);
#7179=ORIENTED_EDGE('',*,*,#7113,.T.);
#7180=ORIENTED_EDGE('',*,*,#7126,.T.);
#7181=ORIENTED_EDGE('',*,*,#7140,.T.);
#7182=ORIENTED_EDGE('',*,*,#7154,.T.);
#7183=ORIENTED_EDGE('',*,*,#7166,.T.);
#7184=EDGE_LOOP('',(#7178,#7179,#7180,#7181,#7182,#7183));
#7185=FACE_OUTER_BOUND('',#7184,.F.);
#7187=CLOSED_SHELL('',(#7081,#7096,#7117,#7131,#7145,#7159,#7172,#7186));
#7188=MANIFOLD_SOLID_BREP('',#7187);
#7189=FILL_AREA_STYLE_COLOUR('',#28);
#7190=FILL_AREA_STYLE('',(#7189));
#7191=SURFACE_STYLE_FILL_AREA(#7190);
#7192=SURFACE_SIDE_STYLE('',(#7191));
#7193=SURFACE_STYLE_USAGE(.POSITIVE.,#7192);
#7194=PRESENTATION_STYLE_ASSIGNMENT((#7193));
#6907=STYLED_ITEM('',(#7194),#7188);
#7197=PLANE_ANGLE_MEASURE_WITH_UNIT(PLANE_ANGLE_MEASURE(1.745329251994E-2),
#7196);
#7198=(CONVERSION_BASED_UNIT('DEGREE',#7197)NAMED_UNIT(*)PLANE_ANGLE_UNIT());
#7200=UNCERTAINTY_MEASURE_WITH_UNIT(LENGTH_MEASURE(2.476177275298E-4),#7195,
'distance_accuracy_value',
'Maximum model space distance between geometric entities at asserted connectivities');
#7202=CARTESIAN_POINT('',(0.E0,0.E0,0.E0));
#7203=DIRECTION('',(0.E0,0.E0,1.E0));
#7204=DIRECTION('',(1.E0,0.E0,0.E0));
#7207=APPLICATION_CONTEXT('automotive_design');
#7208=APPLICATION_PROTOCOL_DEFINITION('international standard',
'automotive_design',2001,#7207);
#7209=PRODUCT_DEFINITION_CONTEXT('part definition',#7207,'design');
#7210=PRODUCT_CONTEXT('',#7207,'mechanical');
#7211=PRODUCT('FRAME','FRAME','NOT SPECIFIED',(#7210));
#7212=PRODUCT_DEFINITION_FORMATION('35','LAST_VERSION',#7211);
#7220=DERIVED_UNIT_ELEMENT(#7219,2.E0);
#7221=DERIVED_UNIT((#7220));
#7222=MEASURE_REPRESENTATION_ITEM('surface area measure',AREA_MEASURE(
2.102813278820E1),#7221);
#7227=DERIVED_UNIT_ELEMENT(#7226,3.E0);
#7228=DERIVED_UNIT((#7227));
#7229=MEASURE_REPRESENTATION_ITEM('volume measure',VOLUME_MEASURE(
1.387188191417E0),#7228);
#7233=CARTESIAN_POINT('centre point',(6.650141390025E-3,1.008650592670E-1,
6.650144839332E-3));
#7238=DERIVED_UNIT_ELEMENT(#7237,2.E0);
#7239=DERIVED_UNIT((#7238));
#7240=MEASURE_REPRESENTATION_ITEM('surface area measure',AREA_MEASURE(
2.102813278820E1),#7239);
#7245=DERIVED_UNIT_ELEMENT(#7244,3.E0);
#7246=DERIVED_UNIT((#7245));
#7247=MEASURE_REPRESENTATION_ITEM('volume measure',VOLUME_MEASURE(
1.387188191417E0),#7246);
#7251=CARTESIAN_POINT('centre point',(6.650141390025E-3,1.008650592670E-1,
6.650144839332E-3));
#7261=CARTESIAN_POINT('centre point',(6.650141390025E-3,-6.650144839332E-3,
1.008650592670E-1));
#7265=CARTESIAN_POINT('',(0.E0,0.E0,0.E0));
#7266=DIRECTION('',(0.E0,-1.E0,0.E0));
#7267=DIRECTION('',(1.E0,0.E0,0.E0));
#7268=AXIS2_PLACEMENT_3D('',#7265,#7266,#7267);
#7269=ITEM_DEFINED_TRANSFORMATION('','',#7205,#7268);
#7270=(REPRESENTATION_RELATIONSHIP('','',#7206,#7258)REPRESENTATION_RELATIONSHIP_WITH_TRANSFORMATION(#7269)SHAPE_REPRESENTATION_RELATIONSHIP());
#7271=CONTEXT_DEPENDENT_SHAPE_REPRESENTATION(#7270,#7260);
#7274=DIRECTION('',(1.E0,0.E0,0.E0));
#7275=VECTOR('',#7274,2.81E-1);
#7276=CARTESIAN_POINT('',(-2.E0,0.E0,-8.8E-1));
#7277=LINE('',#7276,#7275);
#7278=CURVE_STYLE('',#35,POSITIVE_LENGTH_MEASURE(2.E-2),#3);
#7279=PRESENTATION_STYLE_ASSIGNMENT((#7278));
#7280=STYLED_ITEM('',(#7279),#7277);
#7281=DIRECTION('',(0.E0,0.E0,1.E0));
#7282=VECTOR('',#7281,2.6E-1);
#7283=CARTESIAN_POINT('',(-2.E0,0.E0,-8.8E-1));
#7284=LINE('',#7283,#7282);
#7285=CURVE_STYLE('',#35,POSITIVE_LENGTH_MEASURE(2.E-2),#3);
#7286=PRESENTATION_STYLE_ASSIGNMENT((#7285));
#7287=STYLED_ITEM('',(#7286),#7284);
#7288=DIRECTION('',(1.E0,0.E0,0.E0));
#7289=VECTOR('',#7288,2.81E-1);
#7290=CARTESIAN_POINT('',(-2.E0,0.E0,-6.2E-1));
#7291=LINE('',#7290,#7289);
#7292=CURVE_STYLE('',#35,POSITIVE_LENGTH_MEASURE(2.E-2),#3);
#7293=PRESENTATION_STYLE_ASSIGNMENT((#7292));
#7294=STYLED_ITEM('',(#7293),#7291);
#7295=CARTESIAN_POINT('',(-1.719E0,0.E0,-5.01E-1));
#7296=DIRECTION('',(0.E0,1.E0,0.E0));
#7297=DIRECTION('',(1.E0,0.E0,-2.145809207259E-14));
#7298=AXIS2_PLACEMENT_3D('',#7295,#7296,#7297);
#7300=CURVE_STYLE('',#35,POSITIVE_LENGTH_MEASURE(2.E-2),#3);
#7301=PRESENTATION_STYLE_ASSIGNMENT((#7300));
#7302=STYLED_ITEM('',(#7301),#7299);
#7303=DIRECTION('',(0.E0,0.E0,-1.E0));
#7304=VECTOR('',#7303,2.000000000002E-3);
#7305=CARTESIAN_POINT('',(-1.6E0,0.E0,-4.99E-1));
#7306=LINE('',#7305,#7304);
#7307=CURVE_STYLE('',#35,POSITIVE_LENGTH_MEASURE(2.E-2),#3);
#7308=PRESENTATION_STYLE_ASSIGNMENT((#7307));
#7309=STYLED_ITEM('',(#7308),#7306);
#7310=CARTESIAN_POINT('',(-1.719E0,0.E0,-4.99E-1));
#7311=DIRECTION('',(0.E0,1.E0,0.E0));
#7312=DIRECTION('',(0.E0,0.E0,1.E0));
#7313=AXIS2_PLACEMENT_3D('',#7310,#7311,#7312);
#7315=CURVE_STYLE('',#35,POSITIVE_LENGTH_MEASURE(2.E-2),#3);
#7316=PRESENTATION_STYLE_ASSIGNMENT((#7315));
#7317=STYLED_ITEM('',(#7316),#7314);
#7318=DIRECTION('',(1.E0,0.E0,0.E0));
#7319=VECTOR('',#7318,2.81E-1);
#7320=CARTESIAN_POINT('',(-2.E0,0.E0,-3.8E-1));
#7321=LINE('',#7320,#7319);
#7322=CURVE_STYLE('',#35,POSITIVE_LENGTH_MEASURE(2.E-2),#3);
#7323=PRESENTATION_STYLE_ASSIGNMENT((#7322));
#7324=STYLED_ITEM('',(#7323),#7321);
#7325=DIRECTION('',(0.E0,0.E0,1.E0));
#7326=VECTOR('',#7325,2.6E-1);
#7327=CARTESIAN_POINT('',(-2.E0,0.E0,-3.8E-1));
#7328=LINE('',#7327,#7326);
#7329=CURVE_STYLE('',#35,POSITIVE_LENGTH_MEASURE(2.E-2),#3);
#7330=PRESENTATION_STYLE_ASSIGNMENT((#7329));
#7331=STYLED_ITEM('',(#7330),#7328);
#7332=DIRECTION('',(1.E0,0.E0,0.E0));
#7333=VECTOR('',#7332,2.81E-1);
#7334=CARTESIAN_POINT('',(-2.E0,0.E0,-1.2E-1));
#7335=LINE('',#7334,#7333);
#7336=CURVE_STYLE('',#35,POSITIVE_LENGTH_MEASURE(2.E-2),#3);
#7337=PRESENTATION_STYLE_ASSIGNMENT((#7336));
#7338=STYLED_ITEM('',(#7337),#7335);
#7339=CARTESIAN_POINT('',(-1.719E0,0.E0,-1.E-3));
#7340=DIRECTION('',(0.E0,1.E0,0.E0));
#7341=DIRECTION('',(1.E0,0.E0,-2.132689449877E-14));
#7342=AXIS2_PLACEMENT_3D('',#7339,#7340,#7341);
#7344=CURVE_STYLE('',#35,POSITIVE_LENGTH_MEASURE(2.E-2),#3);
#7345=PRESENTATION_STYLE_ASSIGNMENT((#7344));
#7346=STYLED_ITEM('',(#7345),#7343);
#7347=DIRECTION('',(0.E0,0.E0,-1.E0));
#7348=VECTOR('',#7347,2.000000000002E-3);
#7349=CARTESIAN_POINT('',(-1.6E0,0.E0,1.000000000001E-3));
#7350=LINE('',#7349,#7348);
#7351=CURVE_STYLE('',#35,POSITIVE_LENGTH_MEASURE(2.E-2),#3);
#7352=PRESENTATION_STYLE_ASSIGNMENT((#7351));
#7353=STYLED_ITEM('',(#7352),#7350);
#7354=CARTESIAN_POINT('',(-1.719E0,0.E0,1.E-3));
#7355=DIRECTION('',(0.E0,1.E0,0.E0));
#7356=DIRECTION('',(0.E0,0.E0,1.E0));
#7357=AXIS2_PLACEMENT_3D('',#7354,#7355,#7356);
#7359=CURVE_STYLE('',#35,POSITIVE_LENGTH_MEASURE(2.E-2),#3);
#7360=PRESENTATION_STYLE_ASSIGNMENT((#7359));
#7361=STYLED_ITEM('',(#7360),#7358);
#7362=DIRECTION('',(1.E0,0.E0,0.E0));
#7363=VECTOR('',#7362,2.81E-1);
#7364=CARTESIAN_POINT('',(-2.E0,0.E0,1.2E-1));
#7365=LINE('',#7364,#7363);
#7366=CURVE_STYLE('',#35,POSITIVE_LENGTH_MEASURE(2.E-2),#3);
#7367=PRESENTATION_STYLE_ASSIGNMENT((#7366));
#7368=STYLED_ITEM('',(#7367),#7365);
#7369=DIRECTION('',(0.E0,0.E0,1.E0));
#7370=VECTOR('',#7369,2.6E-1);
#7371=CARTESIAN_POINT('',(-2.E0,0.E0,1.2E-1));
#7372=LINE('',#7371,#7370);
#7373=CURVE_STYLE('',#35,POSITIVE_LENGTH_MEASURE(2.E-2),#3);
#7374=PRESENTATION_STYLE_ASSIGNMENT((#7373));
#7375=STYLED_ITEM('',(#7374),#7372);
#7376=DIRECTION('',(1.E0,0.E0,0.E0));
#7377=VECTOR('',#7376,2.81E-1);
#7378=CARTESIAN_POINT('',(-2.E0,0.E0,3.8E-1));
#7379=LINE('',#7378,#7377);
#7380=CURVE_STYLE('',#35,POSITIVE_LENGTH_MEASURE(2.E-2),#3);
#7381=PRESENTATION_STYLE_ASSIGNMENT((#7380));
#7382=STYLED_ITEM('',(#7381),#7379);
#7383=CARTESIAN_POINT('',(-1.719E0,0.E0,4.99E-1));
#7384=DIRECTION('',(0.E0,1.E0,0.E0));
#7385=DIRECTION('',(1.E0,0.E0,-2.145809207259E-14));
#7386=AXIS2_PLACEMENT_3D('',#7383,#7384,#7385);
#7388=CURVE_STYLE('',#35,POSITIVE_LENGTH_MEASURE(2.E-2),#3);
#7389=PRESENTATION_STYLE_ASSIGNMENT((#7388));
#7390=STYLED_ITEM('',(#7389),#7387);
#7391=DIRECTION('',(0.E0,0.E0,-1.E0));
#7392=VECTOR('',#7391,2.000000000002E-3);
#7393=CARTESIAN_POINT('',(-1.6E0,0.E0,5.01E-1));
#7394=LINE('',#7393,#7392);
#7395=CURVE_STYLE('',#35,POSITIVE_LENGTH_MEASURE(2.E-2),#3);
#7396=PRESENTATION_STYLE_ASSIGNMENT((#7395));
#7397=STYLED_ITEM('',(#7396),#7394);
#7398=CARTESIAN_POINT('',(-1.719E0,0.E0,5.01E-1));
#7399=DIRECTION('',(0.E0,1.E0,0.E0));
#7400=DIRECTION('',(0.E0,0.E0,1.E0));
#7401=AXIS2_PLACEMENT_3D('',#7398,#7399,#7400);
#7403=CURVE_STYLE('',#35,POSITIVE_LENGTH_MEASURE(2.E-2),#3);
#7404=PRESENTATION_STYLE_ASSIGNMENT((#7403));
#7405=STYLED_ITEM('',(#7404),#7402);
#7406=DIRECTION('',(1.E0,0.E0,0.E0));
#7407=VECTOR('',#7406,2.81E-1);
#7408=CARTESIAN_POINT('',(-2.E0,0.E0,6.2E-1));
#7409=LINE('',#7408,#7407);
#7410=CURVE_STYLE('',#35,POSITIVE_LENGTH_MEASURE(2.E-2),#3);
#7411=PRESENTATION_STYLE_ASSIGNMENT((#7410));
#7412=STYLED_ITEM('',(#7411),#7409);
#7413=DIRECTION('',(0.E0,0.E0,1.E0));
#7414=VECTOR('',#7413,2.6E-1);
#7415=CARTESIAN_POINT('',(-2.E0,0.E0,6.2E-1));
#7416=LINE('',#7415,#7414);
#7417=CURVE_STYLE('',#35,POSITIVE_LENGTH_MEASURE(2.E-2),#3);
#7418=PRESENTATION_STYLE_ASSIGNMENT((#7417));
#7419=STYLED_ITEM('',(#7418),#7416);
#7420=DIRECTION('',(1.E0,0.E0,0.E0));
#7421=VECTOR('',#7420,2.81E-1);
#7422=CARTESIAN_POINT('',(-2.E0,0.E0,8.8E-1));
#7423=LINE('',#7422,#7421);
#7424=CURVE_STYLE('',#35,POSITIVE_LENGTH_MEASURE(2.E-2),#3);
#7425=PRESENTATION_STYLE_ASSIGNMENT((#7424));
#7426=STYLED_ITEM('',(#7425),#7423);
#7427=CARTESIAN_POINT('',(-1.719E0,0.E0,9.99E-1));
#7428=DIRECTION('',(0.E0,1.E0,0.E0));
#7429=DIRECTION('',(1.E0,0.E0,-2.145809207259E-14));
#7430=AXIS2_PLACEMENT_3D('',#7427,#7428,#7429);
#7432=CURVE_STYLE('',#35,POSITIVE_LENGTH_MEASURE(2.E-2),#3);
#7433=PRESENTATION_STYLE_ASSIGNMENT((#7432));
#7434=STYLED_ITEM('',(#7433),#7431);
#7435=DIRECTION('',(0.E0,0.E0,-1.E0));
#7436=VECTOR('',#7435,2.000000000002E-3);
#7437=CARTESIAN_POINT('',(-1.6E0,0.E0,1.001E0));
#7438=LINE('',#7437,#7436);
#7439=CURVE_STYLE('',#35,POSITIVE_LENGTH_MEASURE(2.E-2),#3);
#7440=PRESENTATION_STYLE_ASSIGNMENT((#7439));
#7441=STYLED_ITEM('',(#7440),#7438);
#7442=CARTESIAN_POINT('',(-1.719E0,0.E0,1.001E0));
#7443=DIRECTION('',(0.E0,1.E0,0.E0));
#7444=DIRECTION('',(0.E0,0.E0,1.E0));
#7445=AXIS2_PLACEMENT_3D('',#7442,#7443,#7444);
#7447=CURVE_STYLE('',#35,POSITIVE_LENGTH_MEASURE(2.E-2),#3);
#7448=PRESENTATION_STYLE_ASSIGNMENT((#7447));
#7449=STYLED_ITEM('',(#7448),#7446);
#7450=DIRECTION('',(1.E0,0.E0,0.E0));
#7451=VECTOR('',#7450,2.81E-1);
#7452=CARTESIAN_POINT('',(-2.E0,0.E0,1.12E0));
#7453=LINE('',#7452,#7451);
#7454=CURVE_STYLE('',#35,POSITIVE_LENGTH_MEASURE(2.E-2),#3);
#7455=PRESENTATION_STYLE_ASSIGNMENT((#7454));
#7456=STYLED_ITEM('',(#7455),#7453);
#7457=DIRECTION('',(0.E0,0.E0,1.E0));
#7458=VECTOR('',#7457,8.8E-1);
#7459=CARTESIAN_POINT('',(-2.E0,0.E0,1.12E0));
#7460=LINE('',#7459,#7458);
#7461=CURVE_STYLE('',#35,POSITIVE_LENGTH_MEASURE(2.E-2),#3);
#7462=PRESENTATION_STYLE_ASSIGNMENT((#7461));
#7463=STYLED_ITEM('',(#7462),#7460);
#7464=DIRECTION('',(1.E0,0.E0,0.E0));
#7465=VECTOR('',#7464,8.8E-1);
#7466=CARTESIAN_POINT('',(-2.E0,0.E0,2.E0));
#7467=LINE('',#7466,#7465);
#7468=CURVE_STYLE('',#35,POSITIVE_LENGTH_MEASURE(2.E-2),#3);
#7469=PRESENTATION_STYLE_ASSIGNMENT((#7468));
#7470=STYLED_ITEM('',(#7469),#7467);
#7471=DIRECTION('',(0.E0,0.E0,-1.E0));
#7472=VECTOR('',#7471,2.81E-1);
#7473=CARTESIAN_POINT('',(-1.12E0,0.E0,2.E0));
#7474=LINE('',#7473,#7472);
#7475=CURVE_STYLE('',#35,POSITIVE_LENGTH_MEASURE(2.E-2),#3);
#7476=PRESENTATION_STYLE_ASSIGNMENT((#7475));
#7477=STYLED_ITEM('',(#7476),#7474);
#7478=CARTESIAN_POINT('',(-1.001E0,0.E0,1.719E0));
#7479=DIRECTION('',(0.E0,-1.E0,0.E0));
#7480=DIRECTION('',(-1.E0,0.E0,0.E0));
#7481=AXIS2_PLACEMENT_3D('',#7478,#7479,#7480);
#7483=CURVE_STYLE('',#35,POSITIVE_LENGTH_MEASURE(2.E-2),#3);
#7484=PRESENTATION_STYLE_ASSIGNMENT((#7483));
#7485=STYLED_ITEM('',(#7484),#7482);
#7486=DIRECTION('',(1.E0,0.E0,1.110223024624E-13));
#7487=VECTOR('',#7486,2.000000000002E-3);
#7488=CARTESIAN_POINT('',(-1.001E0,0.E0,1.6E0));
#7489=LINE('',#7488,#7487);
#7490=CURVE_STYLE('',#35,POSITIVE_LENGTH_MEASURE(2.E-2),#3);
#7491=PRESENTATION_STYLE_ASSIGNMENT((#7490));
#7492=STYLED_ITEM('',(#7491),#7489);
#7493=CARTESIAN_POINT('',(-9.99E-1,0.E0,1.719E0));
#7494=DIRECTION('',(0.E0,-1.E0,0.E0));
#7495=DIRECTION('',(2.145809207259E-14,0.E0,-1.E0));
#7496=AXIS2_PLACEMENT_3D('',#7493,#7494,#7495);
#7498=CURVE_STYLE('',#35,POSITIVE_LENGTH_MEASURE(2.E-2),#3);
#7499=PRESENTATION_STYLE_ASSIGNMENT((#7498));
#7500=STYLED_ITEM('',(#7499),#7497);
#7501=DIRECTION('',(0.E0,0.E0,-1.E0));
#7502=VECTOR('',#7501,2.81E-1);
#7503=CARTESIAN_POINT('',(-8.8E-1,0.E0,2.E0));
#7504=LINE('',#7503,#7502);
#7505=CURVE_STYLE('',#35,POSITIVE_LENGTH_MEASURE(2.E-2),#3);
#7506=PRESENTATION_STYLE_ASSIGNMENT((#7505));
#7507=STYLED_ITEM('',(#7506),#7504);
#7508=DIRECTION('',(1.E0,0.E0,0.E0));
#7509=VECTOR('',#7508,2.6E-1);
#7510=CARTESIAN_POINT('',(-8.8E-1,0.E0,2.E0));
#7511=LINE('',#7510,#7509);
#7512=CURVE_STYLE('',#35,POSITIVE_LENGTH_MEASURE(2.E-2),#3);
#7513=PRESENTATION_STYLE_ASSIGNMENT((#7512));
#7514=STYLED_ITEM('',(#7513),#7511);
#7515=DIRECTION('',(0.E0,0.E0,-1.E0));
#7516=VECTOR('',#7515,2.81E-1);
#7517=CARTESIAN_POINT('',(-6.2E-1,0.E0,2.E0));
#7518=LINE('',#7517,#7516);
#7519=CURVE_STYLE('',#35,POSITIVE_LENGTH_MEASURE(2.E-2),#3);
#7520=PRESENTATION_STYLE_ASSIGNMENT((#7519));
#7521=STYLED_ITEM('',(#7520),#7518);
#7522=CARTESIAN_POINT('',(-5.01E-1,0.E0,1.719E0));
#7523=DIRECTION('',(0.E0,-1.E0,0.E0));
#7524=DIRECTION('',(-1.E0,0.E0,0.E0));
#7525=AXIS2_PLACEMENT_3D('',#7522,#7523,#7524);
#7527=CURVE_STYLE('',#35,POSITIVE_LENGTH_MEASURE(2.E-2),#3);
#7528=PRESENTATION_STYLE_ASSIGNMENT((#7527));
#7529=STYLED_ITEM('',(#7528),#7526);
#7530=DIRECTION('',(1.E0,0.E0,1.110223024624E-13));
#7531=VECTOR('',#7530,2.000000000002E-3);
#7532=CARTESIAN_POINT('',(-5.01E-1,0.E0,1.6E0));
#7533=LINE('',#7532,#7531);
#7534=CURVE_STYLE('',#35,POSITIVE_LENGTH_MEASURE(2.E-2),#3);
#7535=PRESENTATION_STYLE_ASSIGNMENT((#7534));
#7536=STYLED_ITEM('',(#7535),#7533);
#7537=CARTESIAN_POINT('',(-4.99E-1,0.E0,1.719E0));
#7538=DIRECTION('',(0.E0,-1.E0,0.E0));
#7539=DIRECTION('',(2.145809207259E-14,0.E0,-1.E0));
#7540=AXIS2_PLACEMENT_3D('',#7537,#7538,#7539);
#7542=CURVE_STYLE('',#35,POSITIVE_LENGTH_MEASURE(2.E-2),#3);
#7543=PRESENTATION_STYLE_ASSIGNMENT((#7542));
#7544=STYLED_ITEM('',(#7543),#7541);
#7545=DIRECTION('',(0.E0,0.E0,-1.E0));
#7546=VECTOR('',#7545,2.81E-1);
#7547=CARTESIAN_POINT('',(-3.8E-1,0.E0,2.E0));
#7548=LINE('',#7547,#7546);
#7549=CURVE_STYLE('',#35,POSITIVE_LENGTH_MEASURE(2.E-2),#3);
#7550=PRESENTATION_STYLE_ASSIGNMENT((#7549));
#7551=STYLED_ITEM('',(#7550),#7548);
#7552=DIRECTION('',(1.E0,0.E0,0.E0));
#7553=VECTOR('',#7552,2.6E-1);
#7554=CARTESIAN_POINT('',(-3.8E-1,0.E0,2.E0));
#7555=LINE('',#7554,#7553);
#7556=CURVE_STYLE('',#35,POSITIVE_LENGTH_MEASURE(2.E-2),#3);
#7557=PRESENTATION_STYLE_ASSIGNMENT((#7556));
#7558=STYLED_ITEM('',(#7557),#7555);
#7559=DIRECTION('',(0.E0,0.E0,-1.E0));
#7560=VECTOR('',#7559,2.81E-1);
#7561=CARTESIAN_POINT('',(-1.2E-1,0.E0,2.E0));
#7562=LINE('',#7561,#7560);
#7563=CURVE_STYLE('',#35,POSITIVE_LENGTH_MEASURE(2.E-2),#3);
#7564=PRESENTATION_STYLE_ASSIGNMENT((#7563));
#7565=STYLED_ITEM('',(#7564),#7562);
#7566=CARTESIAN_POINT('',(-1.E-3,0.E0,1.719E0));
#7567=DIRECTION('',(0.E0,-1.E0,0.E0));
#7568=DIRECTION('',(-1.E0,0.E0,0.E0));
#7569=AXIS2_PLACEMENT_3D('',#7566,#7567,#7568);
#7571=CURVE_STYLE('',#35,POSITIVE_LENGTH_MEASURE(2.E-2),#3);
#7572=PRESENTATION_STYLE_ASSIGNMENT((#7571));
#7573=STYLED_ITEM('',(#7572),#7570);
#7574=DIRECTION('',(1.E0,0.E0,1.110223024624E-13));
#7575=VECTOR('',#7574,2.000000000002E-3);
#7576=CARTESIAN_POINT('',(-1.000000000001E-3,0.E0,1.6E0));
#7577=LINE('',#7576,#7575);
#7578=CURVE_STYLE('',#35,POSITIVE_LENGTH_MEASURE(2.E-2),#3);
#7579=PRESENTATION_STYLE_ASSIGNMENT((#7578));
#7580=STYLED_ITEM('',(#7579),#7577);
#7581=CARTESIAN_POINT('',(1.E-3,0.E0,1.719E0));
#7582=DIRECTION('',(0.E0,-1.E0,0.E0));
#7583=DIRECTION('',(2.114285345773E-14,0.E0,-1.E0));
#7584=AXIS2_PLACEMENT_3D('',#7581,#7582,#7583);
#7586=CURVE_STYLE('',#35,POSITIVE_LENGTH_MEASURE(2.E-2),#3);
#7587=PRESENTATION_STYLE_ASSIGNMENT((#7586));
#7588=STYLED_ITEM('',(#7587),#7585);
#7589=DIRECTION('',(0.E0,0.E0,-1.E0));
#7590=VECTOR('',#7589,2.81E-1);
#7591=CARTESIAN_POINT('',(1.2E-1,0.E0,2.E0));
#7592=LINE('',#7591,#7590);
#7593=CURVE_STYLE('',#35,POSITIVE_LENGTH_MEASURE(2.E-2),#3);
#7594=PRESENTATION_STYLE_ASSIGNMENT((#7593));
#7595=STYLED_ITEM('',(#7594),#7592);
#7596=DIRECTION('',(1.E0,0.E0,0.E0));
#7597=VECTOR('',#7596,2.6E-1);
#7598=CARTESIAN_POINT('',(1.2E-1,0.E0,2.E0));
#7599=LINE('',#7598,#7597);
#7600=CURVE_STYLE('',#35,POSITIVE_LENGTH_MEASURE(2.E-2),#3);
#7601=PRESENTATION_STYLE_ASSIGNMENT((#7600));
#7602=STYLED_ITEM('',(#7601),#7599);
#7603=DIRECTION('',(0.E0,0.E0,-1.E0));
#7604=VECTOR('',#7603,2.81E-1);
#7605=CARTESIAN_POINT('',(3.8E-1,0.E0,2.E0));
#7606=LINE('',#7605,#7604);
#7607=CURVE_STYLE('',#35,POSITIVE_LENGTH_MEASURE(2.E-2),#3);
#7608=PRESENTATION_STYLE_ASSIGNMENT((#7607));
#7609=STYLED_ITEM('',(#7608),#7606);
#7610=CARTESIAN_POINT('',(4.99E-1,0.E0,1.719E0));
#7611=DIRECTION('',(0.E0,-1.E0,0.E0));
#7612=DIRECTION('',(-1.E0,0.E0,0.E0));
#7613=AXIS2_PLACEMENT_3D('',#7610,#7611,#7612);
#7615=CURVE_STYLE('',#35,POSITIVE_LENGTH_MEASURE(2.E-2),#3);
#7616=PRESENTATION_STYLE_ASSIGNMENT((#7615));
#7617=STYLED_ITEM('',(#7616),#7614);
#7618=DIRECTION('',(1.E0,0.E0,1.110223024624E-13));
#7619=VECTOR('',#7618,2.000000000002E-3);
#7620=CARTESIAN_POINT('',(4.99E-1,0.E0,1.6E0));
#7621=LINE('',#7620,#7619);
#7622=CURVE_STYLE('',#35,POSITIVE_LENGTH_MEASURE(2.E-2),#3);
#7623=PRESENTATION_STYLE_ASSIGNMENT((#7622));
#7624=STYLED_ITEM('',(#7623),#7621);
#7625=CARTESIAN_POINT('',(5.01E-1,0.E0,1.719E0));
#7626=DIRECTION('',(0.E0,-1.E0,0.E0));
#7627=DIRECTION('',(2.145809207259E-14,0.E0,-1.E0));
#7628=AXIS2_PLACEMENT_3D('',#7625,#7626,#7627);
#7630=CURVE_STYLE('',#35,POSITIVE_LENGTH_MEASURE(2.E-2),#3);
#7631=PRESENTATION_STYLE_ASSIGNMENT((#7630));
#7632=STYLED_ITEM('',(#7631),#7629);
#7633=DIRECTION('',(0.E0,0.E0,-1.E0));
#7634=VECTOR('',#7633,2.81E-1);
#7635=CARTESIAN_POINT('',(6.2E-1,0.E0,2.E0));
#7636=LINE('',#7635,#7634);
#7637=CURVE_STYLE('',#35,POSITIVE_LENGTH_MEASURE(2.E-2),#3);
#7638=PRESENTATION_STYLE_ASSIGNMENT((#7637));
#7639=STYLED_ITEM('',(#7638),#7636);
#7640=DIRECTION('',(1.E0,0.E0,0.E0));
#7641=VECTOR('',#7640,2.6E-1);
#7642=CARTESIAN_POINT('',(6.2E-1,0.E0,2.E0));
#7643=LINE('',#7642,#7641);
#7644=CURVE_STYLE('',#35,POSITIVE_LENGTH_MEASURE(2.E-2),#3);
#7645=PRESENTATION_STYLE_ASSIGNMENT((#7644));
#7646=STYLED_ITEM('',(#7645),#7643);
#7647=DIRECTION('',(0.E0,0.E0,-1.E0));
#7648=VECTOR('',#7647,2.81E-1);
#7649=CARTESIAN_POINT('',(8.8E-1,0.E0,2.E0));
#7650=LINE('',#7649,#7648);
#7651=CURVE_STYLE('',#35,POSITIVE_LENGTH_MEASURE(2.E-2),#3);
#7652=PRESENTATION_STYLE_ASSIGNMENT((#7651));
#7653=STYLED_ITEM('',(#7652),#7650);
#7654=CARTESIAN_POINT('',(9.99E-1,0.E0,1.719E0));
#7655=DIRECTION('',(0.E0,-1.E0,0.E0));
#7656=DIRECTION('',(-1.E0,0.E0,0.E0));
#7657=AXIS2_PLACEMENT_3D('',#7654,#7655,#7656);
#7659=CURVE_STYLE('',#35,POSITIVE_LENGTH_MEASURE(2.E-2),#3);
#7660=PRESENTATION_STYLE_ASSIGNMENT((#7659));
#7661=STYLED_ITEM('',(#7660),#7658);
#7662=DIRECTION('',(1.E0,0.E0,1.110223024624E-13));
#7663=VECTOR('',#7662,2.000000000002E-3);
#7664=CARTESIAN_POINT('',(9.99E-1,0.E0,1.6E0));
#7665=LINE('',#7664,#7663);
#7666=CURVE_STYLE('',#35,POSITIVE_LENGTH_MEASURE(2.E-2),#3);
#7667=PRESENTATION_STYLE_ASSIGNMENT((#7666));
#7668=STYLED_ITEM('',(#7667),#7665);
#7669=CARTESIAN_POINT('',(1.001E0,0.E0,1.719E0));
#7670=DIRECTION('',(0.E0,-1.E0,0.E0));
#7671=DIRECTION('',(2.052513154769E-14,0.E0,-1.E0));
#7672=AXIS2_PLACEMENT_3D('',#7669,#7670,#7671);
#7674=CURVE_STYLE('',#35,POSITIVE_LENGTH_MEASURE(2.E-2),#3);
#7675=PRESENTATION_STYLE_ASSIGNMENT((#7674));
#7676=STYLED_ITEM('',(#7675),#7673);
#7677=DIRECTION('',(0.E0,0.E0,-1.E0));
#7678=VECTOR('',#7677,2.81E-1);
#7679=CARTESIAN_POINT('',(1.12E0,0.E0,2.E0));
#7680=LINE('',#7679,#7678);
#7681=CURVE_STYLE('',#35,POSITIVE_LENGTH_MEASURE(2.E-2),#3);
#7682=PRESENTATION_STYLE_ASSIGNMENT((#7681));
#7683=STYLED_ITEM('',(#7682),#7680);
#7684=DIRECTION('',(1.E0,0.E0,0.E0));
#7685=VECTOR('',#7684,8.8E-1);
#7686=CARTESIAN_POINT('',(1.12E0,0.E0,2.E0));
#7687=LINE('',#7686,#7685);
#7688=CURVE_STYLE('',#35,POSITIVE_LENGTH_MEASURE(2.E-2),#3);
#7689=PRESENTATION_STYLE_ASSIGNMENT((#7688));
#7690=STYLED_ITEM('',(#7689),#7687);
#7691=DIRECTION('',(0.E0,0.E0,-1.E0));
#7692=VECTOR('',#7691,8.8E-1);
#7693=CARTESIAN_POINT('',(2.E0,0.E0,2.E0));
#7694=LINE('',#7693,#7692);
#7695=CURVE_STYLE('',#35,POSITIVE_LENGTH_MEASURE(2.E-2),#3);
#7696=PRESENTATION_STYLE_ASSIGNMENT((#7695));
#7697=STYLED_ITEM('',(#7696),#7694);
#7698=DIRECTION('',(-1.E0,0.E0,0.E0));
#7699=VECTOR('',#7698,2.81E-1);
#7700=CARTESIAN_POINT('',(2.E0,0.E0,1.12E0));
#7701=LINE('',#7700,#7699);
#7702=CURVE_STYLE('',#35,POSITIVE_LENGTH_MEASURE(2.E-2),#3);
#7703=PRESENTATION_STYLE_ASSIGNMENT((#7702));
#7704=STYLED_ITEM('',(#7703),#7701);
#7705=CARTESIAN_POINT('',(1.719E0,0.E0,1.001E0));
#7706=DIRECTION('',(0.E0,-1.E0,0.E0));
#7707=DIRECTION('',(0.E0,0.E0,1.E0));
#7708=AXIS2_PLACEMENT_3D('',#7705,#7706,#7707);
#7710=CURVE_STYLE('',#35,POSITIVE_LENGTH_MEASURE(2.E-2),#3);
#7711=PRESENTATION_STYLE_ASSIGNMENT((#7710));
#7712=STYLED_ITEM('',(#7711),#7709);
#7713=DIRECTION('',(1.110223024624E-13,0.E0,-1.E0));
#7714=VECTOR('',#7713,2.000000000002E-3);
#7715=CARTESIAN_POINT('',(1.6E0,0.E0,1.001E0));
#7716=LINE('',#7715,#7714);
#7717=CURVE_STYLE('',#35,POSITIVE_LENGTH_MEASURE(2.E-2),#3);
#7718=PRESENTATION_STYLE_ASSIGNMENT((#7717));
#7719=STYLED_ITEM('',(#7718),#7716);
#7720=CARTESIAN_POINT('',(1.719E0,0.E0,9.99E-1));
#7721=DIRECTION('',(0.E0,-1.E0,0.E0));
#7722=DIRECTION('',(-1.E0,0.E0,-2.145809207259E-14));
#7723=AXIS2_PLACEMENT_3D('',#7720,#7721,#7722);
#7725=CURVE_STYLE('',#35,POSITIVE_LENGTH_MEASURE(2.E-2),#3);
#7726=PRESENTATION_STYLE_ASSIGNMENT((#7725));
#7727=STYLED_ITEM('',(#7726),#7724);
#7728=DIRECTION('',(-1.E0,0.E0,0.E0));
#7729=VECTOR('',#7728,2.81E-1);
#7730=CARTESIAN_POINT('',(2.E0,0.E0,8.8E-1));
#7731=LINE('',#7730,#7729);
#7732=CURVE_STYLE('',#35,POSITIVE_LENGTH_MEASURE(2.E-2),#3);
#7733=PRESENTATION_STYLE_ASSIGNMENT((#7732));
#7734=STYLED_ITEM('',(#7733),#7731);
#7735=DIRECTION('',(0.E0,0.E0,-1.E0));
#7736=VECTOR('',#7735,2.6E-1);
#7737=CARTESIAN_POINT('',(2.E0,0.E0,8.8E-1));
#7738=LINE('',#7737,#7736);
#7739=CURVE_STYLE('',#35,POSITIVE_LENGTH_MEASURE(2.E-2),#3);
#7740=PRESENTATION_STYLE_ASSIGNMENT((#7739));
#7741=STYLED_ITEM('',(#7740),#7738);
#7742=DIRECTION('',(-1.E0,0.E0,0.E0));
#7743=VECTOR('',#7742,2.81E-1);
#7744=CARTESIAN_POINT('',(2.E0,0.E0,6.2E-1));
#7745=LINE('',#7744,#7743);
#7746=CURVE_STYLE('',#35,POSITIVE_LENGTH_MEASURE(2.E-2),#3);
#7747=PRESENTATION_STYLE_ASSIGNMENT((#7746));
#7748=STYLED_ITEM('',(#7747),#7745);
#7749=CARTESIAN_POINT('',(1.719E0,0.E0,5.01E-1));
#7750=DIRECTION('',(0.E0,-1.E0,0.E0));
#7751=DIRECTION('',(0.E0,0.E0,1.E0));
#7752=AXIS2_PLACEMENT_3D('',#7749,#7750,#7751);
#7754=CURVE_STYLE('',#35,POSITIVE_LENGTH_MEASURE(2.E-2),#3);
#7755=PRESENTATION_STYLE_ASSIGNMENT((#7754));
#7756=STYLED_ITEM('',(#7755),#7753);
#7757=DIRECTION('',(1.110223024624E-13,0.E0,-1.E0));
#7758=VECTOR('',#7757,2.000000000002E-3);
#7759=CARTESIAN_POINT('',(1.6E0,0.E0,5.01E-1));
#7760=LINE('',#7759,#7758);
#7761=CURVE_STYLE('',#35,POSITIVE_LENGTH_MEASURE(2.E-2),#3);
#7762=PRESENTATION_STYLE_ASSIGNMENT((#7761));
#7763=STYLED_ITEM('',(#7762),#7760);
#7764=CARTESIAN_POINT('',(1.719E0,0.E0,4.99E-1));
#7765=DIRECTION('',(0.E0,-1.E0,0.E0));
#7766=DIRECTION('',(-1.E0,0.E0,-2.145809207259E-14));
#7767=AXIS2_PLACEMENT_3D('',#7764,#7765,#7766);
#7769=CURVE_STYLE('',#35,POSITIVE_LENGTH_MEASURE(2.E-2),#3);
#7770=PRESENTATION_STYLE_ASSIGNMENT((#7769));
#7771=STYLED_ITEM('',(#7770),#7768);
#7772=DIRECTION('',(-1.E0,0.E0,0.E0));
#7773=VECTOR('',#7772,2.81E-1);
#7774=CARTESIAN_POINT('',(2.E0,0.E0,3.8E-1));
#7775=LINE('',#7774,#7773);
#7776=CURVE_STYLE('',#35,POSITIVE_LENGTH_MEASURE(2.E-2),#3);
#7777=PRESENTATION_STYLE_ASSIGNMENT((#7776));
#7778=STYLED_ITEM('',(#7777),#7775);
#7779=DIRECTION('',(0.E0,0.E0,-1.E0));
#7780=VECTOR('',#7779,2.6E-1);
#7781=CARTESIAN_POINT('',(2.E0,0.E0,3.8E-1));
#7782=LINE('',#7781,#7780);
#7783=CURVE_STYLE('',#35,POSITIVE_LENGTH_MEASURE(2.E-2),#3);
#7784=PRESENTATION_STYLE_ASSIGNMENT((#7783));
#7785=STYLED_ITEM('',(#7784),#7782);
#7786=DIRECTION('',(-1.E0,0.E0,0.E0));
#7787=VECTOR('',#7786,2.81E-1);
#7788=CARTESIAN_POINT('',(2.E0,0.E0,1.2E-1));
#7789=LINE('',#7788,#7787);
#7790=CURVE_STYLE('',#35,POSITIVE_LENGTH_MEASURE(2.E-2),#3);
#7791=PRESENTATION_STYLE_ASSIGNMENT((#7790));
#7792=STYLED_ITEM('',(#7791),#7789);
#7793=CARTESIAN_POINT('',(1.719E0,0.E0,1.E-3));
#7794=DIRECTION('',(0.E0,-1.E0,0.E0));
#7795=DIRECTION('',(0.E0,0.E0,1.E0));
#7796=AXIS2_PLACEMENT_3D('',#7793,#7794,#7795);
#7798=CURVE_STYLE('',#35,POSITIVE_LENGTH_MEASURE(2.E-2),#3);
#7799=PRESENTATION_STYLE_ASSIGNMENT((#7798));
#7800=STYLED_ITEM('',(#7799),#7797);
#7801=DIRECTION('',(1.110223024624E-13,0.E0,-1.E0));
#7802=VECTOR('',#7801,2.000000000002E-3);
#7803=CARTESIAN_POINT('',(1.6E0,0.E0,1.000000000001E-3));
#7804=LINE('',#7803,#7802);
#7805=CURVE_STYLE('',#35,POSITIVE_LENGTH_MEASURE(2.E-2),#3);
#7806=PRESENTATION_STYLE_ASSIGNMENT((#7805));
#7807=STYLED_ITEM('',(#7806),#7804);
#7808=CARTESIAN_POINT('',(1.719E0,0.E0,-1.E-3));
#7809=DIRECTION('',(0.E0,-1.E0,0.E0));
#7810=DIRECTION('',(-1.E0,0.E0,-2.132689449877E-14));
#7811=AXIS2_PLACEMENT_3D('',#7808,#7809,#7810);
#7813=CURVE_STYLE('',#35,POSITIVE_LENGTH_MEASURE(2.E-2),#3);
#7814=PRESENTATION_STYLE_ASSIGNMENT((#7813));
#7815=STYLED_ITEM('',(#7814),#7812);
#7816=DIRECTION('',(-1.E0,0.E0,0.E0));
#7817=VECTOR('',#7816,2.81E-1);
#7818=CARTESIAN_POINT('',(2.E0,0.E0,-1.2E-1));
#7819=LINE('',#7818,#7817);
#7820=CURVE_STYLE('',#35,POSITIVE_LENGTH_MEASURE(2.E-2),#3);
#7821=PRESENTATION_STYLE_ASSIGNMENT((#7820));
#7822=STYLED_ITEM('',(#7821),#7819);
#7823=DIRECTION('',(0.E0,0.E0,-1.E0));
#7824=VECTOR('',#7823,2.6E-1);
#7825=CARTESIAN_POINT('',(2.E0,0.E0,-1.2E-1));
#7826=LINE('',#7825,#7824);
#7827=CURVE_STYLE('',#35,POSITIVE_LENGTH_MEASURE(2.E-2),#3);
#7828=PRESENTATION_STYLE_ASSIGNMENT((#7827));
#7829=STYLED_ITEM('',(#7828),#7826);
#7830=DIRECTION('',(-1.E0,0.E0,0.E0));
#7831=VECTOR('',#7830,2.81E-1);
#7832=CARTESIAN_POINT('',(2.E0,0.E0,-3.8E-1));
#7833=LINE('',#7832,#7831);
#7834=CURVE_STYLE('',#35,POSITIVE_LENGTH_MEASURE(2.E-2),#3);
#7835=PRESENTATION_STYLE_ASSIGNMENT((#7834));
#7836=STYLED_ITEM('',(#7835),#7833);
#7837=CARTESIAN_POINT('',(1.719E0,0.E0,-4.99E-1));
#7838=DIRECTION('',(0.E0,-1.E0,0.E0));
#7839=DIRECTION('',(0.E0,0.E0,1.E0));
#7840=AXIS2_PLACEMENT_3D('',#7837,#7838,#7839);
#7842=CURVE_STYLE('',#35,POSITIVE_LENGTH_MEASURE(2.E-2),#3);
#7843=PRESENTATION_STYLE_ASSIGNMENT((#7842));
#7844=STYLED_ITEM('',(#7843),#7841);
#7845=DIRECTION('',(1.110223024624E-13,0.E0,-1.E0));
#7846=VECTOR('',#7845,2.000000000002E-3);
#7847=CARTESIAN_POINT('',(1.6E0,0.E0,-4.99E-1));
#7848=LINE('',#7847,#7846);
#7849=CURVE_STYLE('',#35,POSITIVE_LENGTH_MEASURE(2.E-2),#3);
#7850=PRESENTATION_STYLE_ASSIGNMENT((#7849));
#7851=STYLED_ITEM('',(#7850),#7848);
#7852=CARTESIAN_POINT('',(1.719E0,0.E0,-5.01E-1));
#7853=DIRECTION('',(0.E0,-1.E0,0.E0));
#7854=DIRECTION('',(-1.E0,0.E0,-2.145809207259E-14));
#7855=AXIS2_PLACEMENT_3D('',#7852,#7853,#7854);
#7857=CURVE_STYLE('',#35,POSITIVE_LENGTH_MEASURE(2.E-2),#3);
#7858=PRESENTATION_STYLE_ASSIGNMENT((#7857));
#7859=STYLED_ITEM('',(#7858),#7856);
#7860=DIRECTION('',(-1.E0,0.E0,0.E0));
#7861=VECTOR('',#7860,2.81E-1);
#7862=CARTESIAN_POINT('',(2.E0,0.E0,-6.2E-1));
#7863=LINE('',#7862,#7861);
#7864=CURVE_STYLE('',#35,POSITIVE_LENGTH_MEASURE(2.E-2),#3);
#7865=PRESENTATION_STYLE_ASSIGNMENT((#7864));
#7866=STYLED_ITEM('',(#7865),#7863);
#7867=DIRECTION('',(0.E0,0.E0,-1.E0));
#7868=VECTOR('',#7867,2.6E-1);
#7869=CARTESIAN_POINT('',(2.E0,0.E0,-6.2E-1));
#7870=LINE('',#7869,#7868);
#7871=CURVE_STYLE('',#35,POSITIVE_LENGTH_MEASURE(2.E-2),#3);
#7872=PRESENTATION_STYLE_ASSIGNMENT((#7871));
#7873=STYLED_ITEM('',(#7872),#7870);
#7874=DIRECTION('',(-1.E0,0.E0,0.E0));
#7875=VECTOR('',#7874,2.81E-1);
#7876=CARTESIAN_POINT('',(2.E0,0.E0,-8.8E-1));
#7877=LINE('',#7876,#7875);
#7878=CURVE_STYLE('',#35,POSITIVE_LENGTH_MEASURE(2.E-2),#3);
#7879=PRESENTATION_STYLE_ASSIGNMENT((#7878));
#7880=STYLED_ITEM('',(#7879),#7877);
#7881=CARTESIAN_POINT('',(1.719E0,0.E0,-9.99E-1));
#7882=DIRECTION('',(0.E0,-1.E0,0.E0));
#7883=DIRECTION('',(0.E0,0.E0,1.E0));
#7884=AXIS2_PLACEMENT_3D('',#7881,#7882,#7883);
#7886=CURVE_STYLE('',#35,POSITIVE_LENGTH_MEASURE(2.E-2),#3);
#7887=PRESENTATION_STYLE_ASSIGNMENT((#7886));
#7888=STYLED_ITEM('',(#7887),#7885);
#7889=DIRECTION('',(1.110223024624E-13,0.E0,-1.E0));
#7890=VECTOR('',#7889,2.000000000002E-3);
#7891=CARTESIAN_POINT('',(1.6E0,0.E0,-9.99E-1));
#7892=LINE('',#7891,#7890);
#7893=CURVE_STYLE('',#35,POSITIVE_LENGTH_MEASURE(2.E-2),#3);
#7894=PRESENTATION_STYLE_ASSIGNMENT((#7893));
#7895=STYLED_ITEM('',(#7894),#7892);
#7896=CARTESIAN_POINT('',(1.719E0,0.E0,-1.001E0));
#7897=DIRECTION('',(0.E0,-1.E0,0.E0));
#7898=DIRECTION('',(-1.E0,0.E0,-2.052513154769E-14));
#7899=AXIS2_PLACEMENT_3D('',#7896,#7897,#7898);
#7901=CURVE_STYLE('',#35,POSITIVE_LENGTH_MEASURE(2.E-2),#3);
#7902=PRESENTATION_STYLE_ASSIGNMENT((#7901));
#7903=STYLED_ITEM('',(#7902),#7900);
#7904=DIRECTION('',(-1.E0,0.E0,0.E0));
#7905=VECTOR('',#7904,2.81E-1);
#7906=CARTESIAN_POINT('',(2.E0,0.E0,-1.12E0));
#7907=LINE('',#7906,#7905);
#7908=CURVE_STYLE('',#35,POSITIVE_LENGTH_MEASURE(2.E-2),#3);
#7909=PRESENTATION_STYLE_ASSIGNMENT((#7908));
#7910=STYLED_ITEM('',(#7909),#7907);
#7911=DIRECTION('',(0.E0,0.E0,-1.E0));
#7912=VECTOR('',#7911,8.8E-1);
#7913=CARTESIAN_POINT('',(2.E0,0.E0,-1.12E0));
#7914=LINE('',#7913,#7912);
#7915=CURVE_STYLE('',#35,POSITIVE_LENGTH_MEASURE(2.E-2),#3);
#7916=PRESENTATION_STYLE_ASSIGNMENT((#7915));
#7917=STYLED_ITEM('',(#7916),#7914);
#7918=DIRECTION('',(-1.E0,0.E0,0.E0));
#7919=VECTOR('',#7918,8.8E-1);
#7920=CARTESIAN_POINT('',(2.E0,0.E0,-2.E0));
#7921=LINE('',#7920,#7919);
#7922=CURVE_STYLE('',#35,POSITIVE_LENGTH_MEASURE(2.E-2),#3);
#7923=PRESENTATION_STYLE_ASSIGNMENT((#7922));
#7924=STYLED_ITEM('',(#7923),#7921);
#7925=DIRECTION('',(0.E0,0.E0,1.E0));
#7926=VECTOR('',#7925,2.81E-1);
#7927=CARTESIAN_POINT('',(1.12E0,0.E0,-2.E0));
#7928=LINE('',#7927,#7926);
#7929=CURVE_STYLE('',#35,POSITIVE_LENGTH_MEASURE(2.E-2),#3);
#7930=PRESENTATION_STYLE_ASSIGNMENT((#7929));
#7931=STYLED_ITEM('',(#7930),#7928);
#7932=CARTESIAN_POINT('',(1.001E0,0.E0,-1.719E0));
#7933=DIRECTION('',(0.E0,1.E0,0.E0));
#7934=DIRECTION('',(2.052513154769E-14,0.E0,1.E0));
#7935=AXIS2_PLACEMENT_3D('',#7932,#7933,#7934);
#7937=CURVE_STYLE('',#35,POSITIVE_LENGTH_MEASURE(2.E-2),#3);
#7938=PRESENTATION_STYLE_ASSIGNMENT((#7937));
#7939=STYLED_ITEM('',(#7938),#7936);
#7940=DIRECTION('',(1.E0,0.E0,0.E0));
#7941=VECTOR('',#7940,2.000000000002E-3);
#7942=CARTESIAN_POINT('',(9.99E-1,0.E0,-1.6E0));
#7943=LINE('',#7942,#7941);
#7944=CURVE_STYLE('',#35,POSITIVE_LENGTH_MEASURE(2.E-2),#3);
#7945=PRESENTATION_STYLE_ASSIGNMENT((#7944));
#7946=STYLED_ITEM('',(#7945),#7943);
#7947=CARTESIAN_POINT('',(9.99E-1,0.E0,-1.719E0));
#7948=DIRECTION('',(0.E0,1.E0,0.E0));
#7949=DIRECTION('',(-1.E0,0.E0,0.E0));
#7950=AXIS2_PLACEMENT_3D('',#7947,#7948,#7949);
#7952=CURVE_STYLE('',#35,POSITIVE_LENGTH_MEASURE(2.E-2),#3);
#7953=PRESENTATION_STYLE_ASSIGNMENT((#7952));
#7954=STYLED_ITEM('',(#7953),#7951);
#7955=DIRECTION('',(0.E0,0.E0,1.E0));
#7956=VECTOR('',#7955,2.81E-1);
#7957=CARTESIAN_POINT('',(8.8E-1,0.E0,-2.E0));
#7958=LINE('',#7957,#7956);
#7959=CURVE_STYLE('',#35,POSITIVE_LENGTH_MEASURE(2.E-2),#3);
#7960=PRESENTATION_STYLE_ASSIGNMENT((#7959));
#7961=STYLED_ITEM('',(#7960),#7958);
#7962=DIRECTION('',(-1.E0,0.E0,0.E0));
#7963=VECTOR('',#7962,2.6E-1);
#7964=CARTESIAN_POINT('',(8.8E-1,0.E0,-2.E0));
#7965=LINE('',#7964,#7963);
#7966=CURVE_STYLE('',#35,POSITIVE_LENGTH_MEASURE(2.E-2),#3);
#7967=PRESENTATION_STYLE_ASSIGNMENT((#7966));
#7968=STYLED_ITEM('',(#7967),#7965);
#7969=DIRECTION('',(0.E0,0.E0,1.E0));
#7970=VECTOR('',#7969,2.81E-1);
#7971=CARTESIAN_POINT('',(6.2E-1,0.E0,-2.E0));
#7972=LINE('',#7971,#7970);
#7973=CURVE_STYLE('',#35,POSITIVE_LENGTH_MEASURE(2.E-2),#3);
#7974=PRESENTATION_STYLE_ASSIGNMENT((#7973));
#7975=STYLED_ITEM('',(#7974),#7972);
#7976=CARTESIAN_POINT('',(5.01E-1,0.E0,-1.719E0));
#7977=DIRECTION('',(0.E0,1.E0,0.E0));
#7978=DIRECTION('',(2.145809207259E-14,0.E0,1.E0));
#7979=AXIS2_PLACEMENT_3D('',#7976,#7977,#7978);
#7981=CURVE_STYLE('',#35,POSITIVE_LENGTH_MEASURE(2.E-2),#3);
#7982=PRESENTATION_STYLE_ASSIGNMENT((#7981));
#7983=STYLED_ITEM('',(#7982),#7980);
#7984=DIRECTION('',(1.E0,0.E0,0.E0));
#7985=VECTOR('',#7984,2.000000000002E-3);
#7986=CARTESIAN_POINT('',(4.99E-1,0.E0,-1.6E0));
#7987=LINE('',#7986,#7985);
#7988=CURVE_STYLE('',#35,POSITIVE_LENGTH_MEASURE(2.E-2),#3);
#7989=PRESENTATION_STYLE_ASSIGNMENT((#7988));
#7990=STYLED_ITEM('',(#7989),#7987);
#7991=CARTESIAN_POINT('',(4.99E-1,0.E0,-1.719E0));
#7992=DIRECTION('',(0.E0,1.E0,0.E0));
#7993=DIRECTION('',(-1.E0,0.E0,0.E0));
#7994=AXIS2_PLACEMENT_3D('',#7991,#7992,#7993);
#7996=CURVE_STYLE('',#35,POSITIVE_LENGTH_MEASURE(2.E-2),#3);
#7997=PRESENTATION_STYLE_ASSIGNMENT((#7996));
#7998=STYLED_ITEM('',(#7997),#7995);
#7999=DIRECTION('',(0.E0,0.E0,1.E0));
#8000=VECTOR('',#7999,2.81E-1);
#8001=CARTESIAN_POINT('',(3.8E-1,0.E0,-2.E0));
#8002=LINE('',#8001,#8000);
#8003=CURVE_STYLE('',#35,POSITIVE_LENGTH_MEASURE(2.E-2),#3);
#8004=PRESENTATION_STYLE_ASSIGNMENT((#8003));
#8005=STYLED_ITEM('',(#8004),#8002);
#8006=DIRECTION('',(-1.E0,0.E0,0.E0));
#8007=VECTOR('',#8006,2.6E-1);
#8008=CARTESIAN_POINT('',(3.8E-1,0.E0,-2.E0));
#8009=LINE('',#8008,#8007);
#8010=CURVE_STYLE('',#35,POSITIVE_LENGTH_MEASURE(2.E-2),#3);
#8011=PRESENTATION_STYLE_ASSIGNMENT((#8010));
#8012=STYLED_ITEM('',(#8011),#8009);
#8013=DIRECTION('',(0.E0,0.E0,1.E0));
#8014=VECTOR('',#8013,2.81E-1);
#8015=CARTESIAN_POINT('',(1.2E-1,0.E0,-2.E0));
#8016=LINE('',#8015,#8014);
#8017=CURVE_STYLE('',#35,POSITIVE_LENGTH_MEASURE(2.E-2),#3);
#8018=PRESENTATION_STYLE_ASSIGNMENT((#8017));
#8019=STYLED_ITEM('',(#8018),#8016);
#8020=CARTESIAN_POINT('',(1.E-3,0.E0,-1.719E0));
#8021=DIRECTION('',(0.E0,1.E0,0.E0));
#8022=DIRECTION('',(2.114285345773E-14,0.E0,1.E0));
#8023=AXIS2_PLACEMENT_3D('',#8020,#8021,#8022);
#8025=CURVE_STYLE('',#35,POSITIVE_LENGTH_MEASURE(2.E-2),#3);
#8026=PRESENTATION_STYLE_ASSIGNMENT((#8025));
#8027=STYLED_ITEM('',(#8026),#8024);
#8028=DIRECTION('',(1.E0,0.E0,0.E0));
#8029=VECTOR('',#8028,2.000000000002E-3);
#8030=CARTESIAN_POINT('',(-1.000000000001E-3,0.E0,-1.6E0));
#8031=LINE('',#8030,#8029);
#8032=CURVE_STYLE('',#35,POSITIVE_LENGTH_MEASURE(2.E-2),#3);
#8033=PRESENTATION_STYLE_ASSIGNMENT((#8032));
#8034=STYLED_ITEM('',(#8033),#8031);
#8035=CARTESIAN_POINT('',(-1.E-3,0.E0,-1.719E0));
#8036=DIRECTION('',(0.E0,1.E0,0.E0));
#8037=DIRECTION('',(-1.E0,0.E0,0.E0));
#8038=AXIS2_PLACEMENT_3D('',#8035,#8036,#8037);
#8040=CURVE_STYLE('',#35,POSITIVE_LENGTH_MEASURE(2.E-2),#3);
#8041=PRESENTATION_STYLE_ASSIGNMENT((#8040));
#8042=STYLED_ITEM('',(#8041),#8039);
#8043=DIRECTION('',(0.E0,0.E0,1.E0));
#8044=VECTOR('',#8043,2.81E-1);
#8045=CARTESIAN_POINT('',(-1.2E-1,0.E0,-2.E0));
#8046=LINE('',#8045,#8044);
#8047=CURVE_STYLE('',#35,POSITIVE_LENGTH_MEASURE(2.E-2),#3);
#8048=PRESENTATION_STYLE_ASSIGNMENT((#8047));
#8049=STYLED_ITEM('',(#8048),#8046);
#8050=DIRECTION('',(-1.E0,0.E0,0.E0));
#8051=VECTOR('',#8050,2.6E-1);
#8052=CARTESIAN_POINT('',(-1.2E-1,0.E0,-2.E0));
#8053=LINE('',#8052,#8051);
#8054=CURVE_STYLE('',#35,POSITIVE_LENGTH_MEASURE(2.E-2),#3);
#8055=PRESENTATION_STYLE_ASSIGNMENT((#8054));
#8056=STYLED_ITEM('',(#8055),#8053);
#8057=DIRECTION('',(0.E0,0.E0,1.E0));
#8058=VECTOR('',#8057,2.81E-1);
#8059=CARTESIAN_POINT('',(-3.8E-1,0.E0,-2.E0));
#8060=LINE('',#8059,#8058);
#8061=CURVE_STYLE('',#35,POSITIVE_LENGTH_MEASURE(2.E-2),#3);
#8062=PRESENTATION_STYLE_ASSIGNMENT((#8061));
#8063=STYLED_ITEM('',(#8062),#8060);
#8064=CARTESIAN_POINT('',(-4.99E-1,0.E0,-1.719E0));
#8065=DIRECTION('',(0.E0,1.E0,0.E0));
#8066=DIRECTION('',(2.145809207259E-14,0.E0,1.E0));
#8067=AXIS2_PLACEMENT_3D('',#8064,#8065,#8066);
#8069=CURVE_STYLE('',#35,POSITIVE_LENGTH_MEASURE(2.E-2),#3);
#8070=PRESENTATION_STYLE_ASSIGNMENT((#8069));
#8071=STYLED_ITEM('',(#8070),#8068);
#8072=DIRECTION('',(1.E0,0.E0,0.E0));
#8073=VECTOR('',#8072,2.000000000002E-3);
#8074=CARTESIAN_POINT('',(-5.01E-1,0.E0,-1.6E0));
#8075=LINE('',#8074,#8073);
#8076=CURVE_STYLE('',#35,POSITIVE_LENGTH_MEASURE(2.E-2),#3);
#8077=PRESENTATION_STYLE_ASSIGNMENT((#8076));
#8078=STYLED_ITEM('',(#8077),#8075);
#8079=CARTESIAN_POINT('',(-5.01E-1,0.E0,-1.719E0));
#8080=DIRECTION('',(0.E0,1.E0,0.E0));
#8081=DIRECTION('',(-1.E0,0.E0,0.E0));
#8082=AXIS2_PLACEMENT_3D('',#8079,#8080,#8081);
#8084=CURVE_STYLE('',#35,POSITIVE_LENGTH_MEASURE(2.E-2),#3);
#8085=PRESENTATION_STYLE_ASSIGNMENT((#8084));
#8086=STYLED_ITEM('',(#8085),#8083);
#8087=DIRECTION('',(0.E0,0.E0,1.E0));
#8088=VECTOR('',#8087,2.81E-1);
#8089=CARTESIAN_POINT('',(-6.2E-1,0.E0,-2.E0));
#8090=LINE('',#8089,#8088);
#8091=CURVE_STYLE('',#35,POSITIVE_LENGTH_MEASURE(2.E-2),#3);
#8092=PRESENTATION_STYLE_ASSIGNMENT((#8091));
#8093=STYLED_ITEM('',(#8092),#8090);
#8094=DIRECTION('',(-1.E0,0.E0,0.E0));
#8095=VECTOR('',#8094,2.6E-1);
#8096=CARTESIAN_POINT('',(-6.2E-1,0.E0,-2.E0));
#8097=LINE('',#8096,#8095);
#8098=CURVE_STYLE('',#35,POSITIVE_LENGTH_MEASURE(2.E-2),#3);
#8099=PRESENTATION_STYLE_ASSIGNMENT((#8098));
#8100=STYLED_ITEM('',(#8099),#8097);
#8101=DIRECTION('',(0.E0,0.E0,1.E0));
#8102=VECTOR('',#8101,2.81E-1);
#8103=CARTESIAN_POINT('',(-8.8E-1,0.E0,-2.E0));
#8104=LINE('',#8103,#8102);
#8105=CURVE_STYLE('',#35,POSITIVE_LENGTH_MEASURE(2.E-2),#3);
#8106=PRESENTATION_STYLE_ASSIGNMENT((#8105));
#8107=STYLED_ITEM('',(#8106),#8104);
#8108=CARTESIAN_POINT('',(-9.99E-1,0.E0,-1.719E0));
#8109=DIRECTION('',(0.E0,1.E0,0.E0));
#8110=DIRECTION('',(2.145809207259E-14,0.E0,1.E0));
#8111=AXIS2_PLACEMENT_3D('',#8108,#8109,#8110);
#8113=CURVE_STYLE('',#35,POSITIVE_LENGTH_MEASURE(2.E-2),#3);
#8114=PRESENTATION_STYLE_ASSIGNMENT((#8113));
#8115=STYLED_ITEM('',(#8114),#8112);
#8116=DIRECTION('',(1.E0,0.E0,0.E0));
#8117=VECTOR('',#8116,2.000000000002E-3);
#8118=CARTESIAN_POINT('',(-1.001E0,0.E0,-1.6E0));
#8119=LINE('',#8118,#8117);
#8120=CURVE_STYLE('',#35,POSITIVE_LENGTH_MEASURE(2.E-2),#3);
#8121=PRESENTATION_STYLE_ASSIGNMENT((#8120));
#8122=STYLED_ITEM('',(#8121),#8119);
#8123=CARTESIAN_POINT('',(-1.001E0,0.E0,-1.719E0));
#8124=DIRECTION('',(0.E0,1.E0,0.E0));
#8125=DIRECTION('',(-1.E0,0.E0,0.E0));
#8126=AXIS2_PLACEMENT_3D('',#8123,#8124,#8125);
#8128=CURVE_STYLE('',#35,POSITIVE_LENGTH_MEASURE(2.E-2),#3);
#8129=PRESENTATION_STYLE_ASSIGNMENT((#8128));
#8130=STYLED_ITEM('',(#8129),#8127);
#8131=DIRECTION('',(0.E0,0.E0,1.E0));
#8132=VECTOR('',#8131,2.81E-1);
#8133=CARTESIAN_POINT('',(-1.12E0,0.E0,-2.E0));
#8134=LINE('',#8133,#8132);
#8135=CURVE_STYLE('',#35,POSITIVE_LENGTH_MEASURE(2.E-2),#3);
#8136=PRESENTATION_STYLE_ASSIGNMENT((#8135));
#8137=STYLED_ITEM('',(#8136),#8134);
#8138=DIRECTION('',(-1.E0,0.E0,0.E0));
#8139=VECTOR('',#8138,8.8E-1);
#8140=CARTESIAN_POINT('',(-1.12E0,0.E0,-2.E0));
#8141=LINE('',#8140,#8139);
#8142=CURVE_STYLE('',#35,POSITIVE_LENGTH_MEASURE(2.E-2),#3);
#8143=PRESENTATION_STYLE_ASSIGNMENT((#8142));
#8144=STYLED_ITEM('',(#8143),#8141);
#8145=DIRECTION('',(0.E0,0.E0,1.E0));
#8146=VECTOR('',#8145,8.8E-1);
#8147=CARTESIAN_POINT('',(-2.E0,0.E0,-2.E0));
#8148=LINE('',#8147,#8146);
#8149=CURVE_STYLE('',#35,POSITIVE_LENGTH_MEASURE(2.E-2),#3);
#8150=PRESENTATION_STYLE_ASSIGNMENT((#8149));
#8151=STYLED_ITEM('',(#8150),#8148);
#8152=DIRECTION('',(1.E0,0.E0,0.E0));
#8153=VECTOR('',#8152,2.81E-1);
#8154=CARTESIAN_POINT('',(-2.E0,0.E0,-1.12E0));
#8155=LINE('',#8154,#8153);
#8156=CURVE_STYLE('',#35,POSITIVE_LENGTH_MEASURE(2.E-2),#3);
#8157=PRESENTATION_STYLE_ASSIGNMENT((#8156));
#8158=STYLED_ITEM('',(#8157),#8155);
#8159=CARTESIAN_POINT('',(-1.719E0,0.E0,-1.001E0));
#8160=DIRECTION('',(0.E0,1.E0,0.E0));
#8161=DIRECTION('',(1.E0,0.E0,2.052513154769E-14));
#8162=AXIS2_PLACEMENT_3D('',#8159,#8160,#8161);
#8164=CURVE_STYLE('',#35,POSITIVE_LENGTH_MEASURE(2.E-2),#3);
#8165=PRESENTATION_STYLE_ASSIGNMENT((#8164));
#8166=STYLED_ITEM('',(#8165),#8163);
#8167=DIRECTION('',(0.E0,0.E0,-1.E0));
#8168=VECTOR('',#8167,1.999999999999E-3);
#8169=CARTESIAN_POINT('',(-1.6E0,0.E0,-9.99E-1));
#8170=LINE('',#8169,#8168);
#8171=CURVE_STYLE('',#35,POSITIVE_LENGTH_MEASURE(2.E-2),#3);
#8172=PRESENTATION_STYLE_ASSIGNMENT((#8171));
#8173=STYLED_ITEM('',(#8172),#8170);
#8174=CARTESIAN_POINT('',(-1.719E0,0.E0,-9.99E-1));
#8175=DIRECTION('',(0.E0,1.E0,0.E0));
#8176=DIRECTION('',(0.E0,0.E0,1.E0));
#8177=AXIS2_PLACEMENT_3D('',#8174,#8175,#8176);
#8179=CURVE_STYLE('',#35,POSITIVE_LENGTH_MEASURE(2.E-2),#3);
#8180=PRESENTATION_STYLE_ASSIGNMENT((#8179));
#8181=STYLED_ITEM('',(#8180),#8178);
#8182=DIRECTION('',(0.E0,0.E0,1.E0));
#8183=VECTOR('',#8182,1.95E0);
#8184=CARTESIAN_POINT('',(-1.125E0,0.E0,-8.25E-1));
#8185=LINE('',#8184,#8183);
#8186=CURVE_STYLE('',#35,POSITIVE_LENGTH_MEASURE(2.E-2),#3);
#8187=PRESENTATION_STYLE_ASSIGNMENT((#8186));
#8188=STYLED_ITEM('',(#8187),#8185);
#8189=DIRECTION('',(7.071067811865E-1,0.E0,-7.071067811865E-1));
#8190=VECTOR('',#8189,4.242640687119E-1);
#8191=CARTESIAN_POINT('',(-1.125E0,0.E0,-8.25E-1));
#8192=LINE('',#8191,#8190);
#8193=CURVE_STYLE('',#35,POSITIVE_LENGTH_MEASURE(2.E-2),#3);
#8194=PRESENTATION_STYLE_ASSIGNMENT((#8193));
#8195=STYLED_ITEM('',(#8194),#8192);
#8196=DIRECTION('',(-1.E0,0.E0,0.E0));
#8197=VECTOR('',#8196,1.95E0);
#8198=CARTESIAN_POINT('',(1.125E0,0.E0,-1.125E0));
#8199=LINE('',#8198,#8197);
#8200=CURVE_STYLE('',#35,POSITIVE_LENGTH_MEASURE(2.E-2),#3);
#8201=PRESENTATION_STYLE_ASSIGNMENT((#8200));
#8202=STYLED_ITEM('',(#8201),#8199);
#8203=DIRECTION('',(0.E0,0.E0,-1.E0));
#8204=VECTOR('',#8203,2.25E0);
#8205=CARTESIAN_POINT('',(1.125E0,0.E0,1.125E0));
#8206=LINE('',#8205,#8204);
#8207=CURVE_STYLE('',#35,POSITIVE_LENGTH_MEASURE(2.E-2),#3);
#8208=PRESENTATION_STYLE_ASSIGNMENT((#8207));
#8209=STYLED_ITEM('',(#8208),#8206);
#8210=DIRECTION('',(1.E0,0.E0,0.E0));
#8211=VECTOR('',#8210,2.25E0);
#8212=CARTESIAN_POINT('',(-1.125E0,0.E0,1.125E0));
#8213=LINE('',#8212,#8211);
#8214=CURVE_STYLE('',#35,POSITIVE_LENGTH_MEASURE(2.E-2),#3);
#8215=PRESENTATION_STYLE_ASSIGNMENT((#8214));
#8216=STYLED_ITEM('',(#8215),#8213);
#8217=DIRECTION('',(0.E0,1.E0,0.E0));
#8218=VECTOR('',#8217,1.75E-1);
#8219=CARTESIAN_POINT('',(-1.719E0,0.E0,-8.8E-1));
#8220=LINE('',#8219,#8218);
#8221=CURVE_STYLE('',#35,POSITIVE_LENGTH_MEASURE(2.E-2),#3);
#8222=PRESENTATION_STYLE_ASSIGNMENT((#8221));
#8223=STYLED_ITEM('',(#8222),#8220);
#8224=DIRECTION('',(0.E0,1.E0,0.E0));
#8225=VECTOR('',#8224,1.75E-1);
#8226=CARTESIAN_POINT('',(-1.6E0,0.E0,-9.99E-1));
#8227=LINE('',#8226,#8225);
#8228=CURVE_STYLE('',#35,POSITIVE_LENGTH_MEASURE(2.E-2),#3);
#8229=PRESENTATION_STYLE_ASSIGNMENT((#8228));
#8230=STYLED_ITEM('',(#8229),#8227);
#8231=DIRECTION('',(0.E0,1.E0,0.E0));
#8232=VECTOR('',#8231,1.75E-1);
#8233=CARTESIAN_POINT('',(-1.6E0,0.E0,-1.001E0));
#8234=LINE('',#8233,#8232);
#8235=CURVE_STYLE('',#35,POSITIVE_LENGTH_MEASURE(2.E-2),#3);
#8236=PRESENTATION_STYLE_ASSIGNMENT((#8235));
#8237=STYLED_ITEM('',(#8236),#8234);
#8238=DIRECTION('',(0.E0,1.E0,0.E0));
#8239=VECTOR('',#8238,1.75E-1);
#8240=CARTESIAN_POINT('',(-1.719E0,0.E0,-1.12E0));
#8241=LINE('',#8240,#8239);
#8242=CURVE_STYLE('',#35,POSITIVE_LENGTH_MEASURE(2.E-2),#3);
#8243=PRESENTATION_STYLE_ASSIGNMENT((#8242));
#8244=STYLED_ITEM('',(#8243),#8241);
#8245=DIRECTION('',(0.E0,0.E0,-1.E0));
#8246=VECTOR('',#8245,2.4E-1);
#8247=CARTESIAN_POINT('',(-2.E0,1.75E-1,-8.8E-1));
#8248=LINE('',#8247,#8246);
#8249=CURVE_STYLE('',#35,POSITIVE_LENGTH_MEASURE(2.E-2),#3);
#8250=PRESENTATION_STYLE_ASSIGNMENT((#8249));
#8251=STYLED_ITEM('',(#8250),#8248);
#8252=DIRECTION('',(0.E0,1.E0,0.E0));
#8253=VECTOR('',#8252,1.75E-1);
#8254=CARTESIAN_POINT('',(-2.E0,0.E0,-1.12E0));
#8255=LINE('',#8254,#8253);
#8256=CURVE_STYLE('',#35,POSITIVE_LENGTH_MEASURE(2.E-2),#3);
#8257=PRESENTATION_STYLE_ASSIGNMENT((#8256));
#8258=STYLED_ITEM('',(#8257),#8255);
#8259=DIRECTION('',(0.E0,1.E0,0.E0));
#8260=VECTOR('',#8259,7.75E-1);
#8261=CARTESIAN_POINT('',(-2.E0,0.E0,-2.E0));
#8262=LINE('',#8261,#8260);
#8263=CURVE_STYLE('',#35,POSITIVE_LENGTH_MEASURE(2.E-2),#3);
#8264=PRESENTATION_STYLE_ASSIGNMENT((#8263));
#8265=STYLED_ITEM('',(#8264),#8262);
#8266=DIRECTION('',(0.E0,1.E0,0.E0));
#8267=VECTOR('',#8266,1.75E-1);
#8268=CARTESIAN_POINT('',(-2.E0,0.E0,1.12E0));
#8269=LINE('',#8268,#8267);
#8270=CURVE_STYLE('',#35,POSITIVE_LENGTH_MEASURE(2.E-2),#3);
#8271=PRESENTATION_STYLE_ASSIGNMENT((#8270));
#8272=STYLED_ITEM('',(#8271),#8269);
#8273=DIRECTION('',(0.E0,0.E0,-1.E0));
#8274=VECTOR('',#8273,2.4E-1);
#8275=CARTESIAN_POINT('',(-2.E0,1.75E-1,1.12E0));
#8276=LINE('',#8275,#8274);
#8277=CURVE_STYLE('',#35,POSITIVE_LENGTH_MEASURE(2.E-2),#3);
#8278=PRESENTATION_STYLE_ASSIGNMENT((#8277));
#8279=STYLED_ITEM('',(#8278),#8276);
#8280=DIRECTION('',(0.E0,1.E0,0.E0));
#8281=VECTOR('',#8280,1.75E-1);
#8282=CARTESIAN_POINT('',(-2.E0,0.E0,8.8E-1));
#8283=LINE('',#8282,#8281);
#8284=CURVE_STYLE('',#35,POSITIVE_LENGTH_MEASURE(2.E-2),#3);
#8285=PRESENTATION_STYLE_ASSIGNMENT((#8284));
#8286=STYLED_ITEM('',(#8285),#8283);
#8287=DIRECTION('',(0.E0,1.E0,0.E0));
#8288=VECTOR('',#8287,1.75E-1);
#8289=CARTESIAN_POINT('',(-2.E0,0.E0,6.2E-1));
#8290=LINE('',#8289,#8288);
#8291=CURVE_STYLE('',#35,POSITIVE_LENGTH_MEASURE(2.E-2),#3);
#8292=PRESENTATION_STYLE_ASSIGNMENT((#8291));
#8293=STYLED_ITEM('',(#8292),#8290);
#8294=DIRECTION('',(0.E0,0.E0,-1.E0));
#8295=VECTOR('',#8294,2.4E-1);
#8296=CARTESIAN_POINT('',(-2.E0,1.75E-1,6.2E-1));
#8297=LINE('',#8296,#8295);
#8298=CURVE_STYLE('',#35,POSITIVE_LENGTH_MEASURE(2.E-2),#3);
#8299=PRESENTATION_STYLE_ASSIGNMENT((#8298));
#8300=STYLED_ITEM('',(#8299),#8297);
#8301=DIRECTION('',(0.E0,1.E0,0.E0));
#8302=VECTOR('',#8301,1.75E-1);
#8303=CARTESIAN_POINT('',(-2.E0,0.E0,3.8E-1));
#8304=LINE('',#8303,#8302);
#8305=CURVE_STYLE('',#35,POSITIVE_LENGTH_MEASURE(2.E-2),#3);
#8306=PRESENTATION_STYLE_ASSIGNMENT((#8305));
#8307=STYLED_ITEM('',(#8306),#8304);
#8308=DIRECTION('',(0.E0,1.E0,0.E0));
#8309=VECTOR('',#8308,1.75E-1);
#8310=CARTESIAN_POINT('',(-2.E0,0.E0,1.2E-1));
#8311=LINE('',#8310,#8309);
#8312=CURVE_STYLE('',#35,POSITIVE_LENGTH_MEASURE(2.E-2),#3);
#8313=PRESENTATION_STYLE_ASSIGNMENT((#8312));
#8314=STYLED_ITEM('',(#8313),#8311);
#8315=DIRECTION('',(0.E0,0.E0,-1.E0));
#8316=VECTOR('',#8315,2.4E-1);
#8317=CARTESIAN_POINT('',(-2.E0,1.75E-1,1.2E-1));
#8318=LINE('',#8317,#8316);
#8319=CURVE_STYLE('',#35,POSITIVE_LENGTH_MEASURE(2.E-2),#3);
#8320=PRESENTATION_STYLE_ASSIGNMENT((#8319));
#8321=STYLED_ITEM('',(#8320),#8318);
#8322=DIRECTION('',(0.E0,1.E0,0.E0));
#8323=VECTOR('',#8322,1.75E-1);
#8324=CARTESIAN_POINT('',(-2.E0,0.E0,-1.2E-1));
#8325=LINE('',#8324,#8323);
#8326=CURVE_STYLE('',#35,POSITIVE_LENGTH_MEASURE(2.E-2),#3);
#8327=PRESENTATION_STYLE_ASSIGNMENT((#8326));
#8328=STYLED_ITEM('',(#8327),#8325);
#8329=DIRECTION('',(0.E0,1.E0,0.E0));
#8330=VECTOR('',#8329,1.75E-1);
#8331=CARTESIAN_POINT('',(-2.E0,0.E0,-3.8E-1));
#8332=LINE('',#8331,#8330);
#8333=CURVE_STYLE('',#35,POSITIVE_LENGTH_MEASURE(2.E-2),#3);
#8334=PRESENTATION_STYLE_ASSIGNMENT((#8333));
#8335=STYLED_ITEM('',(#8334),#8332);
#8336=DIRECTION('',(0.E0,0.E0,-1.E0));
#8337=VECTOR('',#8336,2.4E-1);
#8338=CARTESIAN_POINT('',(-2.E0,1.75E-1,-3.8E-1));
#8339=LINE('',#8338,#8337);
#8340=CURVE_STYLE('',#35,POSITIVE_LENGTH_MEASURE(2.E-2),#3);
#8341=PRESENTATION_STYLE_ASSIGNMENT((#8340));
#8342=STYLED_ITEM('',(#8341),#8339);
#8343=DIRECTION('',(0.E0,1.E0,0.E0));
#8344=VECTOR('',#8343,1.75E-1);
#8345=CARTESIAN_POINT('',(-2.E0,0.E0,-6.2E-1));
#8346=LINE('',#8345,#8344);
#8347=CURVE_STYLE('',#35,POSITIVE_LENGTH_MEASURE(2.E-2),#3);
#8348=PRESENTATION_STYLE_ASSIGNMENT((#8347));
#8349=STYLED_ITEM('',(#8348),#8346);
#8350=DIRECTION('',(0.E0,1.E0,0.E0));
#8351=VECTOR('',#8350,1.75E-1);
#8352=CARTESIAN_POINT('',(-2.E0,0.E0,-8.8E-1));
#8353=LINE('',#8352,#8351);
#8354=CURVE_STYLE('',#35,POSITIVE_LENGTH_MEASURE(2.E-2),#3);
#8355=PRESENTATION_STYLE_ASSIGNMENT((#8354));
#8356=STYLED_ITEM('',(#8355),#8353);
#8357=DIRECTION('',(0.E0,0.E0,1.E0));
#8358=VECTOR('',#8357,1.5E-1);
#8359=CARTESIAN_POINT('',(-2.E0,7.5E-2,-1.875E0));
#8360=LINE('',#8359,#8358);
#8361=CURVE_STYLE('',#35,POSITIVE_LENGTH_MEASURE(2.E-2),#3);
#8362=PRESENTATION_STYLE_ASSIGNMENT((#8361));
#8363=STYLED_ITEM('',(#8362),#8360);
#8364=DIRECTION('',(0.E0,1.E0,0.E0));
#8365=VECTOR('',#8364,1.E-1);
#8366=CARTESIAN_POINT('',(-2.E0,7.5E-2,-1.725E0));
#8367=LINE('',#8366,#8365);
#8368=CURVE_STYLE('',#35,POSITIVE_LENGTH_MEASURE(2.E-2),#3);
#8369=PRESENTATION_STYLE_ASSIGNMENT((#8368));
#8370=STYLED_ITEM('',(#8369),#8367);
#8371=DIRECTION('',(0.E0,0.E0,1.E0));
#8372=VECTOR('',#8371,1.5E-1);
#8373=CARTESIAN_POINT('',(-2.E0,1.75E-1,-1.875E0));
#8374=LINE('',#8373,#8372);
#8375=CURVE_STYLE('',#35,POSITIVE_LENGTH_MEASURE(2.E-2),#3);
#8376=PRESENTATION_STYLE_ASSIGNMENT((#8375));
#8377=STYLED_ITEM('',(#8376),#8374);
#8378=DIRECTION('',(0.E0,1.E0,0.E0));
#8379=VECTOR('',#8378,1.E-1);
#8380=CARTESIAN_POINT('',(-2.E0,7.5E-2,-1.875E0));
#8381=LINE('',#8380,#8379);
#8382=CURVE_STYLE('',#35,POSITIVE_LENGTH_MEASURE(2.E-2),#3);
#8383=PRESENTATION_STYLE_ASSIGNMENT((#8382));
#8384=STYLED_ITEM('',(#8383),#8381);
#8385=DIRECTION('',(0.E0,0.E0,1.E0));
#8386=VECTOR('',#8385,1.5E-1);
#8387=CARTESIAN_POINT('',(-2.E0,7.5E-2,1.725E0));
#8388=LINE('',#8387,#8386);
#8389=CURVE_STYLE('',#35,POSITIVE_LENGTH_MEASURE(2.E-2),#3);
#8390=PRESENTATION_STYLE_ASSIGNMENT((#8389));
#8391=STYLED_ITEM('',(#8390),#8388);
#8392=DIRECTION('',(0.E0,1.E0,0.E0));
#8393=VECTOR('',#8392,1.E-1);
#8394=CARTESIAN_POINT('',(-2.E0,7.5E-2,1.875E0));
#8395=LINE('',#8394,#8393);
#8396=CURVE_STYLE('',#35,POSITIVE_LENGTH_MEASURE(2.E-2),#3);
#8397=PRESENTATION_STYLE_ASSIGNMENT((#8396));
#8398=STYLED_ITEM('',(#8397),#8395);
#8399=DIRECTION('',(0.E0,0.E0,1.E0));
#8400=VECTOR('',#8399,1.5E-1);
#8401=CARTESIAN_POINT('',(-2.E0,1.75E-1,1.725E0));
#8402=LINE('',#8401,#8400);
#8403=CURVE_STYLE('',#35,POSITIVE_LENGTH_MEASURE(2.E-2),#3);
#8404=PRESENTATION_STYLE_ASSIGNMENT((#8403));
#8405=STYLED_ITEM('',(#8404),#8402);
#8406=DIRECTION('',(0.E0,1.E0,0.E0));
#8407=VECTOR('',#8406,1.E-1);
#8408=CARTESIAN_POINT('',(-2.E0,7.5E-2,1.725E0));
#8409=LINE('',#8408,#8407);
#8410=CURVE_STYLE('',#35,POSITIVE_LENGTH_MEASURE(2.E-2),#3);
#8411=PRESENTATION_STYLE_ASSIGNMENT((#8410));
#8412=STYLED_ITEM('',(#8411),#8409);
#8413=DIRECTION('',(1.E0,0.E0,0.E0));
#8414=VECTOR('',#8413,2.81E-1);
#8415=CARTESIAN_POINT('',(-2.E0,1.75E-1,-8.8E-1));
#8416=LINE('',#8415,#8414);
#8417=CURVE_STYLE('',#35,POSITIVE_LENGTH_MEASURE(2.E-2),#3);
#8418=PRESENTATION_STYLE_ASSIGNMENT((#8417));
#8419=STYLED_ITEM('',(#8418),#8416);
#8420=CARTESIAN_POINT('',(-1.719E0,1.75E-1,-9.99E-1));
#8421=DIRECTION('',(0.E0,1.E0,0.E0));
#8422=DIRECTION('',(0.E0,0.E0,1.E0));
#8423=AXIS2_PLACEMENT_3D('',#8420,#8421,#8422);
#8425=CURVE_STYLE('',#35,POSITIVE_LENGTH_MEASURE(2.E-2),#3);
#8426=PRESENTATION_STYLE_ASSIGNMENT((#8425));
#8427=STYLED_ITEM('',(#8426),#8424);
#8428=DIRECTION('',(0.E0,0.E0,-1.E0));
#8429=VECTOR('',#8428,2.E-3);
#8430=CARTESIAN_POINT('',(-1.6E0,1.75E-1,-9.99E-1));
#8431=LINE('',#8430,#8429);
#8432=CURVE_STYLE('',#35,POSITIVE_LENGTH_MEASURE(2.E-2),#3);
#8433=PRESENTATION_STYLE_ASSIGNMENT((#8432));
#8434=STYLED_ITEM('',(#8433),#8431);
#8435=CARTESIAN_POINT('',(-1.719E0,1.75E-1,-1.001E0));
#8436=DIRECTION('',(0.E0,1.E0,0.E0));
#8437=DIRECTION('',(1.E0,0.E0,0.E0));
#8438=AXIS2_PLACEMENT_3D('',#8435,#8436,#8437);
#8440=CURVE_STYLE('',#35,POSITIVE_LENGTH_MEASURE(2.E-2),#3);
#8441=PRESENTATION_STYLE_ASSIGNMENT((#8440));
#8442=STYLED_ITEM('',(#8441),#8439);
#8443=DIRECTION('',(-1.E0,0.E0,0.E0));
#8444=VECTOR('',#8443,2.81E-1);
#8445=CARTESIAN_POINT('',(-1.719E0,1.75E-1,-1.12E0));
#8446=LINE('',#8445,#8444);
#8447=CURVE_STYLE('',#35,POSITIVE_LENGTH_MEASURE(2.E-2),#3);
#8448=PRESENTATION_STYLE_ASSIGNMENT((#8447));
#8449=STYLED_ITEM('',(#8448),#8446);
#8450=DIRECTION('',(0.E0,1.E0,0.E0));
#8451=VECTOR('',#8450,1.75E-1);
#8452=CARTESIAN_POINT('',(-1.12E0,0.E0,-2.E0));
#8453=LINE('',#8452,#8451);
#8454=CURVE_STYLE('',#35,POSITIVE_LENGTH_MEASURE(2.E-2),#3);
#8455=PRESENTATION_STYLE_ASSIGNMENT((#8454));
#8456=STYLED_ITEM('',(#8455),#8453);
#8457=DIRECTION('',(1.E0,0.E0,0.E0));
#8458=VECTOR('',#8457,2.4E-1);
#8459=CARTESIAN_POINT('',(-1.12E0,1.75E-1,-2.E0));
#8460=LINE('',#8459,#8458);
#8461=CURVE_STYLE('',#35,POSITIVE_LENGTH_MEASURE(2.E-2),#3);
#8462=PRESENTATION_STYLE_ASSIGNMENT((#8461));
#8463=STYLED_ITEM('',(#8462),#8460);
#8464=DIRECTION('',(0.E0,1.E0,0.E0));
#8465=VECTOR('',#8464,1.75E-1);
#8466=CARTESIAN_POINT('',(-8.8E-1,0.E0,-2.E0));
#8467=LINE('',#8466,#8465);
#8468=CURVE_STYLE('',#35,POSITIVE_LENGTH_MEASURE(2.E-2),#3);
#8469=PRESENTATION_STYLE_ASSIGNMENT((#8468));
#8470=STYLED_ITEM('',(#8469),#8467);
#8471=DIRECTION('',(0.E0,1.E0,0.E0));
#8472=VECTOR('',#8471,1.75E-1);
#8473=CARTESIAN_POINT('',(-6.2E-1,0.E0,-2.E0));
#8474=LINE('',#8473,#8472);
#8475=CURVE_STYLE('',#35,POSITIVE_LENGTH_MEASURE(2.E-2),#3);
#8476=PRESENTATION_STYLE_ASSIGNMENT((#8475));
#8477=STYLED_ITEM('',(#8476),#8474);
#8478=DIRECTION('',(1.E0,0.E0,0.E0));
#8479=VECTOR('',#8478,2.4E-1);
#8480=CARTESIAN_POINT('',(-6.2E-1,1.75E-1,-2.E0));
#8481=LINE('',#8480,#8479);
#8482=CURVE_STYLE('',#35,POSITIVE_LENGTH_MEASURE(2.E-2),#3);
#8483=PRESENTATION_STYLE_ASSIGNMENT((#8482));
#8484=STYLED_ITEM('',(#8483),#8481);
#8485=DIRECTION('',(0.E0,1.E0,0.E0));
#8486=VECTOR('',#8485,1.75E-1);
#8487=CARTESIAN_POINT('',(-3.8E-1,0.E0,-2.E0));
#8488=LINE('',#8487,#8486);
#8489=CURVE_STYLE('',#35,POSITIVE_LENGTH_MEASURE(2.E-2),#3);
#8490=PRESENTATION_STYLE_ASSIGNMENT((#8489));
#8491=STYLED_ITEM('',(#8490),#8488);
#8492=DIRECTION('',(0.E0,1.E0,0.E0));
#8493=VECTOR('',#8492,1.75E-1);
#8494=CARTESIAN_POINT('',(-1.2E-1,0.E0,-2.E0));
#8495=LINE('',#8494,#8493);
#8496=CURVE_STYLE('',#35,POSITIVE_LENGTH_MEASURE(2.E-2),#3);
#8497=PRESENTATION_STYLE_ASSIGNMENT((#8496));
#8498=STYLED_ITEM('',(#8497),#8495);
#8499=DIRECTION('',(1.E0,0.E0,0.E0));
#8500=VECTOR('',#8499,2.4E-1);
#8501=CARTESIAN_POINT('',(-1.2E-1,1.75E-1,-2.E0));
#8502=LINE('',#8501,#8500);
#8503=CURVE_STYLE('',#35,POSITIVE_LENGTH_MEASURE(2.E-2),#3);
#8504=PRESENTATION_STYLE_ASSIGNMENT((#8503));
#8505=STYLED_ITEM('',(#8504),#8502);
#8506=DIRECTION('',(0.E0,1.E0,0.E0));
#8507=VECTOR('',#8506,1.75E-1);
#8508=CARTESIAN_POINT('',(1.2E-1,0.E0,-2.E0));
#8509=LINE('',#8508,#8507);
#8510=CURVE_STYLE('',#35,POSITIVE_LENGTH_MEASURE(2.E-2),#3);
#8511=PRESENTATION_STYLE_ASSIGNMENT((#8510));
#8512=STYLED_ITEM('',(#8511),#8509);
#8513=DIRECTION('',(0.E0,1.E0,0.E0));
#8514=VECTOR('',#8513,1.75E-1);
#8515=CARTESIAN_POINT('',(3.8E-1,0.E0,-2.E0));
#8516=LINE('',#8515,#8514);
#8517=CURVE_STYLE('',#35,POSITIVE_LENGTH_MEASURE(2.E-2),#3);
#8518=PRESENTATION_STYLE_ASSIGNMENT((#8517));
#8519=STYLED_ITEM('',(#8518),#8516);
#8520=DIRECTION('',(1.E0,0.E0,0.E0));
#8521=VECTOR('',#8520,2.4E-1);
#8522=CARTESIAN_POINT('',(3.8E-1,1.75E-1,-2.E0));
#8523=LINE('',#8522,#8521);
#8524=CURVE_STYLE('',#35,POSITIVE_LENGTH_MEASURE(2.E-2),#3);
#8525=PRESENTATION_STYLE_ASSIGNMENT((#8524));
#8526=STYLED_ITEM('',(#8525),#8523);
#8527=DIRECTION('',(0.E0,1.E0,0.E0));
#8528=VECTOR('',#8527,1.75E-1);
#8529=CARTESIAN_POINT('',(6.2E-1,0.E0,-2.E0));
#8530=LINE('',#8529,#8528);
#8531=CURVE_STYLE('',#35,POSITIVE_LENGTH_MEASURE(2.E-2),#3);
#8532=PRESENTATION_STYLE_ASSIGNMENT((#8531));
#8533=STYLED_ITEM('',(#8532),#8530);
#8534=DIRECTION('',(0.E0,1.E0,0.E0));
#8535=VECTOR('',#8534,1.75E-1);
#8536=CARTESIAN_POINT('',(8.8E-1,0.E0,-2.E0));
#8537=LINE('',#8536,#8535);
#8538=CURVE_STYLE('',#35,POSITIVE_LENGTH_MEASURE(2.E-2),#3);
#8539=PRESENTATION_STYLE_ASSIGNMENT((#8538));
#8540=STYLED_ITEM('',(#8539),#8537);
#8541=DIRECTION('',(1.E0,0.E0,0.E0));
#8542=VECTOR('',#8541,2.4E-1);
#8543=CARTESIAN_POINT('',(8.8E-1,1.75E-1,-2.E0));
#8544=LINE('',#8543,#8542);
#8545=CURVE_STYLE('',#35,POSITIVE_LENGTH_MEASURE(2.E-2),#3);
#8546=PRESENTATION_STYLE_ASSIGNMENT((#8545));
#8547=STYLED_ITEM('',(#8546),#8544);
#8548=DIRECTION('',(0.E0,1.E0,0.E0));
#8549=VECTOR('',#8548,1.75E-1);
#8550=CARTESIAN_POINT('',(1.12E0,0.E0,-2.E0));
#8551=LINE('',#8550,#8549);
#8552=CURVE_STYLE('',#35,POSITIVE_LENGTH_MEASURE(2.E-2),#3);
#8553=PRESENTATION_STYLE_ASSIGNMENT((#8552));
#8554=STYLED_ITEM('',(#8553),#8551);
#8555=DIRECTION('',(0.E0,1.E0,0.E0));
#8556=VECTOR('',#8555,7.75E-1);
#8557=CARTESIAN_POINT('',(2.E0,0.E0,-2.E0));
#8558=LINE('',#8557,#8556);
#8559=CURVE_STYLE('',#35,POSITIVE_LENGTH_MEASURE(2.E-2),#3);
#8560=PRESENTATION_STYLE_ASSIGNMENT((#8559));
#8561=STYLED_ITEM('',(#8560),#8558);
#8562=DIRECTION('',(-1.E0,0.E0,0.E0));
#8563=VECTOR('',#8562,1.5E-1);
#8564=CARTESIAN_POINT('',(1.875E0,7.5E-2,-2.E0));
#8565=LINE('',#8564,#8563);
#8566=CURVE_STYLE('',#35,POSITIVE_LENGTH_MEASURE(2.E-2),#3);
#8567=PRESENTATION_STYLE_ASSIGNMENT((#8566));
#8568=STYLED_ITEM('',(#8567),#8565);
#8569=DIRECTION('',(0.E0,1.E0,0.E0));
#8570=VECTOR('',#8569,1.E-1);
#8571=CARTESIAN_POINT('',(1.725E0,7.5E-2,-2.E0));
#8572=LINE('',#8571,#8570);
#8573=CURVE_STYLE('',#35,POSITIVE_LENGTH_MEASURE(2.E-2),#3);
#8574=PRESENTATION_STYLE_ASSIGNMENT((#8573));
#8575=STYLED_ITEM('',(#8574),#8572);
#8576=DIRECTION('',(-1.E0,0.E0,0.E0));
#8577=VECTOR('',#8576,1.5E-1);
#8578=CARTESIAN_POINT('',(1.875E0,1.75E-1,-2.E0));
#8579=LINE('',#8578,#8577);
#8580=CURVE_STYLE('',#35,POSITIVE_LENGTH_MEASURE(2.E-2),#3);
#8581=PRESENTATION_STYLE_ASSIGNMENT((#8580));
#8582=STYLED_ITEM('',(#8581),#8579);
#8583=DIRECTION('',(0.E0,1.E0,0.E0));
#8584=VECTOR('',#8583,1.E-1);
#8585=CARTESIAN_POINT('',(1.875E0,7.5E-2,-2.E0));
#8586=LINE('',#8585,#8584);
#8587=CURVE_STYLE('',#35,POSITIVE_LENGTH_MEASURE(2.E-2),#3);
#8588=PRESENTATION_STYLE_ASSIGNMENT((#8587));
#8589=STYLED_ITEM('',(#8588),#8586);
#8590=DIRECTION('',(-1.E0,0.E0,0.E0));
#8591=VECTOR('',#8590,1.5E-1);
#8592=CARTESIAN_POINT('',(-1.725E0,7.5E-2,-2.E0));
#8593=LINE('',#8592,#8591);
#8594=CURVE_STYLE('',#35,POSITIVE_LENGTH_MEASURE(2.E-2),#3);
#8595=PRESENTATION_STYLE_ASSIGNMENT((#8594));
#8596=STYLED_ITEM('',(#8595),#8593);
#8597=DIRECTION('',(0.E0,1.E0,0.E0));
#8598=VECTOR('',#8597,1.E-1);
#8599=CARTESIAN_POINT('',(-1.875E0,7.5E-2,-2.E0));
#8600=LINE('',#8599,#8598);
#8601=CURVE_STYLE('',#35,POSITIVE_LENGTH_MEASURE(2.E-2),#3);
#8602=PRESENTATION_STYLE_ASSIGNMENT((#8601));
#8603=STYLED_ITEM('',(#8602),#8600);
#8604=DIRECTION('',(-1.E0,0.E0,0.E0));
#8605=VECTOR('',#8604,1.5E-1);
#8606=CARTESIAN_POINT('',(-1.725E0,1.75E-1,-2.E0));
#8607=LINE('',#8606,#8605);
#8608=CURVE_STYLE('',#35,POSITIVE_LENGTH_MEASURE(2.E-2),#3);
#8609=PRESENTATION_STYLE_ASSIGNMENT((#8608));
#8610=STYLED_ITEM('',(#8609),#8607);
#8611=DIRECTION('',(0.E0,1.E0,0.E0));
#8612=VECTOR('',#8611,1.E-1);
#8613=CARTESIAN_POINT('',(-1.725E0,7.5E-2,-2.E0));
#8614=LINE('',#8613,#8612);
#8615=CURVE_STYLE('',#35,POSITIVE_LENGTH_MEASURE(2.E-2),#3);
#8616=PRESENTATION_STYLE_ASSIGNMENT((#8615));
#8617=STYLED_ITEM('',(#8616),#8614);
#8618=DIRECTION('',(0.E0,1.E0,0.E0));
#8619=VECTOR('',#8618,1.75E-1);
#8620=CARTESIAN_POINT('',(-1.12E0,0.E0,-1.719E0));
#8621=LINE('',#8620,#8619);
#8622=CURVE_STYLE('',#35,POSITIVE_LENGTH_MEASURE(2.E-2),#3);
#8623=PRESENTATION_STYLE_ASSIGNMENT((#8622));
#8624=STYLED_ITEM('',(#8623),#8621);
#8625=DIRECTION('',(0.E0,1.E0,0.E0));
#8626=VECTOR('',#8625,1.75E-1);
#8627=CARTESIAN_POINT('',(-1.001E0,0.E0,-1.6E0));
#8628=LINE('',#8627,#8626);
#8629=CURVE_STYLE('',#35,POSITIVE_LENGTH_MEASURE(2.E-2),#3);
#8630=PRESENTATION_STYLE_ASSIGNMENT((#8629));
#8631=STYLED_ITEM('',(#8630),#8628);
#8632=DIRECTION('',(0.E0,1.E0,0.E0));
#8633=VECTOR('',#8632,1.75E-1);
#8634=CARTESIAN_POINT('',(-9.99E-1,0.E0,-1.6E0));
#8635=LINE('',#8634,#8633);
#8636=CURVE_STYLE('',#35,POSITIVE_LENGTH_MEASURE(2.E-2),#3);
#8637=PRESENTATION_STYLE_ASSIGNMENT((#8636));
#8638=STYLED_ITEM('',(#8637),#8635);
#8639=DIRECTION('',(0.E0,1.E0,0.E0));
#8640=VECTOR('',#8639,1.75E-1);
#8641=CARTESIAN_POINT('',(-8.8E-1,0.E0,-1.719E0));
#8642=LINE('',#8641,#8640);
#8643=CURVE_STYLE('',#35,POSITIVE_LENGTH_MEASURE(2.E-2),#3);
#8644=PRESENTATION_STYLE_ASSIGNMENT((#8643));
#8645=STYLED_ITEM('',(#8644),#8642);
#8646=DIRECTION('',(0.E0,0.E0,1.E0));
#8647=VECTOR('',#8646,2.81E-1);
#8648=CARTESIAN_POINT('',(-1.12E0,1.75E-1,-2.E0));
#8649=LINE('',#8648,#8647);
#8650=CURVE_STYLE('',#35,POSITIVE_LENGTH_MEASURE(2.E-2),#3);
#8651=PRESENTATION_STYLE_ASSIGNMENT((#8650));
#8652=STYLED_ITEM('',(#8651),#8649);
#8653=CARTESIAN_POINT('',(-1.001E0,1.75E-1,-1.719E0));
#8654=DIRECTION('',(0.E0,1.E0,0.E0));
#8655=DIRECTION('',(-1.E0,0.E0,0.E0));
#8656=AXIS2_PLACEMENT_3D('',#8653,#8654,#8655);
#8658=CURVE_STYLE('',#35,POSITIVE_LENGTH_MEASURE(2.E-2),#3);
#8659=PRESENTATION_STYLE_ASSIGNMENT((#8658));
#8660=STYLED_ITEM('',(#8659),#8657);
#8661=DIRECTION('',(1.E0,0.E0,-1.110223024625E-13));
#8662=VECTOR('',#8661,2.E-3);
#8663=CARTESIAN_POINT('',(-1.001E0,1.75E-1,-1.6E0));
#8664=LINE('',#8663,#8662);
#8665=CURVE_STYLE('',#35,POSITIVE_LENGTH_MEASURE(2.E-2),#3);
#8666=PRESENTATION_STYLE_ASSIGNMENT((#8665));
#8667=STYLED_ITEM('',(#8666),#8664);
#8668=CARTESIAN_POINT('',(-9.99E-1,1.75E-1,-1.719E0));
#8669=DIRECTION('',(0.E0,1.E0,0.E0));
#8670=DIRECTION('',(0.E0,0.E0,1.E0));
#8671=AXIS2_PLACEMENT_3D('',#8668,#8669,#8670);
#8673=CURVE_STYLE('',#35,POSITIVE_LENGTH_MEASURE(2.E-2),#3);
#8674=PRESENTATION_STYLE_ASSIGNMENT((#8673));
#8675=STYLED_ITEM('',(#8674),#8672);
#8676=DIRECTION('',(0.E0,0.E0,-1.E0));
#8677=VECTOR('',#8676,2.81E-1);
#8678=CARTESIAN_POINT('',(-8.8E-1,1.75E-1,-1.719E0));
#8679=LINE('',#8678,#8677);
#8680=CURVE_STYLE('',#35,POSITIVE_LENGTH_MEASURE(2.E-2),#3);
#8681=PRESENTATION_STYLE_ASSIGNMENT((#8680));
#8682=STYLED_ITEM('',(#8681),#8679);
#8683=DIRECTION('',(0.E0,1.E0,0.E0));
#8684=VECTOR('',#8683,1.75E-1);
#8685=CARTESIAN_POINT('',(-6.2E-1,0.E0,-1.719E0));
#8686=LINE('',#8685,#8684);
#8687=CURVE_STYLE('',#35,POSITIVE_LENGTH_MEASURE(2.E-2),#3);
#8688=PRESENTATION_STYLE_ASSIGNMENT((#8687));
#8689=STYLED_ITEM('',(#8688),#8686);
#8690=DIRECTION('',(0.E0,1.E0,0.E0));
#8691=VECTOR('',#8690,1.75E-1);
#8692=CARTESIAN_POINT('',(-5.01E-1,0.E0,-1.6E0));
#8693=LINE('',#8692,#8691);
#8694=CURVE_STYLE('',#35,POSITIVE_LENGTH_MEASURE(2.E-2),#3);
#8695=PRESENTATION_STYLE_ASSIGNMENT((#8694));
#8696=STYLED_ITEM('',(#8695),#8693);
#8697=DIRECTION('',(0.E0,1.E0,0.E0));
#8698=VECTOR('',#8697,1.75E-1);
#8699=CARTESIAN_POINT('',(-4.99E-1,0.E0,-1.6E0));
#8700=LINE('',#8699,#8698);
#8701=CURVE_STYLE('',#35,POSITIVE_LENGTH_MEASURE(2.E-2),#3);
#8702=PRESENTATION_STYLE_ASSIGNMENT((#8701));
#8703=STYLED_ITEM('',(#8702),#8700);
#8704=DIRECTION('',(0.E0,1.E0,0.E0));
#8705=VECTOR('',#8704,1.75E-1);
#8706=CARTESIAN_POINT('',(-3.8E-1,0.E0,-1.719E0));
#8707=LINE('',#8706,#8705);
#8708=CURVE_STYLE('',#35,POSITIVE_LENGTH_MEASURE(2.E-2),#3);
#8709=PRESENTATION_STYLE_ASSIGNMENT((#8708));
#8710=STYLED_ITEM('',(#8709),#8707);
#8711=DIRECTION('',(0.E0,0.E0,1.E0));
#8712=VECTOR('',#8711,2.81E-1);
#8713=CARTESIAN_POINT('',(-6.2E-1,1.75E-1,-2.E0));
#8714=LINE('',#8713,#8712);
#8715=CURVE_STYLE('',#35,POSITIVE_LENGTH_MEASURE(2.E-2),#3);
#8716=PRESENTATION_STYLE_ASSIGNMENT((#8715));
#8717=STYLED_ITEM('',(#8716),#8714);
#8718=CARTESIAN_POINT('',(-5.01E-1,1.75E-1,-1.719E0));
#8719=DIRECTION('',(0.E0,1.E0,0.E0));
#8720=DIRECTION('',(-1.E0,0.E0,0.E0));
#8721=AXIS2_PLACEMENT_3D('',#8718,#8719,#8720);
#8723=CURVE_STYLE('',#35,POSITIVE_LENGTH_MEASURE(2.E-2),#3);
#8724=PRESENTATION_STYLE_ASSIGNMENT((#8723));
#8725=STYLED_ITEM('',(#8724),#8722);
#8726=DIRECTION('',(1.E0,0.E0,-1.110223024625E-13));
#8727=VECTOR('',#8726,2.E-3);
#8728=CARTESIAN_POINT('',(-5.01E-1,1.75E-1,-1.6E0));
#8729=LINE('',#8728,#8727);
#8730=CURVE_STYLE('',#35,POSITIVE_LENGTH_MEASURE(2.E-2),#3);
#8731=PRESENTATION_STYLE_ASSIGNMENT((#8730));
#8732=STYLED_ITEM('',(#8731),#8729);
#8733=CARTESIAN_POINT('',(-4.99E-1,1.75E-1,-1.719E0));
#8734=DIRECTION('',(0.E0,1.E0,0.E0));
#8735=DIRECTION('',(0.E0,0.E0,1.E0));
#8736=AXIS2_PLACEMENT_3D('',#8733,#8734,#8735);
#8738=CURVE_STYLE('',#35,POSITIVE_LENGTH_MEASURE(2.E-2),#3);
#8739=PRESENTATION_STYLE_ASSIGNMENT((#8738));
#8740=STYLED_ITEM('',(#8739),#8737);
#8741=DIRECTION('',(0.E0,0.E0,-1.E0));
#8742=VECTOR('',#8741,2.81E-1);
#8743=CARTESIAN_POINT('',(-3.8E-1,1.75E-1,-1.719E0));
#8744=LINE('',#8743,#8742);
#8745=CURVE_STYLE('',#35,POSITIVE_LENGTH_MEASURE(2.E-2),#3);
#8746=PRESENTATION_STYLE_ASSIGNMENT((#8745));
#8747=STYLED_ITEM('',(#8746),#8744);
#8748=DIRECTION('',(0.E0,1.E0,0.E0));
#8749=VECTOR('',#8748,1.75E-1);
#8750=CARTESIAN_POINT('',(-1.2E-1,0.E0,-1.719E0));
#8751=LINE('',#8750,#8749);
#8752=CURVE_STYLE('',#35,POSITIVE_LENGTH_MEASURE(2.E-2),#3);
#8753=PRESENTATION_STYLE_ASSIGNMENT((#8752));
#8754=STYLED_ITEM('',(#8753),#8751);
#8755=DIRECTION('',(0.E0,1.E0,0.E0));
#8756=VECTOR('',#8755,1.75E-1);
#8757=CARTESIAN_POINT('',(-1.000000000001E-3,0.E0,-1.6E0));
#8758=LINE('',#8757,#8756);
#8759=CURVE_STYLE('',#35,POSITIVE_LENGTH_MEASURE(2.E-2),#3);
#8760=PRESENTATION_STYLE_ASSIGNMENT((#8759));
#8761=STYLED_ITEM('',(#8760),#8758);
#8762=DIRECTION('',(0.E0,1.E0,0.E0));
#8763=VECTOR('',#8762,1.75E-1);
#8764=CARTESIAN_POINT('',(1.000000000001E-3,0.E0,-1.6E0));
#8765=LINE('',#8764,#8763);
#8766=CURVE_STYLE('',#35,POSITIVE_LENGTH_MEASURE(2.E-2),#3);
#8767=PRESENTATION_STYLE_ASSIGNMENT((#8766));
#8768=STYLED_ITEM('',(#8767),#8765);
#8769=DIRECTION('',(0.E0,1.E0,0.E0));
#8770=VECTOR('',#8769,1.75E-1);
#8771=CARTESIAN_POINT('',(1.2E-1,0.E0,-1.719E0));
#8772=LINE('',#8771,#8770);
#8773=CURVE_STYLE('',#35,POSITIVE_LENGTH_MEASURE(2.E-2),#3);
#8774=PRESENTATION_STYLE_ASSIGNMENT((#8773));
#8775=STYLED_ITEM('',(#8774),#8772);
#8776=DIRECTION('',(0.E0,0.E0,1.E0));
#8777=VECTOR('',#8776,2.81E-1);
#8778=CARTESIAN_POINT('',(-1.2E-1,1.75E-1,-2.E0));
#8779=LINE('',#8778,#8777);
#8780=CURVE_STYLE('',#35,POSITIVE_LENGTH_MEASURE(2.E-2),#3);
#8781=PRESENTATION_STYLE_ASSIGNMENT((#8780));
#8782=STYLED_ITEM('',(#8781),#8779);
#8783=CARTESIAN_POINT('',(-1.E-3,1.75E-1,-1.719E0));
#8784=DIRECTION('',(0.E0,1.E0,0.E0));
#8785=DIRECTION('',(-1.E0,0.E0,0.E0));
#8786=AXIS2_PLACEMENT_3D('',#8783,#8784,#8785);
#8788=CURVE_STYLE('',#35,POSITIVE_LENGTH_MEASURE(2.E-2),#3);
#8789=PRESENTATION_STYLE_ASSIGNMENT((#8788));
#8790=STYLED_ITEM('',(#8789),#8787);
#8791=DIRECTION('',(1.E0,0.E0,-1.110223024625E-13));
#8792=VECTOR('',#8791,2.E-3);
#8793=CARTESIAN_POINT('',(-1.E-3,1.75E-1,-1.6E0));
#8794=LINE('',#8793,#8792);
#8795=CURVE_STYLE('',#35,POSITIVE_LENGTH_MEASURE(2.E-2),#3);
#8796=PRESENTATION_STYLE_ASSIGNMENT((#8795));
#8797=STYLED_ITEM('',(#8796),#8794);
#8798=CARTESIAN_POINT('',(1.E-3,1.75E-1,-1.719E0));
#8799=DIRECTION('',(0.E0,1.E0,0.E0));
#8800=DIRECTION('',(0.E0,0.E0,1.E0));
#8801=AXIS2_PLACEMENT_3D('',#8798,#8799,#8800);
#8803=CURVE_STYLE('',#35,POSITIVE_LENGTH_MEASURE(2.E-2),#3);
#8804=PRESENTATION_STYLE_ASSIGNMENT((#8803));
#8805=STYLED_ITEM('',(#8804),#8802);
#8806=DIRECTION('',(0.E0,0.E0,-1.E0));
#8807=VECTOR('',#8806,2.81E-1);
#8808=CARTESIAN_POINT('',(1.2E-1,1.75E-1,-1.719E0));
#8809=LINE('',#8808,#8807);
#8810=CURVE_STYLE('',#35,POSITIVE_LENGTH_MEASURE(2.E-2),#3);
#8811=PRESENTATION_STYLE_ASSIGNMENT((#8810));
#8812=STYLED_ITEM('',(#8811),#8809);
#8813=DIRECTION('',(0.E0,1.E0,0.E0));
#8814=VECTOR('',#8813,1.75E-1);
#8815=CARTESIAN_POINT('',(3.8E-1,0.E0,-1.719E0));
#8816=LINE('',#8815,#8814);
#8817=CURVE_STYLE('',#35,POSITIVE_LENGTH_MEASURE(2.E-2),#3);
#8818=PRESENTATION_STYLE_ASSIGNMENT((#8817));
#8819=STYLED_ITEM('',(#8818),#8816);
#8820=DIRECTION('',(0.E0,1.E0,0.E0));
#8821=VECTOR('',#8820,1.75E-1);
#8822=CARTESIAN_POINT('',(4.99E-1,0.E0,-1.6E0));
#8823=LINE('',#8822,#8821);
#8824=CURVE_STYLE('',#35,POSITIVE_LENGTH_MEASURE(2.E-2),#3);
#8825=PRESENTATION_STYLE_ASSIGNMENT((#8824));
#8826=STYLED_ITEM('',(#8825),#8823);
#8827=DIRECTION('',(0.E0,1.E0,0.E0));
#8828=VECTOR('',#8827,1.75E-1);
#8829=CARTESIAN_POINT('',(5.01E-1,0.E0,-1.6E0));
#8830=LINE('',#8829,#8828);
#8831=CURVE_STYLE('',#35,POSITIVE_LENGTH_MEASURE(2.E-2),#3);
#8832=PRESENTATION_STYLE_ASSIGNMENT((#8831));
#8833=STYLED_ITEM('',(#8832),#8830);
#8834=DIRECTION('',(0.E0,1.E0,0.E0));
#8835=VECTOR('',#8834,1.75E-1);
#8836=CARTESIAN_POINT('',(6.2E-1,0.E0,-1.719E0));
#8837=LINE('',#8836,#8835);
#8838=CURVE_STYLE('',#35,POSITIVE_LENGTH_MEASURE(2.E-2),#3);
#8839=PRESENTATION_STYLE_ASSIGNMENT((#8838));
#8840=STYLED_ITEM('',(#8839),#8837);
#8841=DIRECTION('',(0.E0,0.E0,1.E0));
#8842=VECTOR('',#8841,2.81E-1);
#8843=CARTESIAN_POINT('',(3.8E-1,1.75E-1,-2.E0));
#8844=LINE('',#8843,#8842);
#8845=CURVE_STYLE('',#35,POSITIVE_LENGTH_MEASURE(2.E-2),#3);
#8846=PRESENTATION_STYLE_ASSIGNMENT((#8845));
#8847=STYLED_ITEM('',(#8846),#8844);
#8848=CARTESIAN_POINT('',(4.99E-1,1.75E-1,-1.719E0));
#8849=DIRECTION('',(0.E0,1.E0,0.E0));
#8850=DIRECTION('',(-1.E0,0.E0,0.E0));
#8851=AXIS2_PLACEMENT_3D('',#8848,#8849,#8850);
#8853=CURVE_STYLE('',#35,POSITIVE_LENGTH_MEASURE(2.E-2),#3);
#8854=PRESENTATION_STYLE_ASSIGNMENT((#8853));
#8855=STYLED_ITEM('',(#8854),#8852);
#8856=DIRECTION('',(1.E0,0.E0,-1.110223024625E-13));
#8857=VECTOR('',#8856,2.E-3);
#8858=CARTESIAN_POINT('',(4.99E-1,1.75E-1,-1.6E0));
#8859=LINE('',#8858,#8857);
#8860=CURVE_STYLE('',#35,POSITIVE_LENGTH_MEASURE(2.E-2),#3);
#8861=PRESENTATION_STYLE_ASSIGNMENT((#8860));
#8862=STYLED_ITEM('',(#8861),#8859);
#8863=CARTESIAN_POINT('',(5.01E-1,1.75E-1,-1.719E0));
#8864=DIRECTION('',(0.E0,1.E0,0.E0));
#8865=DIRECTION('',(0.E0,0.E0,1.E0));
#8866=AXIS2_PLACEMENT_3D('',#8863,#8864,#8865);
#8868=CURVE_STYLE('',#35,POSITIVE_LENGTH_MEASURE(2.E-2),#3);
#8869=PRESENTATION_STYLE_ASSIGNMENT((#8868));
#8870=STYLED_ITEM('',(#8869),#8867);
#8871=DIRECTION('',(0.E0,0.E0,-1.E0));
#8872=VECTOR('',#8871,2.81E-1);
#8873=CARTESIAN_POINT('',(6.2E-1,1.75E-1,-1.719E0));
#8874=LINE('',#8873,#8872);
#8875=CURVE_STYLE('',#35,POSITIVE_LENGTH_MEASURE(2.E-2),#3);
#8876=PRESENTATION_STYLE_ASSIGNMENT((#8875));
#8877=STYLED_ITEM('',(#8876),#8874);
#8878=DIRECTION('',(0.E0,1.E0,0.E0));
#8879=VECTOR('',#8878,1.75E-1);
#8880=CARTESIAN_POINT('',(8.8E-1,0.E0,-1.719E0));
#8881=LINE('',#8880,#8879);
#8882=CURVE_STYLE('',#35,POSITIVE_LENGTH_MEASURE(2.E-2),#3);
#8883=PRESENTATION_STYLE_ASSIGNMENT((#8882));
#8884=STYLED_ITEM('',(#8883),#8881);
#8885=DIRECTION('',(0.E0,1.E0,0.E0));
#8886=VECTOR('',#8885,1.75E-1);
#8887=CARTESIAN_POINT('',(9.99E-1,0.E0,-1.6E0));
#8888=LINE('',#8887,#8886);
#8889=CURVE_STYLE('',#35,POSITIVE_LENGTH_MEASURE(2.E-2),#3);
#8890=PRESENTATION_STYLE_ASSIGNMENT((#8889));
#8891=STYLED_ITEM('',(#8890),#8888);
#8892=DIRECTION('',(0.E0,1.E0,0.E0));
#8893=VECTOR('',#8892,1.75E-1);
#8894=CARTESIAN_POINT('',(1.001E0,0.E0,-1.6E0));
#8895=LINE('',#8894,#8893);
#8896=CURVE_STYLE('',#35,POSITIVE_LENGTH_MEASURE(2.E-2),#3);
#8897=PRESENTATION_STYLE_ASSIGNMENT((#8896));
#8898=STYLED_ITEM('',(#8897),#8895);
#8899=DIRECTION('',(0.E0,1.E0,0.E0));
#8900=VECTOR('',#8899,1.75E-1);
#8901=CARTESIAN_POINT('',(1.12E0,0.E0,-1.719E0));
#8902=LINE('',#8901,#8900);
#8903=CURVE_STYLE('',#35,POSITIVE_LENGTH_MEASURE(2.E-2),#3);
#8904=PRESENTATION_STYLE_ASSIGNMENT((#8903));
#8905=STYLED_ITEM('',(#8904),#8902);
#8906=DIRECTION('',(0.E0,0.E0,1.E0));
#8907=VECTOR('',#8906,2.81E-1);
#8908=CARTESIAN_POINT('',(8.8E-1,1.75E-1,-2.E0));
#8909=LINE('',#8908,#8907);
#8910=CURVE_STYLE('',#35,POSITIVE_LENGTH_MEASURE(2.E-2),#3);
#8911=PRESENTATION_STYLE_ASSIGNMENT((#8910));
#8912=STYLED_ITEM('',(#8911),#8909);
#8913=CARTESIAN_POINT('',(9.99E-1,1.75E-1,-1.719E0));
#8914=DIRECTION('',(0.E0,1.E0,0.E0));
#8915=DIRECTION('',(-1.E0,0.E0,0.E0));
#8916=AXIS2_PLACEMENT_3D('',#8913,#8914,#8915);
#8918=CURVE_STYLE('',#35,POSITIVE_LENGTH_MEASURE(2.E-2),#3);
#8919=PRESENTATION_STYLE_ASSIGNMENT((#8918));
#8920=STYLED_ITEM('',(#8919),#8917);
#8921=DIRECTION('',(1.E0,0.E0,-1.110223024625E-13));
#8922=VECTOR('',#8921,2.E-3);
#8923=CARTESIAN_POINT('',(9.99E-1,1.75E-1,-1.6E0));
#8924=LINE('',#8923,#8922);
#8925=CURVE_STYLE('',#35,POSITIVE_LENGTH_MEASURE(2.E-2),#3);
#8926=PRESENTATION_STYLE_ASSIGNMENT((#8925));
#8927=STYLED_ITEM('',(#8926),#8924);
#8928=CARTESIAN_POINT('',(1.001E0,1.75E-1,-1.719E0));
#8929=DIRECTION('',(0.E0,1.E0,0.E0));
#8930=DIRECTION('',(0.E0,0.E0,1.E0));
#8931=AXIS2_PLACEMENT_3D('',#8928,#8929,#8930);
#8933=CURVE_STYLE('',#35,POSITIVE_LENGTH_MEASURE(2.E-2),#3);
#8934=PRESENTATION_STYLE_ASSIGNMENT((#8933));
#8935=STYLED_ITEM('',(#8934),#8932);
#8936=DIRECTION('',(0.E0,0.E0,-1.E0));
#8937=VECTOR('',#8936,2.81E-1);
#8938=CARTESIAN_POINT('',(1.12E0,1.75E-1,-1.719E0));
#8939=LINE('',#8938,#8937);
#8940=CURVE_STYLE('',#35,POSITIVE_LENGTH_MEASURE(2.E-2),#3);
#8941=PRESENTATION_STYLE_ASSIGNMENT((#8940));
#8942=STYLED_ITEM('',(#8941),#8939);
#8943=DIRECTION('',(0.E0,0.E0,-1.E0));
#8944=VECTOR('',#8943,2.4E-1);
#8945=CARTESIAN_POINT('',(2.E0,1.75E-1,-8.8E-1));
#8946=LINE('',#8945,#8944);
#8947=CURVE_STYLE('',#35,POSITIVE_LENGTH_MEASURE(2.E-2),#3);
#8948=PRESENTATION_STYLE_ASSIGNMENT((#8947));
#8949=STYLED_ITEM('',(#8948),#8946);
#8950=DIRECTION('',(0.E0,1.E0,0.E0));
#8951=VECTOR('',#8950,1.75E-1);
#8952=CARTESIAN_POINT('',(2.E0,0.E0,-8.8E-1));
#8953=LINE('',#8952,#8951);
#8954=CURVE_STYLE('',#35,POSITIVE_LENGTH_MEASURE(2.E-2),#3);
#8955=PRESENTATION_STYLE_ASSIGNMENT((#8954));
#8956=STYLED_ITEM('',(#8955),#8953);
#8957=DIRECTION('',(0.E0,1.E0,0.E0));
#8958=VECTOR('',#8957,1.75E-1);
#8959=CARTESIAN_POINT('',(2.E0,0.E0,-6.2E-1));
#8960=LINE('',#8959,#8958);
#8961=CURVE_STYLE('',#35,POSITIVE_LENGTH_MEASURE(2.E-2),#3);
#8962=PRESENTATION_STYLE_ASSIGNMENT((#8961));
#8963=STYLED_ITEM('',(#8962),#8960);
#8964=DIRECTION('',(0.E0,0.E0,-1.E0));
#8965=VECTOR('',#8964,2.4E-1);
#8966=CARTESIAN_POINT('',(2.E0,1.75E-1,-3.8E-1));
#8967=LINE('',#8966,#8965);
#8968=CURVE_STYLE('',#35,POSITIVE_LENGTH_MEASURE(2.E-2),#3);
#8969=PRESENTATION_STYLE_ASSIGNMENT((#8968));
#8970=STYLED_ITEM('',(#8969),#8967);
#8971=DIRECTION('',(0.E0,1.E0,0.E0));
#8972=VECTOR('',#8971,1.75E-1);
#8973=CARTESIAN_POINT('',(2.E0,0.E0,-3.8E-1));
#8974=LINE('',#8973,#8972);
#8975=CURVE_STYLE('',#35,POSITIVE_LENGTH_MEASURE(2.E-2),#3);
#8976=PRESENTATION_STYLE_ASSIGNMENT((#8975));
#8977=STYLED_ITEM('',(#8976),#8974);
#8978=DIRECTION('',(0.E0,1.E0,0.E0));
#8979=VECTOR('',#8978,1.75E-1);
#8980=CARTESIAN_POINT('',(2.E0,0.E0,-1.2E-1));
#8981=LINE('',#8980,#8979);
#8982=CURVE_STYLE('',#35,POSITIVE_LENGTH_MEASURE(2.E-2),#3);
#8983=PRESENTATION_STYLE_ASSIGNMENT((#8982));
#8984=STYLED_ITEM('',(#8983),#8981);
#8985=DIRECTION('',(0.E0,0.E0,-1.E0));
#8986=VECTOR('',#8985,2.4E-1);
#8987=CARTESIAN_POINT('',(2.E0,1.75E-1,1.2E-1));
#8988=LINE('',#8987,#8986);
#8989=CURVE_STYLE('',#35,POSITIVE_LENGTH_MEASURE(2.E-2),#3);
#8990=PRESENTATION_STYLE_ASSIGNMENT((#8989));
#8991=STYLED_ITEM('',(#8990),#8988);
#8992=DIRECTION('',(0.E0,1.E0,0.E0));
#8993=VECTOR('',#8992,1.75E-1);
#8994=CARTESIAN_POINT('',(2.E0,0.E0,1.2E-1));
#8995=LINE('',#8994,#8993);
#8996=CURVE_STYLE('',#35,POSITIVE_LENGTH_MEASURE(2.E-2),#3);
#8997=PRESENTATION_STYLE_ASSIGNMENT((#8996));
#8998=STYLED_ITEM('',(#8997),#8995);
#8999=DIRECTION('',(0.E0,1.E0,0.E0));
#9000=VECTOR('',#8999,1.75E-1);
#9001=CARTESIAN_POINT('',(2.E0,0.E0,3.8E-1));
#9002=LINE('',#9001,#9000);
#9003=CURVE_STYLE('',#35,POSITIVE_LENGTH_MEASURE(2.E-2),#3);
#9004=PRESENTATION_STYLE_ASSIGNMENT((#9003));
#9005=STYLED_ITEM('',(#9004),#9002);
#9006=DIRECTION('',(0.E0,0.E0,-1.E0));
#9007=VECTOR('',#9006,2.4E-1);
#9008=CARTESIAN_POINT('',(2.E0,1.75E-1,6.2E-1));
#9009=LINE('',#9008,#9007);
#9010=CURVE_STYLE('',#35,POSITIVE_LENGTH_MEASURE(2.E-2),#3);
#9011=PRESENTATION_STYLE_ASSIGNMENT((#9010));
#9012=STYLED_ITEM('',(#9011),#9009);
#9013=DIRECTION('',(0.E0,1.E0,0.E0));
#9014=VECTOR('',#9013,1.75E-1);
#9015=CARTESIAN_POINT('',(2.E0,0.E0,6.2E-1));
#9016=LINE('',#9015,#9014);
#9017=CURVE_STYLE('',#35,POSITIVE_LENGTH_MEASURE(2.E-2),#3);
#9018=PRESENTATION_STYLE_ASSIGNMENT((#9017));
#9019=STYLED_ITEM('',(#9018),#9016);
#9020=DIRECTION('',(0.E0,1.E0,0.E0));
#9021=VECTOR('',#9020,1.75E-1);
#9022=CARTESIAN_POINT('',(2.E0,0.E0,8.8E-1));
#9023=LINE('',#9022,#9021);
#9024=CURVE_STYLE('',#35,POSITIVE_LENGTH_MEASURE(2.E-2),#3);
#9025=PRESENTATION_STYLE_ASSIGNMENT((#9024));
#9026=STYLED_ITEM('',(#9025),#9023);
#9027=DIRECTION('',(0.E0,0.E0,-1.E0));
#9028=VECTOR('',#9027,2.4E-1);
#9029=CARTESIAN_POINT('',(2.E0,1.75E-1,1.12E0));
#9030=LINE('',#9029,#9028);
#9031=CURVE_STYLE('',#35,POSITIVE_LENGTH_MEASURE(2.E-2),#3);
#9032=PRESENTATION_STYLE_ASSIGNMENT((#9031));
#9033=STYLED_ITEM('',(#9032),#9030);
#9034=DIRECTION('',(0.E0,1.E0,0.E0));
#9035=VECTOR('',#9034,1.75E-1);
#9036=CARTESIAN_POINT('',(2.E0,0.E0,1.12E0));
#9037=LINE('',#9036,#9035);
#9038=CURVE_STYLE('',#35,POSITIVE_LENGTH_MEASURE(2.E-2),#3);
#9039=PRESENTATION_STYLE_ASSIGNMENT((#9038));
#9040=STYLED_ITEM('',(#9039),#9037);
#9041=DIRECTION('',(0.E0,1.E0,0.E0));
#9042=VECTOR('',#9041,7.75E-1);
#9043=CARTESIAN_POINT('',(2.E0,0.E0,2.E0));
#9044=LINE('',#9043,#9042);
#9045=CURVE_STYLE('',#35,POSITIVE_LENGTH_MEASURE(2.E-2),#3);
#9046=PRESENTATION_STYLE_ASSIGNMENT((#9045));
#9047=STYLED_ITEM('',(#9046),#9044);
#9048=DIRECTION('',(0.E0,1.E0,0.E0));
#9049=VECTOR('',#9048,1.75E-1);
#9050=CARTESIAN_POINT('',(2.E0,0.E0,-1.12E0));
#9051=LINE('',#9050,#9049);
#9052=CURVE_STYLE('',#35,POSITIVE_LENGTH_MEASURE(2.E-2),#3);
#9053=PRESENTATION_STYLE_ASSIGNMENT((#9052));
#9054=STYLED_ITEM('',(#9053),#9051);
#9055=DIRECTION('',(0.E0,0.E0,-1.E0));
#9056=VECTOR('',#9055,1.5E-1);
#9057=CARTESIAN_POINT('',(2.E0,7.5E-2,1.875E0));
#9058=LINE('',#9057,#9056);
#9059=CURVE_STYLE('',#35,POSITIVE_LENGTH_MEASURE(2.E-2),#3);
#9060=PRESENTATION_STYLE_ASSIGNMENT((#9059));
#9061=STYLED_ITEM('',(#9060),#9058);
#9062=DIRECTION('',(0.E0,1.E0,0.E0));
#9063=VECTOR('',#9062,1.E-1);
#9064=CARTESIAN_POINT('',(2.E0,7.5E-2,1.725E0));
#9065=LINE('',#9064,#9063);
#9066=CURVE_STYLE('',#35,POSITIVE_LENGTH_MEASURE(2.E-2),#3);
#9067=PRESENTATION_STYLE_ASSIGNMENT((#9066));
#9068=STYLED_ITEM('',(#9067),#9065);
#9069=DIRECTION('',(0.E0,0.E0,-1.E0));
#9070=VECTOR('',#9069,1.5E-1);
#9071=CARTESIAN_POINT('',(2.E0,1.75E-1,1.875E0));
#9072=LINE('',#9071,#9070);
#9073=CURVE_STYLE('',#35,POSITIVE_LENGTH_MEASURE(2.E-2),#3);
#9074=PRESENTATION_STYLE_ASSIGNMENT((#9073));
#9075=STYLED_ITEM('',(#9074),#9072);
#9076=DIRECTION('',(0.E0,1.E0,0.E0));
#9077=VECTOR('',#9076,1.E-1);
#9078=CARTESIAN_POINT('',(2.E0,7.5E-2,1.875E0));
#9079=LINE('',#9078,#9077);
#9080=CURVE_STYLE('',#35,POSITIVE_LENGTH_MEASURE(2.E-2),#3);
#9081=PRESENTATION_STYLE_ASSIGNMENT((#9080));
#9082=STYLED_ITEM('',(#9081),#9079);
#9083=DIRECTION('',(0.E0,0.E0,-1.E0));
#9084=VECTOR('',#9083,1.5E-1);
#9085=CARTESIAN_POINT('',(2.E0,7.5E-2,-1.725E0));
#9086=LINE('',#9085,#9084);
#9087=CURVE_STYLE('',#35,POSITIVE_LENGTH_MEASURE(2.E-2),#3);
#9088=PRESENTATION_STYLE_ASSIGNMENT((#9087));
#9089=STYLED_ITEM('',(#9088),#9086);
#9090=DIRECTION('',(0.E0,1.E0,0.E0));
#9091=VECTOR('',#9090,1.E-1);
#9092=CARTESIAN_POINT('',(2.E0,7.5E-2,-1.875E0));
#9093=LINE('',#9092,#9091);
#9094=CURVE_STYLE('',#35,POSITIVE_LENGTH_MEASURE(2.E-2),#3);
#9095=PRESENTATION_STYLE_ASSIGNMENT((#9094));
#9096=STYLED_ITEM('',(#9095),#9093);
#9097=DIRECTION('',(0.E0,0.E0,-1.E0));
#9098=VECTOR('',#9097,1.5E-1);
#9099=CARTESIAN_POINT('',(2.E0,1.75E-1,-1.725E0));
#9100=LINE('',#9099,#9098);
#9101=CURVE_STYLE('',#35,POSITIVE_LENGTH_MEASURE(2.E-2),#3);
#9102=PRESENTATION_STYLE_ASSIGNMENT((#9101));
#9103=STYLED_ITEM('',(#9102),#9100);
#9104=DIRECTION('',(0.E0,1.E0,0.E0));
#9105=VECTOR('',#9104,1.E-1);
#9106=CARTESIAN_POINT('',(2.E0,7.5E-2,-1.725E0));
#9107=LINE('',#9106,#9105);
#9108=CURVE_STYLE('',#35,POSITIVE_LENGTH_MEASURE(2.E-2),#3);
#9109=PRESENTATION_STYLE_ASSIGNMENT((#9108));
#9110=STYLED_ITEM('',(#9109),#9107);
#9111=DIRECTION('',(1.E0,0.E0,0.E0));
#9112=VECTOR('',#9111,2.81E-1);
#9113=CARTESIAN_POINT('',(1.719E0,1.75E-1,-1.12E0));
#9114=LINE('',#9113,#9112);
#9115=CURVE_STYLE('',#35,POSITIVE_LENGTH_MEASURE(2.E-2),#3);
#9116=PRESENTATION_STYLE_ASSIGNMENT((#9115));
#9117=STYLED_ITEM('',(#9116),#9114);
#9118=CARTESIAN_POINT('',(1.719E0,1.75E-1,-1.001E0));
#9119=DIRECTION('',(0.E0,-1.E0,0.E0));
#9120=DIRECTION('',(-1.E0,0.E0,0.E0));
#9121=AXIS2_PLACEMENT_3D('',#9118,#9119,#9120);
#9123=CURVE_STYLE('',#35,POSITIVE_LENGTH_MEASURE(2.E-2),#3);
#9124=PRESENTATION_STYLE_ASSIGNMENT((#9123));
#9125=STYLED_ITEM('',(#9124),#9122);
#9126=DIRECTION('',(0.E0,0.E0,-1.E0));
#9127=VECTOR('',#9126,2.E-3);
#9128=CARTESIAN_POINT('',(1.6E0,1.75E-1,-9.99E-1));
#9129=LINE('',#9128,#9127);
#9130=CURVE_STYLE('',#35,POSITIVE_LENGTH_MEASURE(2.E-2),#3);
#9131=PRESENTATION_STYLE_ASSIGNMENT((#9130));
#9132=STYLED_ITEM('',(#9131),#9129);
#9133=CARTESIAN_POINT('',(1.719E0,1.75E-1,-9.99E-1));
#9134=DIRECTION('',(0.E0,-1.E0,0.E0));
#9135=DIRECTION('',(0.E0,0.E0,1.E0));
#9136=AXIS2_PLACEMENT_3D('',#9133,#9134,#9135);
#9138=CURVE_STYLE('',#35,POSITIVE_LENGTH_MEASURE(2.E-2),#3);
#9139=PRESENTATION_STYLE_ASSIGNMENT((#9138));
#9140=STYLED_ITEM('',(#9139),#9137);
#9141=DIRECTION('',(-1.E0,0.E0,0.E0));
#9142=VECTOR('',#9141,2.81E-1);
#9143=CARTESIAN_POINT('',(2.E0,1.75E-1,-8.8E-1));
#9144=LINE('',#9143,#9142);
#9145=CURVE_STYLE('',#35,POSITIVE_LENGTH_MEASURE(2.E-2),#3);
#9146=PRESENTATION_STYLE_ASSIGNMENT((#9145));
#9147=STYLED_ITEM('',(#9146),#9144);
#9148=DIRECTION('',(0.E0,1.E0,0.E0));
#9149=VECTOR('',#9148,1.75E-1);
#9150=CARTESIAN_POINT('',(1.719E0,0.E0,-1.12E0));
#9151=LINE('',#9150,#9149);
#9152=CURVE_STYLE('',#35,POSITIVE_LENGTH_MEASURE(2.E-2),#3);
#9153=PRESENTATION_STYLE_ASSIGNMENT((#9152));
#9154=STYLED_ITEM('',(#9153),#9151);
#9155=DIRECTION('',(0.E0,1.E0,0.E0));
#9156=VECTOR('',#9155,1.75E-1);
#9157=CARTESIAN_POINT('',(1.6E0,0.E0,-1.001E0));
#9158=LINE('',#9157,#9156);
#9159=CURVE_STYLE('',#35,POSITIVE_LENGTH_MEASURE(2.E-2),#3);
#9160=PRESENTATION_STYLE_ASSIGNMENT((#9159));
#9161=STYLED_ITEM('',(#9160),#9158);
#9162=DIRECTION('',(0.E0,1.E0,0.E0));
#9163=VECTOR('',#9162,1.75E-1);
#9164=CARTESIAN_POINT('',(1.6E0,0.E0,-9.99E-1));
#9165=LINE('',#9164,#9163);
#9166=CURVE_STYLE('',#35,POSITIVE_LENGTH_MEASURE(2.E-2),#3);
#9167=PRESENTATION_STYLE_ASSIGNMENT((#9166));
#9168=STYLED_ITEM('',(#9167),#9165);
#9169=DIRECTION('',(0.E0,1.E0,0.E0));
#9170=VECTOR('',#9169,1.75E-1);
#9171=CARTESIAN_POINT('',(1.719E0,0.E0,-8.8E-1));
#9172=LINE('',#9171,#9170);
#9173=CURVE_STYLE('',#35,POSITIVE_LENGTH_MEASURE(2.E-2),#3);
#9174=PRESENTATION_STYLE_ASSIGNMENT((#9173));
#9175=STYLED_ITEM('',(#9174),#9172);
#9176=DIRECTION('',(0.E0,1.E0,0.E0));
#9177=VECTOR('',#9176,1.75E-1);
#9178=CARTESIAN_POINT('',(1.719E0,0.E0,-6.2E-1));
#9179=LINE('',#9178,#9177);
#9180=CURVE_STYLE('',#35,POSITIVE_LENGTH_MEASURE(2.E-2),#3);
#9181=PRESENTATION_STYLE_ASSIGNMENT((#9180));
#9182=STYLED_ITEM('',(#9181),#9179);
#9183=DIRECTION('',(0.E0,1.E0,0.E0));
#9184=VECTOR('',#9183,1.75E-1);
#9185=CARTESIAN_POINT('',(1.6E0,0.E0,-5.01E-1));
#9186=LINE('',#9185,#9184);
#9187=CURVE_STYLE('',#35,POSITIVE_LENGTH_MEASURE(2.E-2),#3);
#9188=PRESENTATION_STYLE_ASSIGNMENT((#9187));
#9189=STYLED_ITEM('',(#9188),#9186);
#9190=DIRECTION('',(0.E0,1.E0,0.E0));
#9191=VECTOR('',#9190,1.75E-1);
#9192=CARTESIAN_POINT('',(1.6E0,0.E0,-4.99E-1));
#9193=LINE('',#9192,#9191);
#9194=CURVE_STYLE('',#35,POSITIVE_LENGTH_MEASURE(2.E-2),#3);
#9195=PRESENTATION_STYLE_ASSIGNMENT((#9194));
#9196=STYLED_ITEM('',(#9195),#9193);
#9197=DIRECTION('',(0.E0,1.E0,0.E0));
#9198=VECTOR('',#9197,1.75E-1);
#9199=CARTESIAN_POINT('',(1.719E0,0.E0,-3.8E-1));
#9200=LINE('',#9199,#9198);
#9201=CURVE_STYLE('',#35,POSITIVE_LENGTH_MEASURE(2.E-2),#3);
#9202=PRESENTATION_STYLE_ASSIGNMENT((#9201));
#9203=STYLED_ITEM('',(#9202),#9200);
#9204=DIRECTION('',(1.E0,0.E0,0.E0));
#9205=VECTOR('',#9204,2.81E-1);
#9206=CARTESIAN_POINT('',(1.719E0,1.75E-1,-6.2E-1));
#9207=LINE('',#9206,#9205);
#9208=CURVE_STYLE('',#35,POSITIVE_LENGTH_MEASURE(2.E-2),#3);
#9209=PRESENTATION_STYLE_ASSIGNMENT((#9208));
#9210=STYLED_ITEM('',(#9209),#9207);
#9211=CARTESIAN_POINT('',(1.719E0,1.75E-1,-5.01E-1));
#9212=DIRECTION('',(0.E0,-1.E0,0.E0));
#9213=DIRECTION('',(-1.E0,0.E0,0.E0));
#9214=AXIS2_PLACEMENT_3D('',#9211,#9212,#9213);
#9216=CURVE_STYLE('',#35,POSITIVE_LENGTH_MEASURE(2.E-2),#3);
#9217=PRESENTATION_STYLE_ASSIGNMENT((#9216));
#9218=STYLED_ITEM('',(#9217),#9215);
#9219=DIRECTION('',(0.E0,0.E0,-1.E0));
#9220=VECTOR('',#9219,2.E-3);
#9221=CARTESIAN_POINT('',(1.6E0,1.75E-1,-4.99E-1));
#9222=LINE('',#9221,#9220);
#9223=CURVE_STYLE('',#35,POSITIVE_LENGTH_MEASURE(2.E-2),#3);
#9224=PRESENTATION_STYLE_ASSIGNMENT((#9223));
#9225=STYLED_ITEM('',(#9224),#9222);
#9226=CARTESIAN_POINT('',(1.719E0,1.75E-1,-4.99E-1));
#9227=DIRECTION('',(0.E0,-1.E0,0.E0));
#9228=DIRECTION('',(0.E0,0.E0,1.E0));
#9229=AXIS2_PLACEMENT_3D('',#9226,#9227,#9228);
#9231=CURVE_STYLE('',#35,POSITIVE_LENGTH_MEASURE(2.E-2),#3);
#9232=PRESENTATION_STYLE_ASSIGNMENT((#9231));
#9233=STYLED_ITEM('',(#9232),#9230);
#9234=DIRECTION('',(-1.E0,0.E0,0.E0));
#9235=VECTOR('',#9234,2.81E-1);
#9236=CARTESIAN_POINT('',(2.E0,1.75E-1,-3.8E-1));
#9237=LINE('',#9236,#9235);
#9238=CURVE_STYLE('',#35,POSITIVE_LENGTH_MEASURE(2.E-2),#3);
#9239=PRESENTATION_STYLE_ASSIGNMENT((#9238));
#9240=STYLED_ITEM('',(#9239),#9237);
#9241=DIRECTION('',(0.E0,1.E0,0.E0));
#9242=VECTOR('',#9241,1.75E-1);
#9243=CARTESIAN_POINT('',(1.719E0,0.E0,-1.2E-1));
#9244=LINE('',#9243,#9242);
#9245=CURVE_STYLE('',#35,POSITIVE_LENGTH_MEASURE(2.E-2),#3);
#9246=PRESENTATION_STYLE_ASSIGNMENT((#9245));
#9247=STYLED_ITEM('',(#9246),#9244);
#9248=DIRECTION('',(0.E0,1.E0,0.E0));
#9249=VECTOR('',#9248,1.75E-1);
#9250=CARTESIAN_POINT('',(1.6E0,0.E0,-1.000000000001E-3));
#9251=LINE('',#9250,#9249);
#9252=CURVE_STYLE('',#35,POSITIVE_LENGTH_MEASURE(2.E-2),#3);
#9253=PRESENTATION_STYLE_ASSIGNMENT((#9252));
#9254=STYLED_ITEM('',(#9253),#9251);
#9255=DIRECTION('',(0.E0,1.E0,0.E0));
#9256=VECTOR('',#9255,1.75E-1);
#9257=CARTESIAN_POINT('',(1.6E0,0.E0,1.000000000001E-3));
#9258=LINE('',#9257,#9256);
#9259=CURVE_STYLE('',#35,POSITIVE_LENGTH_MEASURE(2.E-2),#3);
#9260=PRESENTATION_STYLE_ASSIGNMENT((#9259));
#9261=STYLED_ITEM('',(#9260),#9258);
#9262=DIRECTION('',(0.E0,1.E0,0.E0));
#9263=VECTOR('',#9262,1.75E-1);
#9264=CARTESIAN_POINT('',(1.719E0,0.E0,1.2E-1));
#9265=LINE('',#9264,#9263);
#9266=CURVE_STYLE('',#35,POSITIVE_LENGTH_MEASURE(2.E-2),#3);
#9267=PRESENTATION_STYLE_ASSIGNMENT((#9266));
#9268=STYLED_ITEM('',(#9267),#9265);
#9269=DIRECTION('',(1.E0,0.E0,0.E0));
#9270=VECTOR('',#9269,2.81E-1);
#9271=CARTESIAN_POINT('',(1.719E0,1.75E-1,-1.2E-1));
#9272=LINE('',#9271,#9270);
#9273=CURVE_STYLE('',#35,POSITIVE_LENGTH_MEASURE(2.E-2),#3);
#9274=PRESENTATION_STYLE_ASSIGNMENT((#9273));
#9275=STYLED_ITEM('',(#9274),#9272);
#9276=CARTESIAN_POINT('',(1.719E0,1.75E-1,-1.E-3));
#9277=DIRECTION('',(0.E0,-1.E0,0.E0));
#9278=DIRECTION('',(-1.E0,0.E0,0.E0));
#9279=AXIS2_PLACEMENT_3D('',#9276,#9277,#9278);
#9281=CURVE_STYLE('',#35,POSITIVE_LENGTH_MEASURE(2.E-2),#3);
#9282=PRESENTATION_STYLE_ASSIGNMENT((#9281));
#9283=STYLED_ITEM('',(#9282),#9280);
#9284=DIRECTION('',(0.E0,0.E0,-1.E0));
#9285=VECTOR('',#9284,2.E-3);
#9286=CARTESIAN_POINT('',(1.6E0,1.75E-1,1.E-3));
#9287=LINE('',#9286,#9285);
#9288=CURVE_STYLE('',#35,POSITIVE_LENGTH_MEASURE(2.E-2),#3);
#9289=PRESENTATION_STYLE_ASSIGNMENT((#9288));
#9290=STYLED_ITEM('',(#9289),#9287);
#9291=CARTESIAN_POINT('',(1.719E0,1.75E-1,1.E-3));
#9292=DIRECTION('',(0.E0,-1.E0,0.E0));
#9293=DIRECTION('',(0.E0,0.E0,1.E0));
#9294=AXIS2_PLACEMENT_3D('',#9291,#9292,#9293);
#9296=CURVE_STYLE('',#35,POSITIVE_LENGTH_MEASURE(2.E-2),#3);
#9297=PRESENTATION_STYLE_ASSIGNMENT((#9296));
#9298=STYLED_ITEM('',(#9297),#9295);
#9299=DIRECTION('',(-1.E0,0.E0,0.E0));
#9300=VECTOR('',#9299,2.81E-1);
#9301=CARTESIAN_POINT('',(2.E0,1.75E-1,1.2E-1));
#9302=LINE('',#9301,#9300);
#9303=CURVE_STYLE('',#35,POSITIVE_LENGTH_MEASURE(2.E-2),#3);
#9304=PRESENTATION_STYLE_ASSIGNMENT((#9303));
#9305=STYLED_ITEM('',(#9304),#9302);
#9306=DIRECTION('',(0.E0,1.E0,0.E0));
#9307=VECTOR('',#9306,1.75E-1);
#9308=CARTESIAN_POINT('',(1.719E0,0.E0,3.8E-1));
#9309=LINE('',#9308,#9307);
#9310=CURVE_STYLE('',#35,POSITIVE_LENGTH_MEASURE(2.E-2),#3);
#9311=PRESENTATION_STYLE_ASSIGNMENT((#9310));
#9312=STYLED_ITEM('',(#9311),#9309);
#9313=DIRECTION('',(0.E0,1.E0,0.E0));
#9314=VECTOR('',#9313,1.75E-1);
#9315=CARTESIAN_POINT('',(1.6E0,0.E0,4.99E-1));
#9316=LINE('',#9315,#9314);
#9317=CURVE_STYLE('',#35,POSITIVE_LENGTH_MEASURE(2.E-2),#3);
#9318=PRESENTATION_STYLE_ASSIGNMENT((#9317));
#9319=STYLED_ITEM('',(#9318),#9316);
#9320=DIRECTION('',(0.E0,1.E0,0.E0));
#9321=VECTOR('',#9320,1.75E-1);
#9322=CARTESIAN_POINT('',(1.6E0,0.E0,5.01E-1));
#9323=LINE('',#9322,#9321);
#9324=CURVE_STYLE('',#35,POSITIVE_LENGTH_MEASURE(2.E-2),#3);
#9325=PRESENTATION_STYLE_ASSIGNMENT((#9324));
#9326=STYLED_ITEM('',(#9325),#9323);
#9327=DIRECTION('',(0.E0,1.E0,0.E0));
#9328=VECTOR('',#9327,1.75E-1);
#9329=CARTESIAN_POINT('',(1.719E0,0.E0,6.2E-1));
#9330=LINE('',#9329,#9328);
#9331=CURVE_STYLE('',#35,POSITIVE_LENGTH_MEASURE(2.E-2),#3);
#9332=PRESENTATION_STYLE_ASSIGNMENT((#9331));
#9333=STYLED_ITEM('',(#9332),#9330);
#9334=DIRECTION('',(1.E0,0.E0,0.E0));
#9335=VECTOR('',#9334,2.81E-1);
#9336=CARTESIAN_POINT('',(1.719E0,1.75E-1,3.8E-1));
#9337=LINE('',#9336,#9335);
#9338=CURVE_STYLE('',#35,POSITIVE_LENGTH_MEASURE(2.E-2),#3);
#9339=PRESENTATION_STYLE_ASSIGNMENT((#9338));
#9340=STYLED_ITEM('',(#9339),#9337);
#9341=CARTESIAN_POINT('',(1.719E0,1.75E-1,4.99E-1));
#9342=DIRECTION('',(0.E0,-1.E0,0.E0));
#9343=DIRECTION('',(-1.E0,0.E0,0.E0));
#9344=AXIS2_PLACEMENT_3D('',#9341,#9342,#9343);
#9346=CURVE_STYLE('',#35,POSITIVE_LENGTH_MEASURE(2.E-2),#3);
#9347=PRESENTATION_STYLE_ASSIGNMENT((#9346));
#9348=STYLED_ITEM('',(#9347),#9345);
#9349=DIRECTION('',(0.E0,0.E0,-1.E0));
#9350=VECTOR('',#9349,2.E-3);
#9351=CARTESIAN_POINT('',(1.6E0,1.75E-1,5.01E-1));
#9352=LINE('',#9351,#9350);
#9353=CURVE_STYLE('',#35,POSITIVE_LENGTH_MEASURE(2.E-2),#3);
#9354=PRESENTATION_STYLE_ASSIGNMENT((#9353));
#9355=STYLED_ITEM('',(#9354),#9352);
#9356=CARTESIAN_POINT('',(1.719E0,1.75E-1,5.01E-1));
#9357=DIRECTION('',(0.E0,-1.E0,0.E0));
#9358=DIRECTION('',(0.E0,0.E0,1.E0));
#9359=AXIS2_PLACEMENT_3D('',#9356,#9357,#9358);
#9361=CURVE_STYLE('',#35,POSITIVE_LENGTH_MEASURE(2.E-2),#3);
#9362=PRESENTATION_STYLE_ASSIGNMENT((#9361));
#9363=STYLED_ITEM('',(#9362),#9360);
#9364=DIRECTION('',(-1.E0,0.E0,0.E0));
#9365=VECTOR('',#9364,2.81E-1);
#9366=CARTESIAN_POINT('',(2.E0,1.75E-1,6.2E-1));
#9367=LINE('',#9366,#9365);
#9368=CURVE_STYLE('',#35,POSITIVE_LENGTH_MEASURE(2.E-2),#3);
#9369=PRESENTATION_STYLE_ASSIGNMENT((#9368));
#9370=STYLED_ITEM('',(#9369),#9367);
#9371=DIRECTION('',(0.E0,1.E0,0.E0));
#9372=VECTOR('',#9371,1.75E-1);
#9373=CARTESIAN_POINT('',(1.719E0,0.E0,8.8E-1));
#9374=LINE('',#9373,#9372);
#9375=CURVE_STYLE('',#35,POSITIVE_LENGTH_MEASURE(2.E-2),#3);
#9376=PRESENTATION_STYLE_ASSIGNMENT((#9375));
#9377=STYLED_ITEM('',(#9376),#9374);
#9378=DIRECTION('',(0.E0,1.E0,0.E0));
#9379=VECTOR('',#9378,1.75E-1);
#9380=CARTESIAN_POINT('',(1.6E0,0.E0,9.99E-1));
#9381=LINE('',#9380,#9379);
#9382=CURVE_STYLE('',#35,POSITIVE_LENGTH_MEASURE(2.E-2),#3);
#9383=PRESENTATION_STYLE_ASSIGNMENT((#9382));
#9384=STYLED_ITEM('',(#9383),#9381);
#9385=DIRECTION('',(0.E0,1.E0,0.E0));
#9386=VECTOR('',#9385,1.75E-1);
#9387=CARTESIAN_POINT('',(1.6E0,0.E0,1.001E0));
#9388=LINE('',#9387,#9386);
#9389=CURVE_STYLE('',#35,POSITIVE_LENGTH_MEASURE(2.E-2),#3);
#9390=PRESENTATION_STYLE_ASSIGNMENT((#9389));
#9391=STYLED_ITEM('',(#9390),#9388);
#9392=DIRECTION('',(0.E0,1.E0,0.E0));
#9393=VECTOR('',#9392,1.75E-1);
#9394=CARTESIAN_POINT('',(1.719E0,0.E0,1.12E0));
#9395=LINE('',#9394,#9393);
#9396=CURVE_STYLE('',#35,POSITIVE_LENGTH_MEASURE(2.E-2),#3);
#9397=PRESENTATION_STYLE_ASSIGNMENT((#9396));
#9398=STYLED_ITEM('',(#9397),#9395);
#9399=DIRECTION('',(1.E0,0.E0,0.E0));
#9400=VECTOR('',#9399,2.81E-1);
#9401=CARTESIAN_POINT('',(1.719E0,1.75E-1,8.8E-1));
#9402=LINE('',#9401,#9400);
#9403=CURVE_STYLE('',#35,POSITIVE_LENGTH_MEASURE(2.E-2),#3);
#9404=PRESENTATION_STYLE_ASSIGNMENT((#9403));
#9405=STYLED_ITEM('',(#9404),#9402);
#9406=CARTESIAN_POINT('',(1.719E0,1.75E-1,9.99E-1));
#9407=DIRECTION('',(0.E0,-1.E0,0.E0));
#9408=DIRECTION('',(-1.E0,0.E0,0.E0));
#9409=AXIS2_PLACEMENT_3D('',#9406,#9407,#9408);
#9411=CURVE_STYLE('',#35,POSITIVE_LENGTH_MEASURE(2.E-2),#3);
#9412=PRESENTATION_STYLE_ASSIGNMENT((#9411));
#9413=STYLED_ITEM('',(#9412),#9410);
#9414=DIRECTION('',(0.E0,0.E0,-1.E0));
#9415=VECTOR('',#9414,2.E-3);
#9416=CARTESIAN_POINT('',(1.6E0,1.75E-1,1.001E0));
#9417=LINE('',#9416,#9415);
#9418=CURVE_STYLE('',#35,POSITIVE_LENGTH_MEASURE(2.E-2),#3);
#9419=PRESENTATION_STYLE_ASSIGNMENT((#9418));
#9420=STYLED_ITEM('',(#9419),#9417);
#9421=CARTESIAN_POINT('',(1.719E0,1.75E-1,1.001E0));
#9422=DIRECTION('',(0.E0,-1.E0,0.E0));
#9423=DIRECTION('',(0.E0,0.E0,1.E0));
#9424=AXIS2_PLACEMENT_3D('',#9421,#9422,#9423);
#9426=CURVE_STYLE('',#35,POSITIVE_LENGTH_MEASURE(2.E-2),#3);
#9427=PRESENTATION_STYLE_ASSIGNMENT((#9426));
#9428=STYLED_ITEM('',(#9427),#9425);
#9429=DIRECTION('',(-1.E0,0.E0,0.E0));
#9430=VECTOR('',#9429,2.81E-1);
#9431=CARTESIAN_POINT('',(2.E0,1.75E-1,1.12E0));
#9432=LINE('',#9431,#9430);
#9433=CURVE_STYLE('',#35,POSITIVE_LENGTH_MEASURE(2.E-2),#3);
#9434=PRESENTATION_STYLE_ASSIGNMENT((#9433));
#9435=STYLED_ITEM('',(#9434),#9432);
#9436=DIRECTION('',(0.E0,1.E0,0.E0));
#9437=VECTOR('',#9436,1.75E-1);
#9438=CARTESIAN_POINT('',(-1.12E0,0.E0,2.E0));
#9439=LINE('',#9438,#9437);
#9440=CURVE_STYLE('',#35,POSITIVE_LENGTH_MEASURE(2.E-2),#3);
#9441=PRESENTATION_STYLE_ASSIGNMENT((#9440));
#9442=STYLED_ITEM('',(#9441),#9439);
#9443=DIRECTION('',(0.E0,1.E0,0.E0));
#9444=VECTOR('',#9443,7.75E-1);
#9445=CARTESIAN_POINT('',(-2.E0,0.E0,2.E0));
#9446=LINE('',#9445,#9444);
#9447=CURVE_STYLE('',#35,POSITIVE_LENGTH_MEASURE(2.E-2),#3);
#9448=PRESENTATION_STYLE_ASSIGNMENT((#9447));
#9449=STYLED_ITEM('',(#9448),#9446);
#9450=DIRECTION('',(0.E0,1.E0,0.E0));
#9451=VECTOR('',#9450,1.75E-1);
#9452=CARTESIAN_POINT('',(1.12E0,0.E0,2.E0));
#9453=LINE('',#9452,#9451);
#9454=CURVE_STYLE('',#35,POSITIVE_LENGTH_MEASURE(2.E-2),#3);
#9455=PRESENTATION_STYLE_ASSIGNMENT((#9454));
#9456=STYLED_ITEM('',(#9455),#9453);
#9457=DIRECTION('',(1.E0,0.E0,0.E0));
#9458=VECTOR('',#9457,2.4E-1);
#9459=CARTESIAN_POINT('',(8.8E-1,1.75E-1,2.E0));
#9460=LINE('',#9459,#9458);
#9461=CURVE_STYLE('',#35,POSITIVE_LENGTH_MEASURE(2.E-2),#3);
#9462=PRESENTATION_STYLE_ASSIGNMENT((#9461));
#9463=STYLED_ITEM('',(#9462),#9460);
#9464=DIRECTION('',(0.E0,1.E0,0.E0));
#9465=VECTOR('',#9464,1.75E-1);
#9466=CARTESIAN_POINT('',(8.8E-1,0.E0,2.E0));
#9467=LINE('',#9466,#9465);
#9468=CURVE_STYLE('',#35,POSITIVE_LENGTH_MEASURE(2.E-2),#3);
#9469=PRESENTATION_STYLE_ASSIGNMENT((#9468));
#9470=STYLED_ITEM('',(#9469),#9467);
#9471=DIRECTION('',(0.E0,1.E0,0.E0));
#9472=VECTOR('',#9471,1.75E-1);
#9473=CARTESIAN_POINT('',(6.2E-1,0.E0,2.E0));
#9474=LINE('',#9473,#9472);
#9475=CURVE_STYLE('',#35,POSITIVE_LENGTH_MEASURE(2.E-2),#3);
#9476=PRESENTATION_STYLE_ASSIGNMENT((#9475));
#9477=STYLED_ITEM('',(#9476),#9474);
#9478=DIRECTION('',(1.E0,0.E0,0.E0));
#9479=VECTOR('',#9478,2.4E-1);
#9480=CARTESIAN_POINT('',(3.8E-1,1.75E-1,2.E0));
#9481=LINE('',#9480,#9479);
#9482=CURVE_STYLE('',#35,POSITIVE_LENGTH_MEASURE(2.E-2),#3);
#9483=PRESENTATION_STYLE_ASSIGNMENT((#9482));
#9484=STYLED_ITEM('',(#9483),#9481);
#9485=DIRECTION('',(0.E0,1.E0,0.E0));
#9486=VECTOR('',#9485,1.75E-1);
#9487=CARTESIAN_POINT('',(3.8E-1,0.E0,2.E0));
#9488=LINE('',#9487,#9486);
#9489=CURVE_STYLE('',#35,POSITIVE_LENGTH_MEASURE(2.E-2),#3);
#9490=PRESENTATION_STYLE_ASSIGNMENT((#9489));
#9491=STYLED_ITEM('',(#9490),#9488);
#9492=DIRECTION('',(0.E0,1.E0,0.E0));
#9493=VECTOR('',#9492,1.75E-1);
#9494=CARTESIAN_POINT('',(1.2E-1,0.E0,2.E0));
#9495=LINE('',#9494,#9493);
#9496=CURVE_STYLE('',#35,POSITIVE_LENGTH_MEASURE(2.E-2),#3);
#9497=PRESENTATION_STYLE_ASSIGNMENT((#9496));
#9498=STYLED_ITEM('',(#9497),#9495);
#9499=DIRECTION('',(1.E0,0.E0,0.E0));
#9500=VECTOR('',#9499,2.4E-1);
#9501=CARTESIAN_POINT('',(-1.2E-1,1.75E-1,2.E0));
#9502=LINE('',#9501,#9500);
#9503=CURVE_STYLE('',#35,POSITIVE_LENGTH_MEASURE(2.E-2),#3);
#9504=PRESENTATION_STYLE_ASSIGNMENT((#9503));
#9505=STYLED_ITEM('',(#9504),#9502);
#9506=DIRECTION('',(0.E0,1.E0,0.E0));
#9507=VECTOR('',#9506,1.75E-1);
#9508=CARTESIAN_POINT('',(-1.2E-1,0.E0,2.E0));
#9509=LINE('',#9508,#9507);
#9510=CURVE_STYLE('',#35,POSITIVE_LENGTH_MEASURE(2.E-2),#3);
#9511=PRESENTATION_STYLE_ASSIGNMENT((#9510));
#9512=STYLED_ITEM('',(#9511),#9509);
#9513=DIRECTION('',(0.E0,1.E0,0.E0));
#9514=VECTOR('',#9513,1.75E-1);
#9515=CARTESIAN_POINT('',(-3.8E-1,0.E0,2.E0));
#9516=LINE('',#9515,#9514);
#9517=CURVE_STYLE('',#35,POSITIVE_LENGTH_MEASURE(2.E-2),#3);
#9518=PRESENTATION_STYLE_ASSIGNMENT((#9517));
#9519=STYLED_ITEM('',(#9518),#9516);
#9520=DIRECTION('',(1.E0,0.E0,0.E0));
#9521=VECTOR('',#9520,2.4E-1);
#9522=CARTESIAN_POINT('',(-6.2E-1,1.75E-1,2.E0));
#9523=LINE('',#9522,#9521);
#9524=CURVE_STYLE('',#35,POSITIVE_LENGTH_MEASURE(2.E-2),#3);
#9525=PRESENTATION_STYLE_ASSIGNMENT((#9524));
#9526=STYLED_ITEM('',(#9525),#9523);
#9527=DIRECTION('',(0.E0,1.E0,0.E0));
#9528=VECTOR('',#9527,1.75E-1);
#9529=CARTESIAN_POINT('',(-6.2E-1,0.E0,2.E0));
#9530=LINE('',#9529,#9528);
#9531=CURVE_STYLE('',#35,POSITIVE_LENGTH_MEASURE(2.E-2),#3);
#9532=PRESENTATION_STYLE_ASSIGNMENT((#9531));
#9533=STYLED_ITEM('',(#9532),#9530);
#9534=DIRECTION('',(0.E0,1.E0,0.E0));
#9535=VECTOR('',#9534,1.75E-1);
#9536=CARTESIAN_POINT('',(-8.8E-1,0.E0,2.E0));
#9537=LINE('',#9536,#9535);
#9538=CURVE_STYLE('',#35,POSITIVE_LENGTH_MEASURE(2.E-2),#3);
#9539=PRESENTATION_STYLE_ASSIGNMENT((#9538));
#9540=STYLED_ITEM('',(#9539),#9537);
#9541=DIRECTION('',(1.E0,0.E0,0.E0));
#9542=VECTOR('',#9541,2.4E-1);
#9543=CARTESIAN_POINT('',(-1.12E0,1.75E-1,2.E0));
#9544=LINE('',#9543,#9542);
#9545=CURVE_STYLE('',#35,POSITIVE_LENGTH_MEASURE(2.E-2),#3);
#9546=PRESENTATION_STYLE_ASSIGNMENT((#9545));
#9547=STYLED_ITEM('',(#9546),#9544);
#9548=DIRECTION('',(1.E0,0.E0,0.E0));
#9549=VECTOR('',#9548,1.5E-1);
#9550=CARTESIAN_POINT('',(-1.875E0,7.5E-2,2.E0));
#9551=LINE('',#9550,#9549);
#9552=CURVE_STYLE('',#35,POSITIVE_LENGTH_MEASURE(2.E-2),#3);
#9553=PRESENTATION_STYLE_ASSIGNMENT((#9552));
#9554=STYLED_ITEM('',(#9553),#9551);
#9555=DIRECTION('',(0.E0,1.E0,0.E0));
#9556=VECTOR('',#9555,1.E-1);
#9557=CARTESIAN_POINT('',(-1.725E0,7.5E-2,2.E0));
#9558=LINE('',#9557,#9556);
#9559=CURVE_STYLE('',#35,POSITIVE_LENGTH_MEASURE(2.E-2),#3);
#9560=PRESENTATION_STYLE_ASSIGNMENT((#9559));
#9561=STYLED_ITEM('',(#9560),#9558);
#9562=DIRECTION('',(1.E0,0.E0,0.E0));
#9563=VECTOR('',#9562,1.5E-1);
#9564=CARTESIAN_POINT('',(-1.875E0,1.75E-1,2.E0));
#9565=LINE('',#9564,#9563);
#9566=CURVE_STYLE('',#35,POSITIVE_LENGTH_MEASURE(2.E-2),#3);
#9567=PRESENTATION_STYLE_ASSIGNMENT((#9566));
#9568=STYLED_ITEM('',(#9567),#9565);
#9569=DIRECTION('',(0.E0,1.E0,0.E0));
#9570=VECTOR('',#9569,1.E-1);
#9571=CARTESIAN_POINT('',(-1.875E0,7.5E-2,2.E0));
#9572=LINE('',#9571,#9570);
#9573=CURVE_STYLE('',#35,POSITIVE_LENGTH_MEASURE(2.E-2),#3);
#9574=PRESENTATION_STYLE_ASSIGNMENT((#9573));
#9575=STYLED_ITEM('',(#9574),#9572);
#9576=DIRECTION('',(1.E0,0.E0,0.E0));
#9577=VECTOR('',#9576,1.5E-1);
#9578=CARTESIAN_POINT('',(1.725E0,7.5E-2,2.E0));
#9579=LINE('',#9578,#9577);
#9580=CURVE_STYLE('',#35,POSITIVE_LENGTH_MEASURE(2.E-2),#3);
#9581=PRESENTATION_STYLE_ASSIGNMENT((#9580));
#9582=STYLED_ITEM('',(#9581),#9579);
#9583=DIRECTION('',(0.E0,1.E0,0.E0));
#9584=VECTOR('',#9583,1.E-1);
#9585=CARTESIAN_POINT('',(1.875E0,7.5E-2,2.E0));
#9586=LINE('',#9585,#9584);
#9587=CURVE_STYLE('',#35,POSITIVE_LENGTH_MEASURE(2.E-2),#3);
#9588=PRESENTATION_STYLE_ASSIGNMENT((#9587));
#9589=STYLED_ITEM('',(#9588),#9586);
#9590=DIRECTION('',(1.E0,0.E0,0.E0));
#9591=VECTOR('',#9590,1.5E-1);
#9592=CARTESIAN_POINT('',(1.725E0,1.75E-1,2.E0));
#9593=LINE('',#9592,#9591);
#9594=CURVE_STYLE('',#35,POSITIVE_LENGTH_MEASURE(2.E-2),#3);
#9595=PRESENTATION_STYLE_ASSIGNMENT((#9594));
#9596=STYLED_ITEM('',(#9595),#9593);
#9597=DIRECTION('',(0.E0,1.E0,0.E0));
#9598=VECTOR('',#9597,1.E-1);
#9599=CARTESIAN_POINT('',(1.725E0,7.5E-2,2.E0));
#9600=LINE('',#9599,#9598);
#9601=CURVE_STYLE('',#35,POSITIVE_LENGTH_MEASURE(2.E-2),#3);
#9602=PRESENTATION_STYLE_ASSIGNMENT((#9601));
#9603=STYLED_ITEM('',(#9602),#9600);
#9604=DIRECTION('',(0.E0,0.E0,1.E0));
#9605=VECTOR('',#9604,2.81E-1);
#9606=CARTESIAN_POINT('',(-8.8E-1,1.75E-1,1.719E0));
#9607=LINE('',#9606,#9605);
#9608=CURVE_STYLE('',#35,POSITIVE_LENGTH_MEASURE(2.E-2),#3);
#9609=PRESENTATION_STYLE_ASSIGNMENT((#9608));
#9610=STYLED_ITEM('',(#9609),#9607);
#9611=CARTESIAN_POINT('',(-9.99E-1,1.75E-1,1.719E0));
#9612=DIRECTION('',(0.E0,-1.E0,0.E0));
#9613=DIRECTION('',(0.E0,0.E0,-1.E0));
#9614=AXIS2_PLACEMENT_3D('',#9611,#9612,#9613);
#9616=CURVE_STYLE('',#35,POSITIVE_LENGTH_MEASURE(2.E-2),#3);
#9617=PRESENTATION_STYLE_ASSIGNMENT((#9616));
#9618=STYLED_ITEM('',(#9617),#9615);
#9619=DIRECTION('',(1.E0,0.E0,0.E0));
#9620=VECTOR('',#9619,2.E-3);
#9621=CARTESIAN_POINT('',(-1.001E0,1.75E-1,1.6E0));
#9622=LINE('',#9621,#9620);
#9623=CURVE_STYLE('',#35,POSITIVE_LENGTH_MEASURE(2.E-2),#3);
#9624=PRESENTATION_STYLE_ASSIGNMENT((#9623));
#9625=STYLED_ITEM('',(#9624),#9622);
#9626=CARTESIAN_POINT('',(-1.001E0,1.75E-1,1.719E0));
#9627=DIRECTION('',(0.E0,-1.E0,0.E0));
#9628=DIRECTION('',(-1.E0,0.E0,0.E0));
#9629=AXIS2_PLACEMENT_3D('',#9626,#9627,#9628);
#9631=CURVE_STYLE('',#35,POSITIVE_LENGTH_MEASURE(2.E-2),#3);
#9632=PRESENTATION_STYLE_ASSIGNMENT((#9631));
#9633=STYLED_ITEM('',(#9632),#9630);
#9634=DIRECTION('',(0.E0,0.E0,-1.E0));
#9635=VECTOR('',#9634,2.81E-1);
#9636=CARTESIAN_POINT('',(-1.12E0,1.75E-1,2.E0));
#9637=LINE('',#9636,#9635);
#9638=CURVE_STYLE('',#35,POSITIVE_LENGTH_MEASURE(2.E-2),#3);
#9639=PRESENTATION_STYLE_ASSIGNMENT((#9638));
#9640=STYLED_ITEM('',(#9639),#9637);
#9641=DIRECTION('',(0.E0,1.E0,0.E0));
#9642=VECTOR('',#9641,1.75E-1);
#9643=CARTESIAN_POINT('',(-8.8E-1,0.E0,1.719E0));
#9644=LINE('',#9643,#9642);
#9645=CURVE_STYLE('',#35,POSITIVE_LENGTH_MEASURE(2.E-2),#3);
#9646=PRESENTATION_STYLE_ASSIGNMENT((#9645));
#9647=STYLED_ITEM('',(#9646),#9644);
#9648=DIRECTION('',(0.E0,1.E0,0.E0));
#9649=VECTOR('',#9648,1.75E-1);
#9650=CARTESIAN_POINT('',(-9.99E-1,0.E0,1.6E0));
#9651=LINE('',#9650,#9649);
#9652=CURVE_STYLE('',#35,POSITIVE_LENGTH_MEASURE(2.E-2),#3);
#9653=PRESENTATION_STYLE_ASSIGNMENT((#9652));
#9654=STYLED_ITEM('',(#9653),#9651);
#9655=DIRECTION('',(0.E0,1.E0,0.E0));
#9656=VECTOR('',#9655,1.75E-1);
#9657=CARTESIAN_POINT('',(-1.001E0,0.E0,1.6E0));
#9658=LINE('',#9657,#9656);
#9659=CURVE_STYLE('',#35,POSITIVE_LENGTH_MEASURE(2.E-2),#3);
#9660=PRESENTATION_STYLE_ASSIGNMENT((#9659));
#9661=STYLED_ITEM('',(#9660),#9658);
#9662=DIRECTION('',(0.E0,1.E0,0.E0));
#9663=VECTOR('',#9662,1.75E-1);
#9664=CARTESIAN_POINT('',(-1.12E0,0.E0,1.719E0));
#9665=LINE('',#9664,#9663);
#9666=CURVE_STYLE('',#35,POSITIVE_LENGTH_MEASURE(2.E-2),#3);
#9667=PRESENTATION_STYLE_ASSIGNMENT((#9666));
#9668=STYLED_ITEM('',(#9667),#9665);
#9669=DIRECTION('',(0.E0,0.E0,1.E0));
#9670=VECTOR('',#9669,4.E0);
#9671=CARTESIAN_POINT('',(-2.E0,7.75E-1,-2.E0));
#9672=LINE('',#9671,#9670);
#9673=CURVE_STYLE('',#35,POSITIVE_LENGTH_MEASURE(2.E-2),#3);
#9674=PRESENTATION_STYLE_ASSIGNMENT((#9673));
#9675=STYLED_ITEM('',(#9674),#9672);
#9676=DIRECTION('',(-1.E0,0.E0,0.E0));
#9677=VECTOR('',#9676,4.E0);
#9678=CARTESIAN_POINT('',(2.E0,7.75E-1,-2.E0));
#9679=LINE('',#9678,#9677);
#9680=CURVE_STYLE('',#35,POSITIVE_LENGTH_MEASURE(2.E-2),#3);
#9681=PRESENTATION_STYLE_ASSIGNMENT((#9680));
#9682=STYLED_ITEM('',(#9681),#9679);
#9683=DIRECTION('',(0.E0,0.E0,-1.E0));
#9684=VECTOR('',#9683,4.E0);
#9685=CARTESIAN_POINT('',(2.E0,7.75E-1,2.E0));
#9686=LINE('',#9685,#9684);
#9687=CURVE_STYLE('',#35,POSITIVE_LENGTH_MEASURE(2.E-2),#3);
#9688=PRESENTATION_STYLE_ASSIGNMENT((#9687));
#9689=STYLED_ITEM('',(#9688),#9686);
#9690=DIRECTION('',(1.E0,0.E0,0.E0));
#9691=VECTOR('',#9690,4.E0);
#9692=CARTESIAN_POINT('',(-2.E0,7.75E-1,2.E0));
#9693=LINE('',#9692,#9691);
#9694=CURVE_STYLE('',#35,POSITIVE_LENGTH_MEASURE(2.E-2),#3);
#9695=PRESENTATION_STYLE_ASSIGNMENT((#9694));
#9696=STYLED_ITEM('',(#9695),#9693);
#9697=DIRECTION('',(0.E0,1.E0,0.E0));
#9698=VECTOR('',#9697,1.75E-1);
#9699=CARTESIAN_POINT('',(1.12E0,0.E0,1.719E0));
#9700=LINE('',#9699,#9698);
#9701=CURVE_STYLE('',#35,POSITIVE_LENGTH_MEASURE(2.E-2),#3);
#9702=PRESENTATION_STYLE_ASSIGNMENT((#9701));
#9703=STYLED_ITEM('',(#9702),#9700);
#9704=DIRECTION('',(0.E0,1.E0,0.E0));
#9705=VECTOR('',#9704,1.75E-1);
#9706=CARTESIAN_POINT('',(1.001E0,0.E0,1.6E0));
#9707=LINE('',#9706,#9705);
#9708=CURVE_STYLE('',#35,POSITIVE_LENGTH_MEASURE(2.E-2),#3);
#9709=PRESENTATION_STYLE_ASSIGNMENT((#9708));
#9710=STYLED_ITEM('',(#9709),#9707);
#9711=DIRECTION('',(0.E0,1.E0,0.E0));
#9712=VECTOR('',#9711,1.75E-1);
#9713=CARTESIAN_POINT('',(9.99E-1,0.E0,1.6E0));
#9714=LINE('',#9713,#9712);
#9715=CURVE_STYLE('',#35,POSITIVE_LENGTH_MEASURE(2.E-2),#3);
#9716=PRESENTATION_STYLE_ASSIGNMENT((#9715));
#9717=STYLED_ITEM('',(#9716),#9714);
#9718=DIRECTION('',(0.E0,1.E0,0.E0));
#9719=VECTOR('',#9718,1.75E-1);
#9720=CARTESIAN_POINT('',(8.8E-1,0.E0,1.719E0));
#9721=LINE('',#9720,#9719);
#9722=CURVE_STYLE('',#35,POSITIVE_LENGTH_MEASURE(2.E-2),#3);
#9723=PRESENTATION_STYLE_ASSIGNMENT((#9722));
#9724=STYLED_ITEM('',(#9723),#9721);
#9725=DIRECTION('',(0.E0,0.E0,1.E0));
#9726=VECTOR('',#9725,2.81E-1);
#9727=CARTESIAN_POINT('',(1.12E0,1.75E-1,1.719E0));
#9728=LINE('',#9727,#9726);
#9729=CURVE_STYLE('',#35,POSITIVE_LENGTH_MEASURE(2.E-2),#3);
#9730=PRESENTATION_STYLE_ASSIGNMENT((#9729));
#9731=STYLED_ITEM('',(#9730),#9728);
#9732=CARTESIAN_POINT('',(1.001E0,1.75E-1,1.719E0));
#9733=DIRECTION('',(0.E0,-1.E0,0.E0));
#9734=DIRECTION('',(0.E0,0.E0,-1.E0));
#9735=AXIS2_PLACEMENT_3D('',#9732,#9733,#9734);
#9737=CURVE_STYLE('',#35,POSITIVE_LENGTH_MEASURE(2.E-2),#3);
#9738=PRESENTATION_STYLE_ASSIGNMENT((#9737));
#9739=STYLED_ITEM('',(#9738),#9736);
#9740=DIRECTION('',(1.E0,0.E0,0.E0));
#9741=VECTOR('',#9740,2.E-3);
#9742=CARTESIAN_POINT('',(9.99E-1,1.75E-1,1.6E0));
#9743=LINE('',#9742,#9741);
#9744=CURVE_STYLE('',#35,POSITIVE_LENGTH_MEASURE(2.E-2),#3);
#9745=PRESENTATION_STYLE_ASSIGNMENT((#9744));
#9746=STYLED_ITEM('',(#9745),#9743);
#9747=CARTESIAN_POINT('',(9.99E-1,1.75E-1,1.719E0));
#9748=DIRECTION('',(0.E0,-1.E0,0.E0));
#9749=DIRECTION('',(-1.E0,0.E0,0.E0));
#9750=AXIS2_PLACEMENT_3D('',#9747,#9748,#9749);
#9752=CURVE_STYLE('',#35,POSITIVE_LENGTH_MEASURE(2.E-2),#3);
#9753=PRESENTATION_STYLE_ASSIGNMENT((#9752));
#9754=STYLED_ITEM('',(#9753),#9751);
#9755=DIRECTION('',(0.E0,0.E0,-1.E0));
#9756=VECTOR('',#9755,2.81E-1);
#9757=CARTESIAN_POINT('',(8.8E-1,1.75E-1,2.E0));
#9758=LINE('',#9757,#9756);
#9759=CURVE_STYLE('',#35,POSITIVE_LENGTH_MEASURE(2.E-2),#3);
#9760=PRESENTATION_STYLE_ASSIGNMENT((#9759));
#9761=STYLED_ITEM('',(#9760),#9758);
#9762=DIRECTION('',(0.E0,1.E0,0.E0));
#9763=VECTOR('',#9762,1.75E-1);
#9764=CARTESIAN_POINT('',(6.2E-1,0.E0,1.719E0));
#9765=LINE('',#9764,#9763);
#9766=CURVE_STYLE('',#35,POSITIVE_LENGTH_MEASURE(2.E-2),#3);
#9767=PRESENTATION_STYLE_ASSIGNMENT((#9766));
#9768=STYLED_ITEM('',(#9767),#9765);
#9769=DIRECTION('',(0.E0,1.E0,0.E0));
#9770=VECTOR('',#9769,1.75E-1);
#9771=CARTESIAN_POINT('',(5.01E-1,0.E0,1.6E0));
#9772=LINE('',#9771,#9770);
#9773=CURVE_STYLE('',#35,POSITIVE_LENGTH_MEASURE(2.E-2),#3);
#9774=PRESENTATION_STYLE_ASSIGNMENT((#9773));
#9775=STYLED_ITEM('',(#9774),#9772);
#9776=DIRECTION('',(0.E0,1.E0,0.E0));
#9777=VECTOR('',#9776,1.75E-1);
#9778=CARTESIAN_POINT('',(4.99E-1,0.E0,1.6E0));
#9779=LINE('',#9778,#9777);
#9780=CURVE_STYLE('',#35,POSITIVE_LENGTH_MEASURE(2.E-2),#3);
#9781=PRESENTATION_STYLE_ASSIGNMENT((#9780));
#9782=STYLED_ITEM('',(#9781),#9779);
#9783=DIRECTION('',(0.E0,1.E0,0.E0));
#9784=VECTOR('',#9783,1.75E-1);
#9785=CARTESIAN_POINT('',(3.8E-1,0.E0,1.719E0));
#9786=LINE('',#9785,#9784);
#9787=CURVE_STYLE('',#35,POSITIVE_LENGTH_MEASURE(2.E-2),#3);
#9788=PRESENTATION_STYLE_ASSIGNMENT((#9787));
#9789=STYLED_ITEM('',(#9788),#9786);
#9790=DIRECTION('',(0.E0,0.E0,1.E0));
#9791=VECTOR('',#9790,2.81E-1);
#9792=CARTESIAN_POINT('',(6.2E-1,1.75E-1,1.719E0));
#9793=LINE('',#9792,#9791);
#9794=CURVE_STYLE('',#35,POSITIVE_LENGTH_MEASURE(2.E-2),#3);
#9795=PRESENTATION_STYLE_ASSIGNMENT((#9794));
#9796=STYLED_ITEM('',(#9795),#9793);
#9797=CARTESIAN_POINT('',(5.01E-1,1.75E-1,1.719E0));
#9798=DIRECTION('',(0.E0,-1.E0,0.E0));
#9799=DIRECTION('',(0.E0,0.E0,-1.E0));
#9800=AXIS2_PLACEMENT_3D('',#9797,#9798,#9799);
#9802=CURVE_STYLE('',#35,POSITIVE_LENGTH_MEASURE(2.E-2),#3);
#9803=PRESENTATION_STYLE_ASSIGNMENT((#9802));
#9804=STYLED_ITEM('',(#9803),#9801);
#9805=DIRECTION('',(1.E0,0.E0,0.E0));
#9806=VECTOR('',#9805,2.E-3);
#9807=CARTESIAN_POINT('',(4.99E-1,1.75E-1,1.6E0));
#9808=LINE('',#9807,#9806);
#9809=CURVE_STYLE('',#35,POSITIVE_LENGTH_MEASURE(2.E-2),#3);
#9810=PRESENTATION_STYLE_ASSIGNMENT((#9809));
#9811=STYLED_ITEM('',(#9810),#9808);
#9812=CARTESIAN_POINT('',(4.99E-1,1.75E-1,1.719E0));
#9813=DIRECTION('',(0.E0,-1.E0,0.E0));
#9814=DIRECTION('',(-1.E0,0.E0,0.E0));
#9815=AXIS2_PLACEMENT_3D('',#9812,#9813,#9814);
#9817=CURVE_STYLE('',#35,POSITIVE_LENGTH_MEASURE(2.E-2),#3);
#9818=PRESENTATION_STYLE_ASSIGNMENT((#9817));
#9819=STYLED_ITEM('',(#9818),#9816);
#9820=DIRECTION('',(0.E0,0.E0,-1.E0));
#9821=VECTOR('',#9820,2.81E-1);
#9822=CARTESIAN_POINT('',(3.8E-1,1.75E-1,2.E0));
#9823=LINE('',#9822,#9821);
#9824=CURVE_STYLE('',#35,POSITIVE_LENGTH_MEASURE(2.E-2),#3);
#9825=PRESENTATION_STYLE_ASSIGNMENT((#9824));
#9826=STYLED_ITEM('',(#9825),#9823);
#9827=DIRECTION('',(0.E0,1.E0,0.E0));
#9828=VECTOR('',#9827,1.75E-1);
#9829=CARTESIAN_POINT('',(1.2E-1,0.E0,1.719E0));
#9830=LINE('',#9829,#9828);
#9831=CURVE_STYLE('',#35,POSITIVE_LENGTH_MEASURE(2.E-2),#3);
#9832=PRESENTATION_STYLE_ASSIGNMENT((#9831));
#9833=STYLED_ITEM('',(#9832),#9830);
#9834=DIRECTION('',(0.E0,1.E0,0.E0));
#9835=VECTOR('',#9834,1.75E-1);
#9836=CARTESIAN_POINT('',(1.000000000001E-3,0.E0,1.6E0));
#9837=LINE('',#9836,#9835);
#9838=CURVE_STYLE('',#35,POSITIVE_LENGTH_MEASURE(2.E-2),#3);
#9839=PRESENTATION_STYLE_ASSIGNMENT((#9838));
#9840=STYLED_ITEM('',(#9839),#9837);
#9841=DIRECTION('',(0.E0,1.E0,0.E0));
#9842=VECTOR('',#9841,1.75E-1);
#9843=CARTESIAN_POINT('',(-1.000000000001E-3,0.E0,1.6E0));
#9844=LINE('',#9843,#9842);
#9845=CURVE_STYLE('',#35,POSITIVE_LENGTH_MEASURE(2.E-2),#3);
#9846=PRESENTATION_STYLE_ASSIGNMENT((#9845));
#9847=STYLED_ITEM('',(#9846),#9844);
#9848=DIRECTION('',(0.E0,1.E0,0.E0));
#9849=VECTOR('',#9848,1.75E-1);
#9850=CARTESIAN_POINT('',(-1.2E-1,0.E0,1.719E0));
#9851=LINE('',#9850,#9849);
#9852=CURVE_STYLE('',#35,POSITIVE_LENGTH_MEASURE(2.E-2),#3);
#9853=PRESENTATION_STYLE_ASSIGNMENT((#9852));
#9854=STYLED_ITEM('',(#9853),#9851);
#9855=DIRECTION('',(0.E0,0.E0,1.E0));
#9856=VECTOR('',#9855,2.81E-1);
#9857=CARTESIAN_POINT('',(1.2E-1,1.75E-1,1.719E0));
#9858=LINE('',#9857,#9856);
#9859=CURVE_STYLE('',#35,POSITIVE_LENGTH_MEASURE(2.E-2),#3);
#9860=PRESENTATION_STYLE_ASSIGNMENT((#9859));
#9861=STYLED_ITEM('',(#9860),#9858);
#9862=CARTESIAN_POINT('',(1.E-3,1.75E-1,1.719E0));
#9863=DIRECTION('',(0.E0,-1.E0,0.E0));
#9864=DIRECTION('',(0.E0,0.E0,-1.E0));
#9865=AXIS2_PLACEMENT_3D('',#9862,#9863,#9864);
#9867=CURVE_STYLE('',#35,POSITIVE_LENGTH_MEASURE(2.E-2),#3);
#9868=PRESENTATION_STYLE_ASSIGNMENT((#9867));
#9869=STYLED_ITEM('',(#9868),#9866);
#9870=DIRECTION('',(1.E0,0.E0,0.E0));
#9871=VECTOR('',#9870,2.E-3);
#9872=CARTESIAN_POINT('',(-1.E-3,1.75E-1,1.6E0));
#9873=LINE('',#9872,#9871);
#9874=CURVE_STYLE('',#35,POSITIVE_LENGTH_MEASURE(2.E-2),#3);
#9875=PRESENTATION_STYLE_ASSIGNMENT((#9874));
#9876=STYLED_ITEM('',(#9875),#9873);
#9877=CARTESIAN_POINT('',(-1.E-3,1.75E-1,1.719E0));
#9878=DIRECTION('',(0.E0,-1.E0,0.E0));
#9879=DIRECTION('',(-1.E0,0.E0,0.E0));
#9880=AXIS2_PLACEMENT_3D('',#9877,#9878,#9879);
#9882=CURVE_STYLE('',#35,POSITIVE_LENGTH_MEASURE(2.E-2),#3);
#9883=PRESENTATION_STYLE_ASSIGNMENT((#9882));
#9884=STYLED_ITEM('',(#9883),#9881);
#9885=DIRECTION('',(0.E0,0.E0,-1.E0));
#9886=VECTOR('',#9885,2.81E-1);
#9887=CARTESIAN_POINT('',(-1.2E-1,1.75E-1,2.E0));
#9888=LINE('',#9887,#9886);
#9889=CURVE_STYLE('',#35,POSITIVE_LENGTH_MEASURE(2.E-2),#3);
#9890=PRESENTATION_STYLE_ASSIGNMENT((#9889));
#9891=STYLED_ITEM('',(#9890),#9888);
#9892=DIRECTION('',(0.E0,1.E0,0.E0));
#9893=VECTOR('',#9892,1.75E-1);
#9894=CARTESIAN_POINT('',(-3.8E-1,0.E0,1.719E0));
#9895=LINE('',#9894,#9893);
#9896=CURVE_STYLE('',#35,POSITIVE_LENGTH_MEASURE(2.E-2),#3);
#9897=PRESENTATION_STYLE_ASSIGNMENT((#9896));
#9898=STYLED_ITEM('',(#9897),#9895);
#9899=DIRECTION('',(0.E0,1.E0,0.E0));
#9900=VECTOR('',#9899,1.75E-1);
#9901=CARTESIAN_POINT('',(-4.99E-1,0.E0,1.6E0));
#9902=LINE('',#9901,#9900);
#9903=CURVE_STYLE('',#35,POSITIVE_LENGTH_MEASURE(2.E-2),#3);
#9904=PRESENTATION_STYLE_ASSIGNMENT((#9903));
#9905=STYLED_ITEM('',(#9904),#9902);
#9906=DIRECTION('',(0.E0,1.E0,0.E0));
#9907=VECTOR('',#9906,1.75E-1);
#9908=CARTESIAN_POINT('',(-5.01E-1,0.E0,1.6E0));
#9909=LINE('',#9908,#9907);
#9910=CURVE_STYLE('',#35,POSITIVE_LENGTH_MEASURE(2.E-2),#3);
#9911=PRESENTATION_STYLE_ASSIGNMENT((#9910));
#9912=STYLED_ITEM('',(#9911),#9909);
#9913=DIRECTION('',(0.E0,1.E0,0.E0));
#9914=VECTOR('',#9913,1.75E-1);
#9915=CARTESIAN_POINT('',(-6.2E-1,0.E0,1.719E0));
#9916=LINE('',#9915,#9914);
#9917=CURVE_STYLE('',#35,POSITIVE_LENGTH_MEASURE(2.E-2),#3);
#9918=PRESENTATION_STYLE_ASSIGNMENT((#9917));
#9919=STYLED_ITEM('',(#9918),#9916);
#9920=DIRECTION('',(0.E0,0.E0,1.E0));
#9921=VECTOR('',#9920,2.81E-1);
#9922=CARTESIAN_POINT('',(-3.8E-1,1.75E-1,1.719E0));
#9923=LINE('',#9922,#9921);
#9924=CURVE_STYLE('',#35,POSITIVE_LENGTH_MEASURE(2.E-2),#3);
#9925=PRESENTATION_STYLE_ASSIGNMENT((#9924));
#9926=STYLED_ITEM('',(#9925),#9923);
#9927=CARTESIAN_POINT('',(-4.99E-1,1.75E-1,1.719E0));
#9928=DIRECTION('',(0.E0,-1.E0,0.E0));
#9929=DIRECTION('',(0.E0,0.E0,-1.E0));
#9930=AXIS2_PLACEMENT_3D('',#9927,#9928,#9929);
#9932=CURVE_STYLE('',#35,POSITIVE_LENGTH_MEASURE(2.E-2),#3);
#9933=PRESENTATION_STYLE_ASSIGNMENT((#9932));
#9934=STYLED_ITEM('',(#9933),#9931);
#9935=DIRECTION('',(1.E0,0.E0,0.E0));
#9936=VECTOR('',#9935,2.E-3);
#9937=CARTESIAN_POINT('',(-5.01E-1,1.75E-1,1.6E0));
#9938=LINE('',#9937,#9936);
#9939=CURVE_STYLE('',#35,POSITIVE_LENGTH_MEASURE(2.E-2),#3);
#9940=PRESENTATION_STYLE_ASSIGNMENT((#9939));
#9941=STYLED_ITEM('',(#9940),#9938);
#9942=CARTESIAN_POINT('',(-5.01E-1,1.75E-1,1.719E0));
#9943=DIRECTION('',(0.E0,-1.E0,0.E0));
#9944=DIRECTION('',(-1.E0,0.E0,0.E0));
#9945=AXIS2_PLACEMENT_3D('',#9942,#9943,#9944);
#9947=CURVE_STYLE('',#35,POSITIVE_LENGTH_MEASURE(2.E-2),#3);
#9948=PRESENTATION_STYLE_ASSIGNMENT((#9947));
#9949=STYLED_ITEM('',(#9948),#9946);
#9950=DIRECTION('',(0.E0,0.E0,-1.E0));
#9951=VECTOR('',#9950,2.81E-1);
#9952=CARTESIAN_POINT('',(-6.2E-1,1.75E-1,2.E0));
#9953=LINE('',#9952,#9951);
#9954=CURVE_STYLE('',#35,POSITIVE_LENGTH_MEASURE(2.E-2),#3);
#9955=PRESENTATION_STYLE_ASSIGNMENT((#9954));
#9956=STYLED_ITEM('',(#9955),#9953);
#9957=DIRECTION('',(-1.E0,0.E0,0.E0));
#9958=VECTOR('',#9957,1.25E-1);
#9959=CARTESIAN_POINT('',(-1.875E0,7.5E-2,-1.875E0));
#9960=LINE('',#9959,#9958);
#9961=CURVE_STYLE('',#35,POSITIVE_LENGTH_MEASURE(2.E-2),#3);
#9962=PRESENTATION_STYLE_ASSIGNMENT((#9961));
#9963=STYLED_ITEM('',(#9962),#9960);
#9964=DIRECTION('',(0.E0,0.E0,1.E0));
#9965=VECTOR('',#9964,1.25E-1);
#9966=CARTESIAN_POINT('',(-1.875E0,7.5E-2,-2.E0));
#9967=LINE('',#9966,#9965);
#9968=CURVE_STYLE('',#35,POSITIVE_LENGTH_MEASURE(2.E-2),#3);
#9969=PRESENTATION_STYLE_ASSIGNMENT((#9968));
#9970=STYLED_ITEM('',(#9969),#9967);
#9971=DIRECTION('',(0.E0,0.E0,-1.E0));
#9972=VECTOR('',#9971,2.75E-1);
#9973=CARTESIAN_POINT('',(-1.725E0,7.5E-2,-1.725E0));
#9974=LINE('',#9973,#9972);
#9975=CURVE_STYLE('',#35,POSITIVE_LENGTH_MEASURE(2.E-2),#3);
#9976=PRESENTATION_STYLE_ASSIGNMENT((#9975));
#9977=STYLED_ITEM('',(#9976),#9974);
#9978=DIRECTION('',(1.E0,0.E0,0.E0));
#9979=VECTOR('',#9978,2.75E-1);
#9980=CARTESIAN_POINT('',(-2.E0,7.5E-2,-1.725E0));
#9981=LINE('',#9980,#9979);
#9982=CURVE_STYLE('',#35,POSITIVE_LENGTH_MEASURE(2.E-2),#3);
#9983=PRESENTATION_STYLE_ASSIGNMENT((#9982));
#9984=STYLED_ITEM('',(#9983),#9981);
#9985=DIRECTION('',(-1.E0,0.E0,0.E0));
#9986=VECTOR('',#9985,2.75E-1);
#9987=CARTESIAN_POINT('',(-1.725E0,7.5E-2,1.725E0));
#9988=LINE('',#9987,#9986);
#9989=CURVE_STYLE('',#35,POSITIVE_LENGTH_MEASURE(2.E-2),#3);
#9990=PRESENTATION_STYLE_ASSIGNMENT((#9989));
#9991=STYLED_ITEM('',(#9990),#9988);
#9992=DIRECTION('',(0.E0,0.E0,-1.E0));
#9993=VECTOR('',#9992,2.75E-1);
#9994=CARTESIAN_POINT('',(-1.725E0,7.5E-2,2.E0));
#9995=LINE('',#9994,#9993);
#9996=CURVE_STYLE('',#35,POSITIVE_LENGTH_MEASURE(2.E-2),#3);
#9997=PRESENTATION_STYLE_ASSIGNMENT((#9996));
#9998=STYLED_ITEM('',(#9997),#9995);
#9999=DIRECTION('',(0.E0,0.E0,1.E0));
#10000=VECTOR('',#9999,1.25E-1);
#10001=CARTESIAN_POINT('',(-1.875E0,7.5E-2,1.875E0));
#10002=LINE('',#10001,#10000);
#10003=CURVE_STYLE('',#35,POSITIVE_LENGTH_MEASURE(2.E-2),#3);
#10004=PRESENTATION_STYLE_ASSIGNMENT((#10003));
#10005=STYLED_ITEM('',(#10004),#10002);
#10006=DIRECTION('',(1.E0,0.E0,0.E0));
#10007=VECTOR('',#10006,1.25E-1);
#10008=CARTESIAN_POINT('',(-2.E0,7.5E-2,1.875E0));
#10009=LINE('',#10008,#10007);
#10010=CURVE_STYLE('',#35,POSITIVE_LENGTH_MEASURE(2.E-2),#3);
#10011=PRESENTATION_STYLE_ASSIGNMENT((#10010));
#10012=STYLED_ITEM('',(#10011),#10009);
#10013=DIRECTION('',(0.E0,0.E0,1.E0));
#10014=VECTOR('',#10013,2.75E-1);
#10015=CARTESIAN_POINT('',(1.725E0,7.5E-2,1.725E0));
#10016=LINE('',#10015,#10014);
#10017=CURVE_STYLE('',#35,POSITIVE_LENGTH_MEASURE(2.E-2),#3);
#10018=PRESENTATION_STYLE_ASSIGNMENT((#10017));
#10019=STYLED_ITEM('',(#10018),#10016);
#10020=DIRECTION('',(-1.E0,0.E0,0.E0));
#10021=VECTOR('',#10020,2.75E-1);
#10022=CARTESIAN_POINT('',(2.E0,7.5E-2,1.725E0));
#10023=LINE('',#10022,#10021);
#10024=CURVE_STYLE('',#35,POSITIVE_LENGTH_MEASURE(2.E-2),#3);
#10025=PRESENTATION_STYLE_ASSIGNMENT((#10024));
#10026=STYLED_ITEM('',(#10025),#10023);
#10027=DIRECTION('',(1.E0,0.E0,0.E0));
#10028=VECTOR('',#10027,1.25E-1);
#10029=CARTESIAN_POINT('',(1.875E0,7.5E-2,1.875E0));
#10030=LINE('',#10029,#10028);
#10031=CURVE_STYLE('',#35,POSITIVE_LENGTH_MEASURE(2.E-2),#3);
#10032=PRESENTATION_STYLE_ASSIGNMENT((#10031));
#10033=STYLED_ITEM('',(#10032),#10030);
#10034=DIRECTION('',(0.E0,0.E0,-1.E0));
#10035=VECTOR('',#10034,1.25E-1);
#10036=CARTESIAN_POINT('',(1.875E0,7.5E-2,2.E0));
#10037=LINE('',#10036,#10035);
#10038=CURVE_STYLE('',#35,POSITIVE_LENGTH_MEASURE(2.E-2),#3);
#10039=PRESENTATION_STYLE_ASSIGNMENT((#10038));
#10040=STYLED_ITEM('',(#10039),#10037);
#10041=DIRECTION('',(1.E0,0.E0,0.E0));
#10042=VECTOR('',#10041,2.75E-1);
#10043=CARTESIAN_POINT('',(1.725E0,7.5E-2,-1.725E0));
#10044=LINE('',#10043,#10042);
#10045=CURVE_STYLE('',#35,POSITIVE_LENGTH_MEASURE(2.E-2),#3);
#10046=PRESENTATION_STYLE_ASSIGNMENT((#10045));
#10047=STYLED_ITEM('',(#10046),#10044);
#10048=DIRECTION('',(0.E0,0.E0,1.E0));
#10049=VECTOR('',#10048,2.75E-1);
#10050=CARTESIAN_POINT('',(1.725E0,7.5E-2,-2.E0));
#10051=LINE('',#10050,#10049);
#10052=CURVE_STYLE('',#35,POSITIVE_LENGTH_MEASURE(2.E-2),#3);
#10053=PRESENTATION_STYLE_ASSIGNMENT((#10052));
#10054=STYLED_ITEM('',(#10053),#10051);
#10055=DIRECTION('',(0.E0,0.E0,-1.E0));
#10056=VECTOR('',#10055,1.25E-1);
#10057=CARTESIAN_POINT('',(1.875E0,7.5E-2,-1.875E0));
#10058=LINE('',#10057,#10056);
#10059=CURVE_STYLE('',#35,POSITIVE_LENGTH_MEASURE(2.E-2),#3);
#10060=PRESENTATION_STYLE_ASSIGNMENT((#10059));
#10061=STYLED_ITEM('',(#10060),#10058);
#10062=DIRECTION('',(-1.E0,0.E0,0.E0));
#10063=VECTOR('',#10062,1.25E-1);
#10064=CARTESIAN_POINT('',(2.E0,7.5E-2,-1.875E0));
#10065=LINE('',#10064,#10063);
#10066=CURVE_STYLE('',#35,POSITIVE_LENGTH_MEASURE(2.E-2),#3);
#10067=PRESENTATION_STYLE_ASSIGNMENT((#10066));
#10068=STYLED_ITEM('',(#10067),#10065);
#10069=DIRECTION('',(0.E0,1.E0,0.E0));
#10070=VECTOR('',#10069,1.E-1);
#10071=CARTESIAN_POINT('',(-1.875E0,7.5E-2,-1.875E0));
#10072=LINE('',#10071,#10070);
#10073=CURVE_STYLE('',#35,POSITIVE_LENGTH_MEASURE(2.E-2),#3);
#10074=PRESENTATION_STYLE_ASSIGNMENT((#10073));
#10075=STYLED_ITEM('',(#10074),#10072);
#10076=DIRECTION('',(1.E0,0.E0,0.E0));
#10077=VECTOR('',#10076,2.75E-1);
#10078=CARTESIAN_POINT('',(-2.E0,1.75E-1,-1.725E0));
#10079=LINE('',#10078,#10077);
#10080=CURVE_STYLE('',#35,POSITIVE_LENGTH_MEASURE(2.E-2),#3);
#10081=PRESENTATION_STYLE_ASSIGNMENT((#10080));
#10082=STYLED_ITEM('',(#10081),#10079);
#10083=DIRECTION('',(0.E0,0.E0,-1.E0));
#10084=VECTOR('',#10083,2.75E-1);
#10085=CARTESIAN_POINT('',(-1.725E0,1.75E-1,-1.725E0));
#10086=LINE('',#10085,#10084);
#10087=CURVE_STYLE('',#35,POSITIVE_LENGTH_MEASURE(2.E-2),#3);
#10088=PRESENTATION_STYLE_ASSIGNMENT((#10087));
#10089=STYLED_ITEM('',(#10088),#10086);
#10090=DIRECTION('',(0.E0,0.E0,1.E0));
#10091=VECTOR('',#10090,1.25E-1);
#10092=CARTESIAN_POINT('',(-1.875E0,1.75E-1,-2.E0));
#10093=LINE('',#10092,#10091);
#10094=CURVE_STYLE('',#35,POSITIVE_LENGTH_MEASURE(2.E-2),#3);
#10095=PRESENTATION_STYLE_ASSIGNMENT((#10094));
#10096=STYLED_ITEM('',(#10095),#10093);
#10097=DIRECTION('',(-1.E0,0.E0,0.E0));
#10098=VECTOR('',#10097,1.25E-1);
#10099=CARTESIAN_POINT('',(-1.875E0,1.75E-1,-1.875E0));
#10100=LINE('',#10099,#10098);
#10101=CURVE_STYLE('',#35,POSITIVE_LENGTH_MEASURE(2.E-2),#3);
#10102=PRESENTATION_STYLE_ASSIGNMENT((#10101));
#10103=STYLED_ITEM('',(#10102),#10100);
#10104=DIRECTION('',(1.E0,0.E0,0.E0));
#10105=VECTOR('',#10104,1.25E-1);
#10106=CARTESIAN_POINT('',(-2.E0,1.75E-1,1.875E0));
#10107=LINE('',#10106,#10105);
#10108=CURVE_STYLE('',#35,POSITIVE_LENGTH_MEASURE(2.E-2),#3);
#10109=PRESENTATION_STYLE_ASSIGNMENT((#10108));
#10110=STYLED_ITEM('',(#10109),#10107);
#10111=DIRECTION('',(0.E0,0.E0,1.E0));
#10112=VECTOR('',#10111,1.25E-1);
#10113=CARTESIAN_POINT('',(-1.875E0,1.75E-1,1.875E0));
#10114=LINE('',#10113,#10112);
#10115=CURVE_STYLE('',#35,POSITIVE_LENGTH_MEASURE(2.E-2),#3);
#10116=PRESENTATION_STYLE_ASSIGNMENT((#10115));
#10117=STYLED_ITEM('',(#10116),#10114);
#10118=DIRECTION('',(0.E0,0.E0,-1.E0));
#10119=VECTOR('',#10118,2.75E-1);
#10120=CARTESIAN_POINT('',(-1.725E0,1.75E-1,2.E0));
#10121=LINE('',#10120,#10119);
#10122=CURVE_STYLE('',#35,POSITIVE_LENGTH_MEASURE(2.E-2),#3);
#10123=PRESENTATION_STYLE_ASSIGNMENT((#10122));
#10124=STYLED_ITEM('',(#10123),#10121);
#10125=DIRECTION('',(-1.E0,0.E0,0.E0));
#10126=VECTOR('',#10125,2.75E-1);
#10127=CARTESIAN_POINT('',(-1.725E0,1.75E-1,1.725E0));
#10128=LINE('',#10127,#10126);
#10129=CURVE_STYLE('',#35,POSITIVE_LENGTH_MEASURE(2.E-2),#3);
#10130=PRESENTATION_STYLE_ASSIGNMENT((#10129));
#10131=STYLED_ITEM('',(#10130),#10128);
#10132=DIRECTION('',(0.E0,0.E0,-1.E0));
#10133=VECTOR('',#10132,1.25E-1);
#10134=CARTESIAN_POINT('',(1.875E0,1.75E-1,2.E0));
#10135=LINE('',#10134,#10133);
#10136=CURVE_STYLE('',#35,POSITIVE_LENGTH_MEASURE(2.E-2),#3);
#10137=PRESENTATION_STYLE_ASSIGNMENT((#10136));
#10138=STYLED_ITEM('',(#10137),#10135);
#10139=DIRECTION('',(1.E0,0.E0,0.E0));
#10140=VECTOR('',#10139,1.25E-1);
#10141=CARTESIAN_POINT('',(1.875E0,1.75E-1,1.875E0));
#10142=LINE('',#10141,#10140);
#10143=CURVE_STYLE('',#35,POSITIVE_LENGTH_MEASURE(2.E-2),#3);
#10144=PRESENTATION_STYLE_ASSIGNMENT((#10143));
#10145=STYLED_ITEM('',(#10144),#10142);
#10146=DIRECTION('',(-1.E0,0.E0,0.E0));
#10147=VECTOR('',#10146,2.75E-1);
#10148=CARTESIAN_POINT('',(2.E0,1.75E-1,1.725E0));
#10149=LINE('',#10148,#10147);
#10150=CURVE_STYLE('',#35,POSITIVE_LENGTH_MEASURE(2.E-2),#3);
#10151=PRESENTATION_STYLE_ASSIGNMENT((#10150));
#10152=STYLED_ITEM('',(#10151),#10149);
#10153=DIRECTION('',(0.E0,0.E0,1.E0));
#10154=VECTOR('',#10153,2.75E-1);
#10155=CARTESIAN_POINT('',(1.725E0,1.75E-1,1.725E0));
#10156=LINE('',#10155,#10154);
#10157=CURVE_STYLE('',#35,POSITIVE_LENGTH_MEASURE(2.E-2),#3);
#10158=PRESENTATION_STYLE_ASSIGNMENT((#10157));
#10159=STYLED_ITEM('',(#10158),#10156);
#10160=DIRECTION('',(-1.E0,0.E0,0.E0));
#10161=VECTOR('',#10160,1.25E-1);
#10162=CARTESIAN_POINT('',(2.E0,1.75E-1,-1.875E0));
#10163=LINE('',#10162,#10161);
#10164=CURVE_STYLE('',#35,POSITIVE_LENGTH_MEASURE(2.E-2),#3);
#10165=PRESENTATION_STYLE_ASSIGNMENT((#10164));
#10166=STYLED_ITEM('',(#10165),#10163);
#10167=DIRECTION('',(0.E0,0.E0,-1.E0));
#10168=VECTOR('',#10167,1.25E-1);
#10169=CARTESIAN_POINT('',(1.875E0,1.75E-1,-1.875E0));
#10170=LINE('',#10169,#10168);
#10171=CURVE_STYLE('',#35,POSITIVE_LENGTH_MEASURE(2.E-2),#3);
#10172=PRESENTATION_STYLE_ASSIGNMENT((#10171));
#10173=STYLED_ITEM('',(#10172),#10170);
#10174=DIRECTION('',(0.E0,0.E0,1.E0));
#10175=VECTOR('',#10174,2.75E-1);
#10176=CARTESIAN_POINT('',(1.725E0,1.75E-1,-2.E0));
#10177=LINE('',#10176,#10175);
#10178=CURVE_STYLE('',#35,POSITIVE_LENGTH_MEASURE(2.E-2),#3);
#10179=PRESENTATION_STYLE_ASSIGNMENT((#10178));
#10180=STYLED_ITEM('',(#10179),#10177);
#10181=DIRECTION('',(1.E0,0.E0,0.E0));
#10182=VECTOR('',#10181,2.75E-1);
#10183=CARTESIAN_POINT('',(1.725E0,1.75E-1,-1.725E0));
#10184=LINE('',#10183,#10182);
#10185=CURVE_STYLE('',#35,POSITIVE_LENGTH_MEASURE(2.E-2),#3);
#10186=PRESENTATION_STYLE_ASSIGNMENT((#10185));
#10187=STYLED_ITEM('',(#10186),#10184);
#10188=DIRECTION('',(0.E0,1.E0,0.E0));
#10189=VECTOR('',#10188,1.E-1);
#10190=CARTESIAN_POINT('',(-1.725E0,7.5E-2,-1.725E0));
#10191=LINE('',#10190,#10189);
#10192=CURVE_STYLE('',#35,POSITIVE_LENGTH_MEASURE(2.E-2),#3);
#10193=PRESENTATION_STYLE_ASSIGNMENT((#10192));
#10194=STYLED_ITEM('',(#10193),#10191);
#10195=DIRECTION('',(0.E0,1.E0,0.E0));
#10196=VECTOR('',#10195,1.E-1);
#10197=CARTESIAN_POINT('',(-1.875E0,7.5E-2,1.875E0));
#10198=LINE('',#10197,#10196);
#10199=CURVE_STYLE('',#35,POSITIVE_LENGTH_MEASURE(2.E-2),#3);
#10200=PRESENTATION_STYLE_ASSIGNMENT((#10199));
#10201=STYLED_ITEM('',(#10200),#10198);
#10202=DIRECTION('',(0.E0,1.E0,0.E0));
#10203=VECTOR('',#10202,1.E-1);
#10204=CARTESIAN_POINT('',(-1.725E0,7.5E-2,1.725E0));
#10205=LINE('',#10204,#10203);
#10206=CURVE_STYLE('',#35,POSITIVE_LENGTH_MEASURE(2.E-2),#3);
#10207=PRESENTATION_STYLE_ASSIGNMENT((#10206));
#10208=STYLED_ITEM('',(#10207),#10205);
#10209=DIRECTION('',(0.E0,1.E0,0.E0));
#10210=VECTOR('',#10209,1.E-1);
#10211=CARTESIAN_POINT('',(1.875E0,7.5E-2,1.875E0));
#10212=LINE('',#10211,#10210);
#10213=CURVE_STYLE('',#35,POSITIVE_LENGTH_MEASURE(2.E-2),#3);
#10214=PRESENTATION_STYLE_ASSIGNMENT((#10213));
#10215=STYLED_ITEM('',(#10214),#10212);
#10216=DIRECTION('',(0.E0,1.E0,0.E0));
#10217=VECTOR('',#10216,1.E-1);
#10218=CARTESIAN_POINT('',(1.725E0,7.5E-2,1.725E0));
#10219=LINE('',#10218,#10217);
#10220=CURVE_STYLE('',#35,POSITIVE_LENGTH_MEASURE(2.E-2),#3);
#10221=PRESENTATION_STYLE_ASSIGNMENT((#10220));
#10222=STYLED_ITEM('',(#10221),#10219);
#10223=DIRECTION('',(0.E0,1.E0,0.E0));
#10224=VECTOR('',#10223,1.E-1);
#10225=CARTESIAN_POINT('',(1.875E0,7.5E-2,-1.875E0));
#10226=LINE('',#10225,#10224);
#10227=CURVE_STYLE('',#35,POSITIVE_LENGTH_MEASURE(2.E-2),#3);
#10228=PRESENTATION_STYLE_ASSIGNMENT((#10227));
#10229=STYLED_ITEM('',(#10228),#10226);
#10230=DIRECTION('',(0.E0,1.E0,0.E0));
#10231=VECTOR('',#10230,1.E-1);
#10232=CARTESIAN_POINT('',(1.725E0,7.5E-2,-1.725E0));
#10233=LINE('',#10232,#10231);
#10234=CURVE_STYLE('',#35,POSITIVE_LENGTH_MEASURE(2.E-2),#3);
#10235=PRESENTATION_STYLE_ASSIGNMENT((#10234));
#10236=STYLED_ITEM('',(#10235),#10233);
#10237=DIRECTION('',(0.E0,1.E0,0.E0));
#10238=VECTOR('',#10237,1.75E-1);
#10239=CARTESIAN_POINT('',(-1.719E0,0.E0,1.12E0));
#10240=LINE('',#10239,#10238);
#10241=CURVE_STYLE('',#35,POSITIVE_LENGTH_MEASURE(2.E-2),#3);
#10242=PRESENTATION_STYLE_ASSIGNMENT((#10241));
#10243=STYLED_ITEM('',(#10242),#10240);
#10244=DIRECTION('',(0.E0,1.E0,0.E0));
#10245=VECTOR('',#10244,1.75E-1);
#10246=CARTESIAN_POINT('',(-1.6E0,0.E0,1.001E0));
#10247=LINE('',#10246,#10245);
#10248=CURVE_STYLE('',#35,POSITIVE_LENGTH_MEASURE(2.E-2),#3);
#10249=PRESENTATION_STYLE_ASSIGNMENT((#10248));
#10250=STYLED_ITEM('',(#10249),#10247);
#10251=DIRECTION('',(0.E0,1.E0,0.E0));
#10252=VECTOR('',#10251,1.75E-1);
#10253=CARTESIAN_POINT('',(-1.6E0,0.E0,9.99E-1));
#10254=LINE('',#10253,#10252);
#10255=CURVE_STYLE('',#35,POSITIVE_LENGTH_MEASURE(2.E-2),#3);
#10256=PRESENTATION_STYLE_ASSIGNMENT((#10255));
#10257=STYLED_ITEM('',(#10256),#10254);
#10258=DIRECTION('',(0.E0,1.E0,0.E0));
#10259=VECTOR('',#10258,1.75E-1);
#10260=CARTESIAN_POINT('',(-1.719E0,0.E0,8.8E-1));
#10261=LINE('',#10260,#10259);
#10262=CURVE_STYLE('',#35,POSITIVE_LENGTH_MEASURE(2.E-2),#3);
#10263=PRESENTATION_STYLE_ASSIGNMENT((#10262));
#10264=STYLED_ITEM('',(#10263),#10261);
#10265=DIRECTION('',(1.E0,0.E0,0.E0));
#10266=VECTOR('',#10265,2.81E-1);
#10267=CARTESIAN_POINT('',(-2.E0,1.75E-1,1.12E0));
#10268=LINE('',#10267,#10266);
#10269=CURVE_STYLE('',#35,POSITIVE_LENGTH_MEASURE(2.E-2),#3);
#10270=PRESENTATION_STYLE_ASSIGNMENT((#10269));
#10271=STYLED_ITEM('',(#10270),#10268);
#10272=CARTESIAN_POINT('',(-1.719E0,1.75E-1,1.001E0));
#10273=DIRECTION('',(0.E0,1.E0,0.E0));
#10274=DIRECTION('',(0.E0,0.E0,1.E0));
#10275=AXIS2_PLACEMENT_3D('',#10272,#10273,#10274);
#10277=CURVE_STYLE('',#35,POSITIVE_LENGTH_MEASURE(2.E-2),#3);
#10278=PRESENTATION_STYLE_ASSIGNMENT((#10277));
#10279=STYLED_ITEM('',(#10278),#10276);
#10280=DIRECTION('',(-1.110223024625E-13,0.E0,-1.E0));
#10281=VECTOR('',#10280,2.E-3);
#10282=CARTESIAN_POINT('',(-1.6E0,1.75E-1,1.001E0));
#10283=LINE('',#10282,#10281);
#10284=CURVE_STYLE('',#35,POSITIVE_LENGTH_MEASURE(2.E-2),#3);
#10285=PRESENTATION_STYLE_ASSIGNMENT((#10284));
#10286=STYLED_ITEM('',(#10285),#10283);
#10287=CARTESIAN_POINT('',(-1.719E0,1.75E-1,9.99E-1));
#10288=DIRECTION('',(0.E0,1.E0,0.E0));
#10289=DIRECTION('',(1.E0,0.E0,0.E0));
#10290=AXIS2_PLACEMENT_3D('',#10287,#10288,#10289);
#10292=CURVE_STYLE('',#35,POSITIVE_LENGTH_MEASURE(2.E-2),#3);
#10293=PRESENTATION_STYLE_ASSIGNMENT((#10292));
#10294=STYLED_ITEM('',(#10293),#10291);
#10295=DIRECTION('',(-1.E0,0.E0,0.E0));
#10296=VECTOR('',#10295,2.81E-1);
#10297=CARTESIAN_POINT('',(-1.719E0,1.75E-1,8.8E-1));
#10298=LINE('',#10297,#10296);
#10299=CURVE_STYLE('',#35,POSITIVE_LENGTH_MEASURE(2.E-2),#3);
#10300=PRESENTATION_STYLE_ASSIGNMENT((#10299));
#10301=STYLED_ITEM('',(#10300),#10298);
#10302=DIRECTION('',(0.E0,1.E0,0.E0));
#10303=VECTOR('',#10302,1.75E-1);
#10304=CARTESIAN_POINT('',(-1.719E0,0.E0,6.2E-1));
#10305=LINE('',#10304,#10303);
#10306=CURVE_STYLE('',#35,POSITIVE_LENGTH_MEASURE(2.E-2),#3);
#10307=PRESENTATION_STYLE_ASSIGNMENT((#10306));
#10308=STYLED_ITEM('',(#10307),#10305);
#10309=DIRECTION('',(0.E0,1.E0,0.E0));
#10310=VECTOR('',#10309,1.75E-1);
#10311=CARTESIAN_POINT('',(-1.6E0,0.E0,5.01E-1));
#10312=LINE('',#10311,#10310);
#10313=CURVE_STYLE('',#35,POSITIVE_LENGTH_MEASURE(2.E-2),#3);
#10314=PRESENTATION_STYLE_ASSIGNMENT((#10313));
#10315=STYLED_ITEM('',(#10314),#10312);
#10316=DIRECTION('',(0.E0,1.E0,0.E0));
#10317=VECTOR('',#10316,1.75E-1);
#10318=CARTESIAN_POINT('',(-1.6E0,0.E0,4.99E-1));
#10319=LINE('',#10318,#10317);
#10320=CURVE_STYLE('',#35,POSITIVE_LENGTH_MEASURE(2.E-2),#3);
#10321=PRESENTATION_STYLE_ASSIGNMENT((#10320));
#10322=STYLED_ITEM('',(#10321),#10319);
#10323=DIRECTION('',(0.E0,1.E0,0.E0));
#10324=VECTOR('',#10323,1.75E-1);
#10325=CARTESIAN_POINT('',(-1.719E0,0.E0,3.8E-1));
#10326=LINE('',#10325,#10324);
#10327=CURVE_STYLE('',#35,POSITIVE_LENGTH_MEASURE(2.E-2),#3);
#10328=PRESENTATION_STYLE_ASSIGNMENT((#10327));
#10329=STYLED_ITEM('',(#10328),#10326);
#10330=DIRECTION('',(1.E0,0.E0,0.E0));
#10331=VECTOR('',#10330,2.81E-1);
#10332=CARTESIAN_POINT('',(-2.E0,1.75E-1,6.2E-1));
#10333=LINE('',#10332,#10331);
#10334=CURVE_STYLE('',#35,POSITIVE_LENGTH_MEASURE(2.E-2),#3);
#10335=PRESENTATION_STYLE_ASSIGNMENT((#10334));
#10336=STYLED_ITEM('',(#10335),#10333);
#10337=CARTESIAN_POINT('',(-1.719E0,1.75E-1,5.01E-1));
#10338=DIRECTION('',(0.E0,1.E0,0.E0));
#10339=DIRECTION('',(0.E0,0.E0,1.E0));
#10340=AXIS2_PLACEMENT_3D('',#10337,#10338,#10339);
#10342=CURVE_STYLE('',#35,POSITIVE_LENGTH_MEASURE(2.E-2),#3);
#10343=PRESENTATION_STYLE_ASSIGNMENT((#10342));
#10344=STYLED_ITEM('',(#10343),#10341);
#10345=DIRECTION('',(-1.110223024625E-13,0.E0,-1.E0));
#10346=VECTOR('',#10345,2.E-3);
#10347=CARTESIAN_POINT('',(-1.6E0,1.75E-1,5.01E-1));
#10348=LINE('',#10347,#10346);
#10349=CURVE_STYLE('',#35,POSITIVE_LENGTH_MEASURE(2.E-2),#3);
#10350=PRESENTATION_STYLE_ASSIGNMENT((#10349));
#10351=STYLED_ITEM('',(#10350),#10348);
#10352=CARTESIAN_POINT('',(-1.719E0,1.75E-1,4.99E-1));
#10353=DIRECTION('',(0.E0,1.E0,0.E0));
#10354=DIRECTION('',(1.E0,0.E0,0.E0));
#10355=AXIS2_PLACEMENT_3D('',#10352,#10353,#10354);
#10357=CURVE_STYLE('',#35,POSITIVE_LENGTH_MEASURE(2.E-2),#3);
#10358=PRESENTATION_STYLE_ASSIGNMENT((#10357));
#10359=STYLED_ITEM('',(#10358),#10356);
#10360=DIRECTION('',(-1.E0,0.E0,0.E0));
#10361=VECTOR('',#10360,2.81E-1);
#10362=CARTESIAN_POINT('',(-1.719E0,1.75E-1,3.8E-1));
#10363=LINE('',#10362,#10361);
#10364=CURVE_STYLE('',#35,POSITIVE_LENGTH_MEASURE(2.E-2),#3);
#10365=PRESENTATION_STYLE_ASSIGNMENT((#10364));
#10366=STYLED_ITEM('',(#10365),#10363);
#10367=DIRECTION('',(0.E0,1.E0,0.E0));
#10368=VECTOR('',#10367,1.75E-1);
#10369=CARTESIAN_POINT('',(-1.719E0,0.E0,1.2E-1));
#10370=LINE('',#10369,#10368);
#10371=CURVE_STYLE('',#35,POSITIVE_LENGTH_MEASURE(2.E-2),#3);
#10372=PRESENTATION_STYLE_ASSIGNMENT((#10371));
#10373=STYLED_ITEM('',(#10372),#10370);
#10374=DIRECTION('',(0.E0,1.E0,0.E0));
#10375=VECTOR('',#10374,1.75E-1);
#10376=CARTESIAN_POINT('',(-1.6E0,0.E0,1.000000000001E-3));
#10377=LINE('',#10376,#10375);
#10378=CURVE_STYLE('',#35,POSITIVE_LENGTH_MEASURE(2.E-2),#3);
#10379=PRESENTATION_STYLE_ASSIGNMENT((#10378));
#10380=STYLED_ITEM('',(#10379),#10377);
#10381=DIRECTION('',(0.E0,1.E0,0.E0));
#10382=VECTOR('',#10381,1.75E-1);
#10383=CARTESIAN_POINT('',(-1.6E0,0.E0,-1.000000000001E-3));
#10384=LINE('',#10383,#10382);
#10385=CURVE_STYLE('',#35,POSITIVE_LENGTH_MEASURE(2.E-2),#3);
#10386=PRESENTATION_STYLE_ASSIGNMENT((#10385));
#10387=STYLED_ITEM('',(#10386),#10384);
#10388=DIRECTION('',(0.E0,1.E0,0.E0));
#10389=VECTOR('',#10388,1.75E-1);
#10390=CARTESIAN_POINT('',(-1.719E0,0.E0,-1.2E-1));
#10391=LINE('',#10390,#10389);
#10392=CURVE_STYLE('',#35,POSITIVE_LENGTH_MEASURE(2.E-2),#3);
#10393=PRESENTATION_STYLE_ASSIGNMENT((#10392));
#10394=STYLED_ITEM('',(#10393),#10391);
#10395=DIRECTION('',(1.E0,0.E0,0.E0));
#10396=VECTOR('',#10395,2.81E-1);
#10397=CARTESIAN_POINT('',(-2.E0,1.75E-1,1.2E-1));
#10398=LINE('',#10397,#10396);
#10399=CURVE_STYLE('',#35,POSITIVE_LENGTH_MEASURE(2.E-2),#3);
#10400=PRESENTATION_STYLE_ASSIGNMENT((#10399));
#10401=STYLED_ITEM('',(#10400),#10398);
#10402=CARTESIAN_POINT('',(-1.719E0,1.75E-1,1.E-3));
#10403=DIRECTION('',(0.E0,1.E0,0.E0));
#10404=DIRECTION('',(0.E0,0.E0,1.E0));
#10405=AXIS2_PLACEMENT_3D('',#10402,#10403,#10404);
#10407=CURVE_STYLE('',#35,POSITIVE_LENGTH_MEASURE(2.E-2),#3);
#10408=PRESENTATION_STYLE_ASSIGNMENT((#10407));
#10409=STYLED_ITEM('',(#10408),#10406);
#10410=DIRECTION('',(-1.110223024625E-13,0.E0,-1.E0));
#10411=VECTOR('',#10410,2.E-3);
#10412=CARTESIAN_POINT('',(-1.6E0,1.75E-1,1.E-3));
#10413=LINE('',#10412,#10411);
#10414=CURVE_STYLE('',#35,POSITIVE_LENGTH_MEASURE(2.E-2),#3);
#10415=PRESENTATION_STYLE_ASSIGNMENT((#10414));
#10416=STYLED_ITEM('',(#10415),#10413);
#10417=CARTESIAN_POINT('',(-1.719E0,1.75E-1,-1.E-3));
#10418=DIRECTION('',(0.E0,1.E0,0.E0));
#10419=DIRECTION('',(1.E0,0.E0,0.E0));
#10420=AXIS2_PLACEMENT_3D('',#10417,#10418,#10419);
#10422=CURVE_STYLE('',#35,POSITIVE_LENGTH_MEASURE(2.E-2),#3);
#10423=PRESENTATION_STYLE_ASSIGNMENT((#10422));
#10424=STYLED_ITEM('',(#10423),#10421);
#10425=DIRECTION('',(-1.E0,0.E0,0.E0));
#10426=VECTOR('',#10425,2.81E-1);
#10427=CARTESIAN_POINT('',(-1.719E0,1.75E-1,-1.2E-1));
#10428=LINE('',#10427,#10426);
#10429=CURVE_STYLE('',#35,POSITIVE_LENGTH_MEASURE(2.E-2),#3);
#10430=PRESENTATION_STYLE_ASSIGNMENT((#10429));
#10431=STYLED_ITEM('',(#10430),#10428);
#10432=DIRECTION('',(0.E0,1.E0,0.E0));
#10433=VECTOR('',#10432,1.75E-1);
#10434=CARTESIAN_POINT('',(-1.719E0,0.E0,-3.8E-1));
#10435=LINE('',#10434,#10433);
#10436=CURVE_STYLE('',#35,POSITIVE_LENGTH_MEASURE(2.E-2),#3);
#10437=PRESENTATION_STYLE_ASSIGNMENT((#10436));
#10438=STYLED_ITEM('',(#10437),#10435);
#10439=DIRECTION('',(0.E0,1.E0,0.E0));
#10440=VECTOR('',#10439,1.75E-1);
#10441=CARTESIAN_POINT('',(-1.6E0,0.E0,-4.99E-1));
#10442=LINE('',#10441,#10440);
#10443=CURVE_STYLE('',#35,POSITIVE_LENGTH_MEASURE(2.E-2),#3);
#10444=PRESENTATION_STYLE_ASSIGNMENT((#10443));
#10445=STYLED_ITEM('',(#10444),#10442);
#10446=DIRECTION('',(0.E0,1.E0,0.E0));
#10447=VECTOR('',#10446,1.75E-1);
#10448=CARTESIAN_POINT('',(-1.6E0,0.E0,-5.01E-1));
#10449=LINE('',#10448,#10447);
#10450=CURVE_STYLE('',#35,POSITIVE_LENGTH_MEASURE(2.E-2),#3);
#10451=PRESENTATION_STYLE_ASSIGNMENT((#10450));
#10452=STYLED_ITEM('',(#10451),#10449);
#10453=DIRECTION('',(0.E0,1.E0,0.E0));
#10454=VECTOR('',#10453,1.75E-1);
#10455=CARTESIAN_POINT('',(-1.719E0,0.E0,-6.2E-1));
#10456=LINE('',#10455,#10454);
#10457=CURVE_STYLE('',#35,POSITIVE_LENGTH_MEASURE(2.E-2),#3);
#10458=PRESENTATION_STYLE_ASSIGNMENT((#10457));
#10459=STYLED_ITEM('',(#10458),#10456);
#10460=DIRECTION('',(1.E0,0.E0,0.E0));
#10461=VECTOR('',#10460,2.81E-1);
#10462=CARTESIAN_POINT('',(-2.E0,1.75E-1,-3.8E-1));
#10463=LINE('',#10462,#10461);
#10464=CURVE_STYLE('',#35,POSITIVE_LENGTH_MEASURE(2.E-2),#3);
#10465=PRESENTATION_STYLE_ASSIGNMENT((#10464));
#10466=STYLED_ITEM('',(#10465),#10463);
#10467=CARTESIAN_POINT('',(-1.719E0,1.75E-1,-4.99E-1));
#10468=DIRECTION('',(0.E0,1.E0,0.E0));
#10469=DIRECTION('',(0.E0,0.E0,1.E0));
#10470=AXIS2_PLACEMENT_3D('',#10467,#10468,#10469);
#10472=CURVE_STYLE('',#35,POSITIVE_LENGTH_MEASURE(2.E-2),#3);
#10473=PRESENTATION_STYLE_ASSIGNMENT((#10472));
#10474=STYLED_ITEM('',(#10473),#10471);
#10475=DIRECTION('',(-1.110223024625E-13,0.E0,-1.E0));
#10476=VECTOR('',#10475,2.E-3);
#10477=CARTESIAN_POINT('',(-1.6E0,1.75E-1,-4.99E-1));
#10478=LINE('',#10477,#10476);
#10479=CURVE_STYLE('',#35,POSITIVE_LENGTH_MEASURE(2.E-2),#3);
#10480=PRESENTATION_STYLE_ASSIGNMENT((#10479));
#10481=STYLED_ITEM('',(#10480),#10478);
#10482=CARTESIAN_POINT('',(-1.719E0,1.75E-1,-5.01E-1));
#10483=DIRECTION('',(0.E0,1.E0,0.E0));
#10484=DIRECTION('',(1.E0,0.E0,0.E0));
#10485=AXIS2_PLACEMENT_3D('',#10482,#10483,#10484);
#10487=CURVE_STYLE('',#35,POSITIVE_LENGTH_MEASURE(2.E-2),#3);
#10488=PRESENTATION_STYLE_ASSIGNMENT((#10487));
#10489=STYLED_ITEM('',(#10488),#10486);
#10490=DIRECTION('',(-1.E0,0.E0,0.E0));
#10491=VECTOR('',#10490,2.81E-1);
#10492=CARTESIAN_POINT('',(-1.719E0,1.75E-1,-6.2E-1));
#10493=LINE('',#10492,#10491);
#10494=CURVE_STYLE('',#35,POSITIVE_LENGTH_MEASURE(2.E-2),#3);
#10495=PRESENTATION_STYLE_ASSIGNMENT((#10494));
#10496=STYLED_ITEM('',(#10495),#10493);
#10497=DIRECTION('',(0.E0,-1.E0,0.E0));
#10498=VECTOR('',#10497,1.75E-1);
#10499=CARTESIAN_POINT('',(-1.125E0,1.75E-1,-8.25E-1));
#10500=LINE('',#10499,#10498);
#10501=CURVE_STYLE('',#35,POSITIVE_LENGTH_MEASURE(2.E-2),#3);
#10502=PRESENTATION_STYLE_ASSIGNMENT((#10501));
#10503=STYLED_ITEM('',(#10502),#10500);
#10504=DIRECTION('',(0.E0,1.E0,0.E0));
#10505=VECTOR('',#10504,1.75E-1);
#10506=CARTESIAN_POINT('',(-1.125E0,0.E0,1.125E0));
#10507=LINE('',#10506,#10505);
#10508=CURVE_STYLE('',#35,POSITIVE_LENGTH_MEASURE(2.E-2),#3);
#10509=PRESENTATION_STYLE_ASSIGNMENT((#10508));
#10510=STYLED_ITEM('',(#10509),#10507);
#10511=DIRECTION('',(0.E0,1.E0,0.E0));
#10512=VECTOR('',#10511,1.75E-1);
#10513=CARTESIAN_POINT('',(1.125E0,0.E0,1.125E0));
#10514=LINE('',#10513,#10512);
#10515=CURVE_STYLE('',#35,POSITIVE_LENGTH_MEASURE(2.E-2),#3);
#10516=PRESENTATION_STYLE_ASSIGNMENT((#10515));
#10517=STYLED_ITEM('',(#10516),#10514);
#10518=DIRECTION('',(0.E0,-1.E0,0.E0));
#10519=VECTOR('',#10518,1.75E-1);
#10520=CARTESIAN_POINT('',(-8.25E-1,1.75E-1,-1.125E0));
#10521=LINE('',#10520,#10519);
#10522=CURVE_STYLE('',#35,POSITIVE_LENGTH_MEASURE(2.E-2),#3);
#10523=PRESENTATION_STYLE_ASSIGNMENT((#10522));
#10524=STYLED_ITEM('',(#10523),#10521);
#10525=DIRECTION('',(0.E0,1.E0,0.E0));
#10526=VECTOR('',#10525,1.75E-1);
#10527=CARTESIAN_POINT('',(1.125E0,0.E0,-1.125E0));
#10528=LINE('',#10527,#10526);
#10529=CURVE_STYLE('',#35,POSITIVE_LENGTH_MEASURE(2.E-2),#3);
#10530=PRESENTATION_STYLE_ASSIGNMENT((#10529));
#10531=STYLED_ITEM('',(#10530),#10528);
#10532=DIRECTION('',(-7.071067811865E-1,0.E0,7.071067811865E-1));
#10533=VECTOR('',#10532,4.242640687119E-1);
#10534=CARTESIAN_POINT('',(-8.25E-1,1.75E-1,-1.125E0));
#10535=LINE('',#10534,#10533);
#10536=CURVE_STYLE('',#35,POSITIVE_LENGTH_MEASURE(2.E-2),#3);
#10537=PRESENTATION_STYLE_ASSIGNMENT((#10536));
#10538=STYLED_ITEM('',(#10537),#10535);
#10539=DIRECTION('',(0.E0,0.E0,1.E0));
#10540=VECTOR('',#10539,1.95E0);
#10541=CARTESIAN_POINT('',(-1.125E0,1.75E-1,-8.25E-1));
#10542=LINE('',#10541,#10540);
#10543=CURVE_STYLE('',#35,POSITIVE_LENGTH_MEASURE(2.E-2),#3);
#10544=PRESENTATION_STYLE_ASSIGNMENT((#10543));
#10545=STYLED_ITEM('',(#10544),#10542);
#10546=DIRECTION('',(1.E0,0.E0,0.E0));
#10547=VECTOR('',#10546,2.25E0);
#10548=CARTESIAN_POINT('',(-1.125E0,1.75E-1,1.125E0));
#10549=LINE('',#10548,#10547);
#10550=CURVE_STYLE('',#35,POSITIVE_LENGTH_MEASURE(2.E-2),#3);
#10551=PRESENTATION_STYLE_ASSIGNMENT((#10550));
#10552=STYLED_ITEM('',(#10551),#10549);
#10553=DIRECTION('',(0.E0,0.E0,-1.E0));
#10554=VECTOR('',#10553,2.25E0);
#10555=CARTESIAN_POINT('',(1.125E0,1.75E-1,1.125E0));
#10556=LINE('',#10555,#10554);
#10557=CURVE_STYLE('',#35,POSITIVE_LENGTH_MEASURE(2.E-2),#3);
#10558=PRESENTATION_STYLE_ASSIGNMENT((#10557));
#10559=STYLED_ITEM('',(#10558),#10556);
#10560=DIRECTION('',(-1.E0,0.E0,0.E0));
#10561=VECTOR('',#10560,1.95E0);
#10562=CARTESIAN_POINT('',(1.125E0,1.75E-1,-1.125E0));
#10563=LINE('',#10562,#10561);
#10564=CURVE_STYLE('',#35,POSITIVE_LENGTH_MEASURE(2.E-2),#3);
#10565=PRESENTATION_STYLE_ASSIGNMENT((#10564));
#10566=STYLED_ITEM('',(#10565),#10563);
#10567=CARTESIAN_POINT('',(-2.E0,7.75E-1,-2.E0));
#10568=CARTESIAN_POINT('',(-2.E0,7.75E-1,2.E0));
#10569=VERTEX_POINT('',#10567);
#10570=VERTEX_POINT('',#10568);
#10571=CARTESIAN_POINT('',(2.E0,7.75E-1,2.E0));
#10572=VERTEX_POINT('',#10571);
#10573=CARTESIAN_POINT('',(2.E0,7.75E-1,-2.E0));
#10574=VERTEX_POINT('',#10573);
#10575=CARTESIAN_POINT('',(-2.E0,0.E0,-2.E0));
#10576=VERTEX_POINT('',#10575);
#10577=CARTESIAN_POINT('',(-2.E0,0.E0,2.E0));
#10578=VERTEX_POINT('',#10577);
#10579=CARTESIAN_POINT('',(2.E0,0.E0,2.E0));
#10580=VERTEX_POINT('',#10579);
#10581=CARTESIAN_POINT('',(2.E0,0.E0,-2.E0));
#10582=VERTEX_POINT('',#10581);
#10583=CARTESIAN_POINT('',(-1.125E0,1.75E-1,1.125E0));
#10584=CARTESIAN_POINT('',(1.125E0,1.75E-1,1.125E0));
#10585=VERTEX_POINT('',#10583);
#10586=VERTEX_POINT('',#10584);
#10587=CARTESIAN_POINT('',(1.125E0,1.75E-1,-1.125E0));
#10588=VERTEX_POINT('',#10587);
#10589=CARTESIAN_POINT('',(-8.25E-1,1.75E-1,-1.125E0));
#10590=CARTESIAN_POINT('',(-1.125E0,1.75E-1,-8.25E-1));
#10591=VERTEX_POINT('',#10589);
#10592=VERTEX_POINT('',#10590);
#10593=CARTESIAN_POINT('',(-2.E0,0.E0,-8.8E-1));
#10594=CARTESIAN_POINT('',(-1.719E0,0.E0,-8.8E-1));
#10595=VERTEX_POINT('',#10593);
#10596=VERTEX_POINT('',#10594);
#10597=CARTESIAN_POINT('',(-2.E0,0.E0,-1.12E0));
#10598=CARTESIAN_POINT('',(-1.719E0,0.E0,-1.12E0));
#10599=VERTEX_POINT('',#10597);
#10600=VERTEX_POINT('',#10598);
#10601=CARTESIAN_POINT('',(-2.E0,0.E0,-3.8E-1));
#10602=CARTESIAN_POINT('',(-1.719E0,0.E0,-3.8E-1));
#10603=VERTEX_POINT('',#10601);
#10604=VERTEX_POINT('',#10602);
#10605=CARTESIAN_POINT('',(-2.E0,0.E0,-6.2E-1));
#10606=CARTESIAN_POINT('',(-1.719E0,0.E0,-6.2E-1));
#10607=VERTEX_POINT('',#10605);
#10608=VERTEX_POINT('',#10606);
#10609=CARTESIAN_POINT('',(-2.E0,0.E0,1.2E-1));
#10610=CARTESIAN_POINT('',(-1.719E0,0.E0,1.2E-1));
#10611=VERTEX_POINT('',#10609);
#10612=VERTEX_POINT('',#10610);
#10613=CARTESIAN_POINT('',(-2.E0,0.E0,-1.2E-1));
#10614=CARTESIAN_POINT('',(-1.719E0,0.E0,-1.2E-1));
#10615=VERTEX_POINT('',#10613);
#10616=VERTEX_POINT('',#10614);
#10617=CARTESIAN_POINT('',(-2.E0,0.E0,6.2E-1));
#10618=CARTESIAN_POINT('',(-1.719E0,0.E0,6.2E-1));
#10619=VERTEX_POINT('',#10617);
#10620=VERTEX_POINT('',#10618);
#10621=CARTESIAN_POINT('',(-2.E0,0.E0,3.8E-1));
#10622=CARTESIAN_POINT('',(-1.719E0,0.E0,3.8E-1));
#10623=VERTEX_POINT('',#10621);
#10624=VERTEX_POINT('',#10622);
#10625=CARTESIAN_POINT('',(-2.E0,0.E0,1.12E0));
#10626=CARTESIAN_POINT('',(-1.719E0,0.E0,1.12E0));
#10627=VERTEX_POINT('',#10625);
#10628=VERTEX_POINT('',#10626);
#10629=CARTESIAN_POINT('',(-2.E0,0.E0,8.8E-1));
#10630=CARTESIAN_POINT('',(-1.719E0,0.E0,8.8E-1));
#10631=VERTEX_POINT('',#10629);
#10632=VERTEX_POINT('',#10630);
#10633=CARTESIAN_POINT('',(2.E0,0.E0,-8.8E-1));
#10634=CARTESIAN_POINT('',(1.719E0,0.E0,-8.8E-1));
#10635=VERTEX_POINT('',#10633);
#10636=VERTEX_POINT('',#10634);
#10637=CARTESIAN_POINT('',(2.E0,0.E0,-1.12E0));
#10638=CARTESIAN_POINT('',(1.719E0,0.E0,-1.12E0));
#10639=VERTEX_POINT('',#10637);
#10640=VERTEX_POINT('',#10638);
#10641=CARTESIAN_POINT('',(2.E0,0.E0,-3.8E-1));
#10642=CARTESIAN_POINT('',(1.719E0,0.E0,-3.8E-1));
#10643=VERTEX_POINT('',#10641);
#10644=VERTEX_POINT('',#10642);
#10645=CARTESIAN_POINT('',(2.E0,0.E0,-6.2E-1));
#10646=CARTESIAN_POINT('',(1.719E0,0.E0,-6.2E-1));
#10647=VERTEX_POINT('',#10645);
#10648=VERTEX_POINT('',#10646);
#10649=CARTESIAN_POINT('',(2.E0,0.E0,1.2E-1));
#10650=CARTESIAN_POINT('',(1.719E0,0.E0,1.2E-1));
#10651=VERTEX_POINT('',#10649);
#10652=VERTEX_POINT('',#10650);
#10653=CARTESIAN_POINT('',(2.E0,0.E0,-1.2E-1));
#10654=CARTESIAN_POINT('',(1.719E0,0.E0,-1.2E-1));
#10655=VERTEX_POINT('',#10653);
#10656=VERTEX_POINT('',#10654);
#10657=CARTESIAN_POINT('',(2.E0,0.E0,6.2E-1));
#10658=CARTESIAN_POINT('',(1.719E0,0.E0,6.2E-1));
#10659=VERTEX_POINT('',#10657);
#10660=VERTEX_POINT('',#10658);
#10661=CARTESIAN_POINT('',(2.E0,0.E0,3.8E-1));
#10662=CARTESIAN_POINT('',(1.719E0,0.E0,3.8E-1));
#10663=VERTEX_POINT('',#10661);
#10664=VERTEX_POINT('',#10662);
#10665=CARTESIAN_POINT('',(2.E0,0.E0,1.12E0));
#10666=CARTESIAN_POINT('',(1.719E0,0.E0,1.12E0));
#10667=VERTEX_POINT('',#10665);
#10668=VERTEX_POINT('',#10666);
#10669=CARTESIAN_POINT('',(2.E0,0.E0,8.8E-1));
#10670=CARTESIAN_POINT('',(1.719E0,0.E0,8.8E-1));
#10671=VERTEX_POINT('',#10669);
#10672=VERTEX_POINT('',#10670);
#10673=CARTESIAN_POINT('',(-1.12E0,0.E0,-2.E0));
#10674=CARTESIAN_POINT('',(-1.12E0,0.E0,-1.719E0));
#10675=VERTEX_POINT('',#10673);
#10676=VERTEX_POINT('',#10674);
#10677=CARTESIAN_POINT('',(-8.8E-1,0.E0,-2.E0));
#10678=CARTESIAN_POINT('',(-8.8E-1,0.E0,-1.719E0));
#10679=VERTEX_POINT('',#10677);
#10680=VERTEX_POINT('',#10678);
#10681=CARTESIAN_POINT('',(-6.2E-1,0.E0,-2.E0));
#10682=CARTESIAN_POINT('',(-6.2E-1,0.E0,-1.719E0));
#10683=VERTEX_POINT('',#10681);
#10684=VERTEX_POINT('',#10682);
#10685=CARTESIAN_POINT('',(-3.8E-1,0.E0,-2.E0));
#10686=CARTESIAN_POINT('',(-3.8E-1,0.E0,-1.719E0));
#10687=VERTEX_POINT('',#10685);
#10688=VERTEX_POINT('',#10686);
#10689=CARTESIAN_POINT('',(-1.2E-1,0.E0,-2.E0));
#10690=CARTESIAN_POINT('',(-1.2E-1,0.E0,-1.719E0));
#10691=VERTEX_POINT('',#10689);
#10692=VERTEX_POINT('',#10690);
#10693=CARTESIAN_POINT('',(1.2E-1,0.E0,-2.E0));
#10694=CARTESIAN_POINT('',(1.2E-1,0.E0,-1.719E0));
#10695=VERTEX_POINT('',#10693);
#10696=VERTEX_POINT('',#10694);
#10697=CARTESIAN_POINT('',(3.8E-1,0.E0,-2.E0));
#10698=CARTESIAN_POINT('',(3.8E-1,0.E0,-1.719E0));
#10699=VERTEX_POINT('',#10697);
#10700=VERTEX_POINT('',#10698);
#10701=CARTESIAN_POINT('',(6.2E-1,0.E0,-2.E0));
#10702=CARTESIAN_POINT('',(6.2E-1,0.E0,-1.719E0));
#10703=VERTEX_POINT('',#10701);
#10704=VERTEX_POINT('',#10702);
#10705=CARTESIAN_POINT('',(-1.12E0,0.E0,2.E0));
#10706=CARTESIAN_POINT('',(-1.12E0,0.E0,1.719E0));
#10707=VERTEX_POINT('',#10705);
#10708=VERTEX_POINT('',#10706);
#10709=CARTESIAN_POINT('',(-8.8E-1,0.E0,2.E0));
#10710=CARTESIAN_POINT('',(-8.8E-1,0.E0,1.719E0));
#10711=VERTEX_POINT('',#10709);
#10712=VERTEX_POINT('',#10710);
#10713=CARTESIAN_POINT('',(-6.2E-1,0.E0,2.E0));
#10714=CARTESIAN_POINT('',(-6.2E-1,0.E0,1.719E0));
#10715=VERTEX_POINT('',#10713);
#10716=VERTEX_POINT('',#10714);
#10717=CARTESIAN_POINT('',(-3.8E-1,0.E0,2.E0));
#10718=CARTESIAN_POINT('',(-3.8E-1,0.E0,1.719E0));
#10719=VERTEX_POINT('',#10717);
#10720=VERTEX_POINT('',#10718);
#10721=CARTESIAN_POINT('',(-1.2E-1,0.E0,2.E0));
#10722=CARTESIAN_POINT('',(-1.2E-1,0.E0,1.719E0));
#10723=VERTEX_POINT('',#10721);
#10724=VERTEX_POINT('',#10722);
#10725=CARTESIAN_POINT('',(1.2E-1,0.E0,2.E0));
#10726=CARTESIAN_POINT('',(1.2E-1,0.E0,1.719E0));
#10727=VERTEX_POINT('',#10725);
#10728=VERTEX_POINT('',#10726);
#10729=CARTESIAN_POINT('',(3.8E-1,0.E0,2.E0));
#10730=CARTESIAN_POINT('',(3.8E-1,0.E0,1.719E0));
#10731=VERTEX_POINT('',#10729);
#10732=VERTEX_POINT('',#10730);
#10733=CARTESIAN_POINT('',(6.2E-1,0.E0,2.E0));
#10734=CARTESIAN_POINT('',(6.2E-1,0.E0,1.719E0));
#10735=VERTEX_POINT('',#10733);
#10736=VERTEX_POINT('',#10734);
#10737=CARTESIAN_POINT('',(-1.125E0,0.E0,-8.25E-1));
#10738=CARTESIAN_POINT('',(-1.125E0,0.E0,1.125E0));
#10739=VERTEX_POINT('',#10737);
#10740=VERTEX_POINT('',#10738);
#10741=CARTESIAN_POINT('',(1.125E0,0.E0,1.125E0));
#10742=VERTEX_POINT('',#10741);
#10743=CARTESIAN_POINT('',(1.125E0,0.E0,-1.125E0));
#10744=VERTEX_POINT('',#10743);
#10745=CARTESIAN_POINT('',(-8.25E-1,0.E0,-1.125E0));
#10746=VERTEX_POINT('',#10745);
#10747=CARTESIAN_POINT('',(-2.E0,1.75E-1,-8.8E-1));
#10748=CARTESIAN_POINT('',(-2.E0,1.75E-1,-1.12E0));
#10749=VERTEX_POINT('',#10747);
#10750=VERTEX_POINT('',#10748);
#10751=CARTESIAN_POINT('',(-2.E0,1.75E-1,-3.8E-1));
#10752=CARTESIAN_POINT('',(-2.E0,1.75E-1,-6.2E-1));
#10753=VERTEX_POINT('',#10751);
#10754=VERTEX_POINT('',#10752);
#10755=CARTESIAN_POINT('',(-2.E0,1.75E-1,1.2E-1));
#10756=CARTESIAN_POINT('',(-2.E0,1.75E-1,-1.2E-1));
#10757=VERTEX_POINT('',#10755);
#10758=VERTEX_POINT('',#10756);
#10759=CARTESIAN_POINT('',(-2.E0,1.75E-1,6.2E-1));
#10760=CARTESIAN_POINT('',(-2.E0,1.75E-1,3.8E-1));
#10761=VERTEX_POINT('',#10759);
#10762=VERTEX_POINT('',#10760);
#10763=CARTESIAN_POINT('',(-2.E0,1.75E-1,1.12E0));
#10764=CARTESIAN_POINT('',(-2.E0,1.75E-1,8.8E-1));
#10765=VERTEX_POINT('',#10763);
#10766=VERTEX_POINT('',#10764);
#10767=CARTESIAN_POINT('',(-1.12E0,1.75E-1,2.E0));
#10768=VERTEX_POINT('',#10767);
#10769=CARTESIAN_POINT('',(-8.8E-1,1.75E-1,2.E0));
#10770=VERTEX_POINT('',#10769);
#10771=CARTESIAN_POINT('',(-6.2E-1,1.75E-1,2.E0));
#10772=VERTEX_POINT('',#10771);
#10773=CARTESIAN_POINT('',(-3.8E-1,1.75E-1,2.E0));
#10774=VERTEX_POINT('',#10773);
#10775=CARTESIAN_POINT('',(-1.2E-1,1.75E-1,2.E0));
#10776=VERTEX_POINT('',#10775);
#10777=CARTESIAN_POINT('',(1.2E-1,1.75E-1,2.E0));
#10778=VERTEX_POINT('',#10777);
#10779=CARTESIAN_POINT('',(3.8E-1,1.75E-1,2.E0));
#10780=VERTEX_POINT('',#10779);
#10781=CARTESIAN_POINT('',(6.2E-1,1.75E-1,2.E0));
#10782=VERTEX_POINT('',#10781);
#10783=CARTESIAN_POINT('',(2.E0,1.75E-1,-8.8E-1));
#10784=CARTESIAN_POINT('',(2.E0,1.75E-1,-1.12E0));
#10785=VERTEX_POINT('',#10783);
#10786=VERTEX_POINT('',#10784);
#10787=CARTESIAN_POINT('',(2.E0,1.75E-1,-3.8E-1));
#10788=CARTESIAN_POINT('',(2.E0,1.75E-1,-6.2E-1));
#10789=VERTEX_POINT('',#10787);
#10790=VERTEX_POINT('',#10788);
#10791=CARTESIAN_POINT('',(2.E0,1.75E-1,1.2E-1));
#10792=CARTESIAN_POINT('',(2.E0,1.75E-1,-1.2E-1));
#10793=VERTEX_POINT('',#10791);
#10794=VERTEX_POINT('',#10792);
#10795=CARTESIAN_POINT('',(2.E0,1.75E-1,6.2E-1));
#10796=CARTESIAN_POINT('',(2.E0,1.75E-1,3.8E-1));
#10797=VERTEX_POINT('',#10795);
#10798=VERTEX_POINT('',#10796);
#10799=CARTESIAN_POINT('',(2.E0,1.75E-1,1.12E0));
#10800=CARTESIAN_POINT('',(2.E0,1.75E-1,8.8E-1));
#10801=VERTEX_POINT('',#10799);
#10802=VERTEX_POINT('',#10800);
#10803=CARTESIAN_POINT('',(-1.12E0,1.75E-1,-2.E0));
#10804=VERTEX_POINT('',#10803);
#10805=CARTESIAN_POINT('',(-8.8E-1,1.75E-1,-2.E0));
#10806=VERTEX_POINT('',#10805);
#10807=CARTESIAN_POINT('',(-6.2E-1,1.75E-1,-2.E0));
#10808=VERTEX_POINT('',#10807);
#10809=CARTESIAN_POINT('',(-3.8E-1,1.75E-1,-2.E0));
#10810=VERTEX_POINT('',#10809);
#10811=CARTESIAN_POINT('',(-1.2E-1,1.75E-1,-2.E0));
#10812=VERTEX_POINT('',#10811);
#10813=CARTESIAN_POINT('',(1.2E-1,1.75E-1,-2.E0));
#10814=VERTEX_POINT('',#10813);
#10815=CARTESIAN_POINT('',(3.8E-1,1.75E-1,-2.E0));
#10816=VERTEX_POINT('',#10815);
#10817=CARTESIAN_POINT('',(6.2E-1,1.75E-1,-2.E0));
#10818=VERTEX_POINT('',#10817);
#10819=CARTESIAN_POINT('',(8.8E-1,0.E0,2.E0));
#10820=VERTEX_POINT('',#10819);
#10821=CARTESIAN_POINT('',(1.12E0,0.E0,2.E0));
#10822=VERTEX_POINT('',#10821);
#10823=CARTESIAN_POINT('',(1.12E0,0.E0,-2.E0));
#10824=VERTEX_POINT('',#10823);
#10825=CARTESIAN_POINT('',(8.8E-1,0.E0,-2.E0));
#10826=VERTEX_POINT('',#10825);
#10827=CARTESIAN_POINT('',(-1.875E0,7.5E-2,1.875E0));
#10828=CARTESIAN_POINT('',(-1.875E0,1.75E-1,1.875E0));
#10829=VERTEX_POINT('',#10827);
#10830=VERTEX_POINT('',#10828);
#10831=CARTESIAN_POINT('',(-1.725E0,7.5E-2,1.725E0));
#10832=CARTESIAN_POINT('',(-1.725E0,1.75E-1,1.725E0));
#10833=VERTEX_POINT('',#10831);
#10834=VERTEX_POINT('',#10832);
#10835=CARTESIAN_POINT('',(-2.E0,7.5E-2,-1.875E0));
#10836=CARTESIAN_POINT('',(-2.E0,7.5E-2,-1.725E0));
#10837=VERTEX_POINT('',#10835);
#10838=VERTEX_POINT('',#10836);
#10839=CARTESIAN_POINT('',(-2.E0,7.5E-2,1.725E0));
#10840=CARTESIAN_POINT('',(-2.E0,7.5E-2,1.875E0));
#10841=VERTEX_POINT('',#10839);
#10842=VERTEX_POINT('',#10840);
#10843=CARTESIAN_POINT('',(-2.E0,1.75E-1,-1.875E0));
#10844=CARTESIAN_POINT('',(-2.E0,1.75E-1,-1.725E0));
#10845=VERTEX_POINT('',#10843);
#10846=VERTEX_POINT('',#10844);
#10847=CARTESIAN_POINT('',(-2.E0,1.75E-1,1.725E0));
#10848=CARTESIAN_POINT('',(-2.E0,1.75E-1,1.875E0));
#10849=VERTEX_POINT('',#10847);
#10850=VERTEX_POINT('',#10848);
#10851=CARTESIAN_POINT('',(-1.875E0,7.5E-2,2.E0));
#10852=CARTESIAN_POINT('',(-1.725E0,7.5E-2,2.E0));
#10853=VERTEX_POINT('',#10851);
#10854=VERTEX_POINT('',#10852);
#10855=CARTESIAN_POINT('',(1.725E0,7.5E-2,2.E0));
#10856=CARTESIAN_POINT('',(1.875E0,7.5E-2,2.E0));
#10857=VERTEX_POINT('',#10855);
#10858=VERTEX_POINT('',#10856);
#10859=CARTESIAN_POINT('',(-1.875E0,1.75E-1,2.E0));
#10860=CARTESIAN_POINT('',(-1.725E0,1.75E-1,2.E0));
#10861=VERTEX_POINT('',#10859);
#10862=VERTEX_POINT('',#10860);
#10863=CARTESIAN_POINT('',(1.725E0,1.75E-1,2.E0));
#10864=CARTESIAN_POINT('',(1.875E0,1.75E-1,2.E0));
#10865=VERTEX_POINT('',#10863);
#10866=VERTEX_POINT('',#10864);
#10867=CARTESIAN_POINT('',(2.E0,7.5E-2,1.875E0));
#10868=CARTESIAN_POINT('',(2.E0,7.5E-2,1.725E0));
#10869=VERTEX_POINT('',#10867);
#10870=VERTEX_POINT('',#10868);
#10871=CARTESIAN_POINT('',(2.E0,7.5E-2,-1.725E0));
#10872=CARTESIAN_POINT('',(2.E0,7.5E-2,-1.875E0));
#10873=VERTEX_POINT('',#10871);
#10874=VERTEX_POINT('',#10872);
#10875=CARTESIAN_POINT('',(2.E0,1.75E-1,1.875E0));
#10876=CARTESIAN_POINT('',(2.E0,1.75E-1,1.725E0));
#10877=VERTEX_POINT('',#10875);
#10878=VERTEX_POINT('',#10876);
#10879=CARTESIAN_POINT('',(2.E0,1.75E-1,-1.725E0));
#10880=CARTESIAN_POINT('',(2.E0,1.75E-1,-1.875E0));
#10881=VERTEX_POINT('',#10879);
#10882=VERTEX_POINT('',#10880);
#10883=CARTESIAN_POINT('',(1.875E0,7.5E-2,-2.E0));
#10884=CARTESIAN_POINT('',(1.725E0,7.5E-2,-2.E0));
#10885=VERTEX_POINT('',#10883);
#10886=VERTEX_POINT('',#10884);
#10887=CARTESIAN_POINT('',(-1.725E0,7.5E-2,-2.E0));
#10888=CARTESIAN_POINT('',(-1.875E0,7.5E-2,-2.E0));
#10889=VERTEX_POINT('',#10887);
#10890=VERTEX_POINT('',#10888);
#10891=CARTESIAN_POINT('',(1.875E0,1.75E-1,-2.E0));
#10892=CARTESIAN_POINT('',(1.725E0,1.75E-1,-2.E0));
#10893=VERTEX_POINT('',#10891);
#10894=VERTEX_POINT('',#10892);
#10895=CARTESIAN_POINT('',(-1.725E0,1.75E-1,-2.E0));
#10896=CARTESIAN_POINT('',(-1.875E0,1.75E-1,-2.E0));
#10897=VERTEX_POINT('',#10895);
#10898=VERTEX_POINT('',#10896);
#10899=CARTESIAN_POINT('',(-1.719E0,1.75E-1,-8.8E-1));
#10900=CARTESIAN_POINT('',(-1.6E0,1.75E-1,-9.99E-1));
#10901=VERTEX_POINT('',#10899);
#10902=VERTEX_POINT('',#10900);
#10903=CARTESIAN_POINT('',(-1.6E0,1.75E-1,-1.001E0));
#10904=VERTEX_POINT('',#10903);
#10905=CARTESIAN_POINT('',(-1.719E0,1.75E-1,-1.12E0));
#10906=VERTEX_POINT('',#10905);
#10907=CARTESIAN_POINT('',(-1.719E0,1.75E-1,-3.8E-1));
#10908=CARTESIAN_POINT('',(-1.6E0,1.75E-1,-4.99E-1));
#10909=VERTEX_POINT('',#10907);
#10910=VERTEX_POINT('',#10908);
#10911=CARTESIAN_POINT('',(-1.6E0,1.75E-1,-5.01E-1));
#10912=VERTEX_POINT('',#10911);
#10913=CARTESIAN_POINT('',(-1.719E0,1.75E-1,-6.2E-1));
#10914=VERTEX_POINT('',#10913);
#10915=CARTESIAN_POINT('',(-1.719E0,1.75E-1,1.2E-1));
#10916=CARTESIAN_POINT('',(-1.6E0,1.75E-1,1.E-3));
#10917=VERTEX_POINT('',#10915);
#10918=VERTEX_POINT('',#10916);
#10919=CARTESIAN_POINT('',(-1.6E0,1.75E-1,-1.E-3));
#10920=VERTEX_POINT('',#10919);
#10921=CARTESIAN_POINT('',(-1.719E0,1.75E-1,-1.2E-1));
#10922=VERTEX_POINT('',#10921);
#10923=CARTESIAN_POINT('',(-1.719E0,1.75E-1,6.2E-1));
#10924=CARTESIAN_POINT('',(-1.6E0,1.75E-1,5.01E-1));
#10925=VERTEX_POINT('',#10923);
#10926=VERTEX_POINT('',#10924);
#10927=CARTESIAN_POINT('',(-1.6E0,1.75E-1,4.99E-1));
#10928=VERTEX_POINT('',#10927);
#10929=CARTESIAN_POINT('',(-1.719E0,1.75E-1,3.8E-1));
#10930=VERTEX_POINT('',#10929);
#10931=CARTESIAN_POINT('',(-1.719E0,1.75E-1,1.12E0));
#10932=CARTESIAN_POINT('',(-1.6E0,1.75E-1,1.001E0));
#10933=VERTEX_POINT('',#10931);
#10934=VERTEX_POINT('',#10932);
#10935=CARTESIAN_POINT('',(-1.6E0,1.75E-1,9.99E-1));
#10936=VERTEX_POINT('',#10935);
#10937=CARTESIAN_POINT('',(-1.719E0,1.75E-1,8.8E-1));
#10938=VERTEX_POINT('',#10937);
#10939=CARTESIAN_POINT('',(1.719E0,1.75E-1,-8.8E-1));
#10940=CARTESIAN_POINT('',(1.6E0,1.75E-1,-9.99E-1));
#10941=VERTEX_POINT('',#10939);
#10942=VERTEX_POINT('',#10940);
#10943=CARTESIAN_POINT('',(1.6E0,1.75E-1,-1.001E0));
#10944=VERTEX_POINT('',#10943);
#10945=CARTESIAN_POINT('',(1.719E0,1.75E-1,-1.12E0));
#10946=VERTEX_POINT('',#10945);
#10947=CARTESIAN_POINT('',(1.719E0,1.75E-1,-3.8E-1));
#10948=CARTESIAN_POINT('',(1.6E0,1.75E-1,-4.99E-1));
#10949=VERTEX_POINT('',#10947);
#10950=VERTEX_POINT('',#10948);
#10951=CARTESIAN_POINT('',(1.6E0,1.75E-1,-5.01E-1));
#10952=VERTEX_POINT('',#10951);
#10953=CARTESIAN_POINT('',(1.719E0,1.75E-1,-6.2E-1));
#10954=VERTEX_POINT('',#10953);
#10955=CARTESIAN_POINT('',(1.719E0,1.75E-1,1.2E-1));
#10956=CARTESIAN_POINT('',(1.6E0,1.75E-1,1.E-3));
#10957=VERTEX_POINT('',#10955);
#10958=VERTEX_POINT('',#10956);
#10959=CARTESIAN_POINT('',(1.6E0,1.75E-1,-1.E-3));
#10960=VERTEX_POINT('',#10959);
#10961=CARTESIAN_POINT('',(1.719E0,1.75E-1,-1.2E-1));
#10962=VERTEX_POINT('',#10961);
#10963=CARTESIAN_POINT('',(1.719E0,1.75E-1,6.2E-1));
#10964=CARTESIAN_POINT('',(1.6E0,1.75E-1,5.01E-1));
#10965=VERTEX_POINT('',#10963);
#10966=VERTEX_POINT('',#10964);
#10967=CARTESIAN_POINT('',(1.6E0,1.75E-1,4.99E-1));
#10968=VERTEX_POINT('',#10967);
#10969=CARTESIAN_POINT('',(1.719E0,1.75E-1,3.8E-1));
#10970=VERTEX_POINT('',#10969);
#10971=CARTESIAN_POINT('',(1.719E0,1.75E-1,1.12E0));
#10972=CARTESIAN_POINT('',(1.6E0,1.75E-1,1.001E0));
#10973=VERTEX_POINT('',#10971);
#10974=VERTEX_POINT('',#10972);
#10975=CARTESIAN_POINT('',(1.6E0,1.75E-1,9.99E-1));
#10976=VERTEX_POINT('',#10975);
#10977=CARTESIAN_POINT('',(1.719E0,1.75E-1,8.8E-1));
#10978=VERTEX_POINT('',#10977);
#10979=CARTESIAN_POINT('',(-1.12E0,1.75E-1,-1.719E0));
#10980=CARTESIAN_POINT('',(-1.001E0,1.75E-1,-1.6E0));
#10981=VERTEX_POINT('',#10979);
#10982=VERTEX_POINT('',#10980);
#10983=CARTESIAN_POINT('',(-9.99E-1,1.75E-1,-1.6E0));
#10984=VERTEX_POINT('',#10983);
#10985=CARTESIAN_POINT('',(-8.8E-1,1.75E-1,-1.719E0));
#10986=VERTEX_POINT('',#10985);
#10987=CARTESIAN_POINT('',(-6.2E-1,1.75E-1,-1.719E0));
#10988=CARTESIAN_POINT('',(-5.01E-1,1.75E-1,-1.6E0));
#10989=VERTEX_POINT('',#10987);
#10990=VERTEX_POINT('',#10988);
#10991=CARTESIAN_POINT('',(-4.99E-1,1.75E-1,-1.6E0));
#10992=VERTEX_POINT('',#10991);
#10993=CARTESIAN_POINT('',(-3.8E-1,1.75E-1,-1.719E0));
#10994=VERTEX_POINT('',#10993);
#10995=CARTESIAN_POINT('',(-1.2E-1,1.75E-1,-1.719E0));
#10996=CARTESIAN_POINT('',(-1.E-3,1.75E-1,-1.6E0));
#10997=VERTEX_POINT('',#10995);
#10998=VERTEX_POINT('',#10996);
#10999=CARTESIAN_POINT('',(1.E-3,1.75E-1,-1.6E0));
#11000=VERTEX_POINT('',#10999);
#11001=CARTESIAN_POINT('',(1.2E-1,1.75E-1,-1.719E0));
#11002=VERTEX_POINT('',#11001);
#11003=CARTESIAN_POINT('',(3.8E-1,1.75E-1,-1.719E0));
#11004=CARTESIAN_POINT('',(4.99E-1,1.75E-1,-1.6E0));
#11005=VERTEX_POINT('',#11003);
#11006=VERTEX_POINT('',#11004);
#11007=CARTESIAN_POINT('',(5.01E-1,1.75E-1,-1.6E0));
#11008=VERTEX_POINT('',#11007);
#11009=CARTESIAN_POINT('',(6.2E-1,1.75E-1,-1.719E0));
#11010=VERTEX_POINT('',#11009);
#11011=CARTESIAN_POINT('',(-1.12E0,1.75E-1,1.719E0));
#11012=CARTESIAN_POINT('',(-1.001E0,1.75E-1,1.6E0));
#11013=VERTEX_POINT('',#11011);
#11014=VERTEX_POINT('',#11012);
#11015=CARTESIAN_POINT('',(-9.99E-1,1.75E-1,1.6E0));
#11016=VERTEX_POINT('',#11015);
#11017=CARTESIAN_POINT('',(-8.8E-1,1.75E-1,1.719E0));
#11018=VERTEX_POINT('',#11017);
#11019=CARTESIAN_POINT('',(-6.2E-1,1.75E-1,1.719E0));
#11020=CARTESIAN_POINT('',(-5.01E-1,1.75E-1,1.6E0));
#11021=VERTEX_POINT('',#11019);
#11022=VERTEX_POINT('',#11020);
#11023=CARTESIAN_POINT('',(-4.99E-1,1.75E-1,1.6E0));
#11024=VERTEX_POINT('',#11023);
#11025=CARTESIAN_POINT('',(-3.8E-1,1.75E-1,1.719E0));
#11026=VERTEX_POINT('',#11025);
#11027=CARTESIAN_POINT('',(-1.2E-1,1.75E-1,1.719E0));
#11028=CARTESIAN_POINT('',(-1.E-3,1.75E-1,1.6E0));
#11029=VERTEX_POINT('',#11027);
#11030=VERTEX_POINT('',#11028);
#11031=CARTESIAN_POINT('',(1.E-3,1.75E-1,1.6E0));
#11032=VERTEX_POINT('',#11031);
#11033=CARTESIAN_POINT('',(1.2E-1,1.75E-1,1.719E0));
#11034=VERTEX_POINT('',#11033);
#11035=CARTESIAN_POINT('',(3.8E-1,1.75E-1,1.719E0));
#11036=CARTESIAN_POINT('',(4.99E-1,1.75E-1,1.6E0));
#11037=VERTEX_POINT('',#11035);
#11038=VERTEX_POINT('',#11036);
#11039=CARTESIAN_POINT('',(5.01E-1,1.75E-1,1.6E0));
#11040=VERTEX_POINT('',#11039);
#11041=CARTESIAN_POINT('',(6.2E-1,1.75E-1,1.719E0));
#11042=VERTEX_POINT('',#11041);
#11043=CARTESIAN_POINT('',(-1.6E0,0.E0,-9.99E-1));
#11044=VERTEX_POINT('',#11043);
#11045=CARTESIAN_POINT('',(-1.6E0,0.E0,-1.001E0));
#11046=VERTEX_POINT('',#11045);
#11047=CARTESIAN_POINT('',(-1.6E0,0.E0,-4.99E-1));
#11048=VERTEX_POINT('',#11047);
#11049=CARTESIAN_POINT('',(-1.6E0,0.E0,-5.01E-1));
#11050=VERTEX_POINT('',#11049);
#11051=CARTESIAN_POINT('',(-1.6E0,0.E0,1.000000000003E-3));
#11052=VERTEX_POINT('',#11051);
#11053=CARTESIAN_POINT('',(-1.6E0,0.E0,-1.000000000001E-3));
#11054=VERTEX_POINT('',#11053);
#11055=CARTESIAN_POINT('',(-1.6E0,0.E0,5.01E-1));
#11056=VERTEX_POINT('',#11055);
#11057=CARTESIAN_POINT('',(-1.6E0,0.E0,4.99E-1));
#11058=VERTEX_POINT('',#11057);
#11059=CARTESIAN_POINT('',(-1.6E0,0.E0,1.001E0));
#11060=VERTEX_POINT('',#11059);
#11061=CARTESIAN_POINT('',(-1.6E0,0.E0,9.99E-1));
#11062=VERTEX_POINT('',#11061);
#11063=CARTESIAN_POINT('',(1.6E0,0.E0,-9.99E-1));
#11064=VERTEX_POINT('',#11063);
#11065=CARTESIAN_POINT('',(1.6E0,0.E0,-1.001E0));
#11066=VERTEX_POINT('',#11065);
#11067=CARTESIAN_POINT('',(1.6E0,0.E0,-4.99E-1));
#11068=VERTEX_POINT('',#11067);
#11069=CARTESIAN_POINT('',(1.6E0,0.E0,-5.01E-1));
#11070=VERTEX_POINT('',#11069);
#11071=CARTESIAN_POINT('',(1.6E0,0.E0,1.000000000003E-3));
#11072=VERTEX_POINT('',#11071);
#11073=CARTESIAN_POINT('',(1.6E0,0.E0,-1.000000000001E-3));
#11074=VERTEX_POINT('',#11073);
#11075=CARTESIAN_POINT('',(1.6E0,0.E0,5.01E-1));
#11076=VERTEX_POINT('',#11075);
#11077=CARTESIAN_POINT('',(1.6E0,0.E0,4.99E-1));
#11078=VERTEX_POINT('',#11077);
#11079=CARTESIAN_POINT('',(1.6E0,0.E0,1.001E0));
#11080=VERTEX_POINT('',#11079);
#11081=CARTESIAN_POINT('',(1.6E0,0.E0,9.99E-1));
#11082=VERTEX_POINT('',#11081);
#11083=CARTESIAN_POINT('',(-1.001E0,0.E0,-1.6E0));
#11084=VERTEX_POINT('',#11083);
#11085=CARTESIAN_POINT('',(-9.99E-1,0.E0,-1.6E0));
#11086=VERTEX_POINT('',#11085);
#11087=CARTESIAN_POINT('',(-5.01E-1,0.E0,-1.6E0));
#11088=VERTEX_POINT('',#11087);
#11089=CARTESIAN_POINT('',(-4.99E-1,0.E0,-1.6E0));
#11090=VERTEX_POINT('',#11089);
#11091=CARTESIAN_POINT('',(-1.000000000003E-3,0.E0,-1.6E0));
#11092=VERTEX_POINT('',#11091);
#11093=CARTESIAN_POINT('',(1.000000000001E-3,0.E0,-1.6E0));
#11094=VERTEX_POINT('',#11093);
#11095=CARTESIAN_POINT('',(4.99E-1,0.E0,-1.6E0));
#11096=VERTEX_POINT('',#11095);
#11097=CARTESIAN_POINT('',(5.01E-1,0.E0,-1.6E0));
#11098=VERTEX_POINT('',#11097);
#11099=CARTESIAN_POINT('',(-1.001E0,0.E0,1.6E0));
#11100=VERTEX_POINT('',#11099);
#11101=CARTESIAN_POINT('',(-9.99E-1,0.E0,1.6E0));
#11102=VERTEX_POINT('',#11101);
#11103=CARTESIAN_POINT('',(-5.01E-1,0.E0,1.6E0));
#11104=VERTEX_POINT('',#11103);
#11105=CARTESIAN_POINT('',(-4.99E-1,0.E0,1.6E0));
#11106=VERTEX_POINT('',#11105);
#11107=CARTESIAN_POINT('',(-1.000000000003E-3,0.E0,1.6E0));
#11108=VERTEX_POINT('',#11107);
#11109=CARTESIAN_POINT('',(1.000000000001E-3,0.E0,1.6E0));
#11110=VERTEX_POINT('',#11109);
#11111=CARTESIAN_POINT('',(4.99E-1,0.E0,1.6E0));
#11112=VERTEX_POINT('',#11111);
#11113=CARTESIAN_POINT('',(5.01E-1,0.E0,1.6E0));
#11114=VERTEX_POINT('',#11113);
#11115=CARTESIAN_POINT('',(8.8E-1,1.75E-1,-1.719E0));
#11116=CARTESIAN_POINT('',(9.99E-1,1.75E-1,-1.6E0));
#11117=VERTEX_POINT('',#11115);
#11118=VERTEX_POINT('',#11116);
#11119=CARTESIAN_POINT('',(1.001E0,1.75E-1,-1.6E0));
#11120=VERTEX_POINT('',#11119);
#11121=CARTESIAN_POINT('',(1.12E0,1.75E-1,-1.719E0));
#11122=VERTEX_POINT('',#11121);
#11123=CARTESIAN_POINT('',(8.8E-1,1.75E-1,1.719E0));
#11124=CARTESIAN_POINT('',(9.99E-1,1.75E-1,1.6E0));
#11125=VERTEX_POINT('',#11123);
#11126=VERTEX_POINT('',#11124);
#11127=CARTESIAN_POINT('',(1.001E0,1.75E-1,1.6E0));
#11128=VERTEX_POINT('',#11127);
#11129=CARTESIAN_POINT('',(1.12E0,1.75E-1,1.719E0));
#11130=VERTEX_POINT('',#11129);
#11131=CARTESIAN_POINT('',(8.8E-1,0.E0,-1.719E0));
#11132=VERTEX_POINT('',#11131);
#11133=CARTESIAN_POINT('',(9.99E-1,0.E0,-1.6E0));
#11134=VERTEX_POINT('',#11133);
#11135=CARTESIAN_POINT('',(1.001E0,0.E0,-1.6E0));
#11136=VERTEX_POINT('',#11135);
#11137=CARTESIAN_POINT('',(1.12E0,0.E0,-1.719E0));
#11138=VERTEX_POINT('',#11137);
#11139=CARTESIAN_POINT('',(8.8E-1,0.E0,1.719E0));
#11140=VERTEX_POINT('',#11139);
#11141=CARTESIAN_POINT('',(9.99E-1,0.E0,1.6E0));
#11142=VERTEX_POINT('',#11141);
#11143=CARTESIAN_POINT('',(1.001E0,0.E0,1.6E0));
#11144=VERTEX_POINT('',#11143);
#11145=CARTESIAN_POINT('',(1.12E0,0.E0,1.719E0));
#11146=VERTEX_POINT('',#11145);
#11147=CARTESIAN_POINT('',(8.8E-1,1.75E-1,2.E0));
#11148=VERTEX_POINT('',#11147);
#11149=CARTESIAN_POINT('',(1.12E0,1.75E-1,2.E0));
#11150=VERTEX_POINT('',#11149);
#11151=CARTESIAN_POINT('',(8.8E-1,1.75E-1,-2.E0));
#11152=VERTEX_POINT('',#11151);
#11153=CARTESIAN_POINT('',(1.12E0,1.75E-1,-2.E0));
#11154=VERTEX_POINT('',#11153);
#11155=CARTESIAN_POINT('',(1.725E0,7.5E-2,1.725E0));
#11156=CARTESIAN_POINT('',(1.725E0,1.75E-1,1.725E0));
#11157=VERTEX_POINT('',#11155);
#11158=VERTEX_POINT('',#11156);
#11159=CARTESIAN_POINT('',(1.875E0,7.5E-2,1.875E0));
#11160=CARTESIAN_POINT('',(1.875E0,1.75E-1,1.875E0));
#11161=VERTEX_POINT('',#11159);
#11162=VERTEX_POINT('',#11160);
#11163=CARTESIAN_POINT('',(-1.725E0,7.5E-2,-1.725E0));
#11164=CARTESIAN_POINT('',(-1.725E0,1.75E-1,-1.725E0));
#11165=VERTEX_POINT('',#11163);
#11166=VERTEX_POINT('',#11164);
#11167=CARTESIAN_POINT('',(-1.875E0,7.5E-2,-1.875E0));
#11168=CARTESIAN_POINT('',(-1.875E0,1.75E-1,-1.875E0));
#11169=VERTEX_POINT('',#11167);
#11170=VERTEX_POINT('',#11168);
#11171=CARTESIAN_POINT('',(1.875E0,7.5E-2,-1.875E0));
#11172=CARTESIAN_POINT('',(1.875E0,1.75E-1,-1.875E0));
#11173=VERTEX_POINT('',#11171);
#11174=VERTEX_POINT('',#11172);
#11175=CARTESIAN_POINT('',(1.725E0,7.5E-2,-1.725E0));
#11176=CARTESIAN_POINT('',(1.725E0,1.75E-1,-1.725E0));
#11177=VERTEX_POINT('',#11175);
#11178=VERTEX_POINT('',#11176);
#11179=CARTESIAN_POINT('',(0.E0,0.E0,0.E0));
#11180=DIRECTION('',(0.E0,1.E0,0.E0));
#11181=DIRECTION('',(1.E0,0.E0,0.E0));
#11182=AXIS2_PLACEMENT_3D('',#11179,#11180,#11181);
#11183=PLANE('',#11182);
#11185=ORIENTED_EDGE('',*,*,#11184,.F.);
#11187=ORIENTED_EDGE('',*,*,#11186,.T.);
#11189=ORIENTED_EDGE('',*,*,#11188,.T.);
#11191=ORIENTED_EDGE('',*,*,#11190,.F.);
#11193=ORIENTED_EDGE('',*,*,#11192,.F.);
#11195=ORIENTED_EDGE('',*,*,#11194,.F.);
#11197=ORIENTED_EDGE('',*,*,#11196,.F.);
#11199=ORIENTED_EDGE('',*,*,#11198,.T.);
#11201=ORIENTED_EDGE('',*,*,#11200,.T.);
#11203=ORIENTED_EDGE('',*,*,#11202,.F.);
#11205=ORIENTED_EDGE('',*,*,#11204,.F.);
#11207=ORIENTED_EDGE('',*,*,#11206,.F.);
#11209=ORIENTED_EDGE('',*,*,#11208,.F.);
#11211=ORIENTED_EDGE('',*,*,#11210,.T.);
#11213=ORIENTED_EDGE('',*,*,#11212,.T.);
#11215=ORIENTED_EDGE('',*,*,#11214,.F.);
#11217=ORIENTED_EDGE('',*,*,#11216,.F.);
#11219=ORIENTED_EDGE('',*,*,#11218,.F.);
#11221=ORIENTED_EDGE('',*,*,#11220,.F.);
#11223=ORIENTED_EDGE('',*,*,#11222,.T.);
#11225=ORIENTED_EDGE('',*,*,#11224,.T.);
#11227=ORIENTED_EDGE('',*,*,#11226,.F.);
#11229=ORIENTED_EDGE('',*,*,#11228,.F.);
#11231=ORIENTED_EDGE('',*,*,#11230,.F.);
#11233=ORIENTED_EDGE('',*,*,#11232,.F.);
#11235=ORIENTED_EDGE('',*,*,#11234,.T.);
#11237=ORIENTED_EDGE('',*,*,#11236,.T.);
#11239=ORIENTED_EDGE('',*,*,#11238,.T.);
#11241=ORIENTED_EDGE('',*,*,#11240,.T.);
#11243=ORIENTED_EDGE('',*,*,#11242,.T.);
#11245=ORIENTED_EDGE('',*,*,#11244,.T.);
#11247=ORIENTED_EDGE('',*,*,#11246,.F.);
#11249=ORIENTED_EDGE('',*,*,#11248,.T.);
#11251=ORIENTED_EDGE('',*,*,#11250,.T.);
#11253=ORIENTED_EDGE('',*,*,#11252,.T.);
#11255=ORIENTED_EDGE('',*,*,#11254,.T.);
#11257=ORIENTED_EDGE('',*,*,#11256,.T.);
#11259=ORIENTED_EDGE('',*,*,#11258,.F.);
#11261=ORIENTED_EDGE('',*,*,#11260,.T.);
#11263=ORIENTED_EDGE('',*,*,#11262,.T.);
#11265=ORIENTED_EDGE('',*,*,#11264,.T.);
#11267=ORIENTED_EDGE('',*,*,#11266,.T.);
#11269=ORIENTED_EDGE('',*,*,#11268,.T.);
#11271=ORIENTED_EDGE('',*,*,#11270,.F.);
#11273=ORIENTED_EDGE('',*,*,#11272,.T.);
#11275=ORIENTED_EDGE('',*,*,#11274,.T.);
#11277=ORIENTED_EDGE('',*,*,#11276,.T.);
#11279=ORIENTED_EDGE('',*,*,#11278,.T.);
#11281=ORIENTED_EDGE('',*,*,#11280,.T.);
#11283=ORIENTED_EDGE('',*,*,#11282,.F.);
#11285=ORIENTED_EDGE('',*,*,#11284,.T.);
#11287=ORIENTED_EDGE('',*,*,#11286,.T.);
#11289=ORIENTED_EDGE('',*,*,#11288,.T.);
#11291=ORIENTED_EDGE('',*,*,#11290,.T.);
#11293=ORIENTED_EDGE('',*,*,#11292,.T.);
#11295=ORIENTED_EDGE('',*,*,#11294,.F.);
#11297=ORIENTED_EDGE('',*,*,#11296,.T.);
#11299=ORIENTED_EDGE('',*,*,#11298,.T.);
#11301=ORIENTED_EDGE('',*,*,#11300,.T.);
#11303=ORIENTED_EDGE('',*,*,#11302,.T.);
#11305=ORIENTED_EDGE('',*,*,#11304,.T.);
#11307=ORIENTED_EDGE('',*,*,#11306,.T.);
#11309=ORIENTED_EDGE('',*,*,#11308,.F.);
#11311=ORIENTED_EDGE('',*,*,#11310,.T.);
#11313=ORIENTED_EDGE('',*,*,#11312,.T.);
#11315=ORIENTED_EDGE('',*,*,#11314,.T.);
#11317=ORIENTED_EDGE('',*,*,#11316,.T.);
#11319=ORIENTED_EDGE('',*,*,#11318,.T.);
#11321=ORIENTED_EDGE('',*,*,#11320,.F.);
#11323=ORIENTED_EDGE('',*,*,#11322,.T.);
#11325=ORIENTED_EDGE('',*,*,#11324,.T.);
#11327=ORIENTED_EDGE('',*,*,#11326,.T.);
#11329=ORIENTED_EDGE('',*,*,#11328,.T.);
#11331=ORIENTED_EDGE('',*,*,#11330,.T.);
#11333=ORIENTED_EDGE('',*,*,#11332,.F.);
#11335=ORIENTED_EDGE('',*,*,#11334,.T.);
#11337=ORIENTED_EDGE('',*,*,#11336,.T.);
#11339=ORIENTED_EDGE('',*,*,#11338,.T.);
#11341=ORIENTED_EDGE('',*,*,#11340,.T.);
#11343=ORIENTED_EDGE('',*,*,#11342,.T.);
#11345=ORIENTED_EDGE('',*,*,#11344,.F.);
#11347=ORIENTED_EDGE('',*,*,#11346,.T.);
#11349=ORIENTED_EDGE('',*,*,#11348,.T.);
#11351=ORIENTED_EDGE('',*,*,#11350,.T.);
#11353=ORIENTED_EDGE('',*,*,#11352,.T.);
#11355=ORIENTED_EDGE('',*,*,#11354,.T.);
#11357=ORIENTED_EDGE('',*,*,#11356,.F.);
#11359=ORIENTED_EDGE('',*,*,#11358,.T.);
#11361=ORIENTED_EDGE('',*,*,#11360,.T.);
#11363=ORIENTED_EDGE('',*,*,#11362,.T.);
#11365=ORIENTED_EDGE('',*,*,#11364,.F.);
#11367=ORIENTED_EDGE('',*,*,#11366,.F.);
#11369=ORIENTED_EDGE('',*,*,#11368,.F.);
#11371=ORIENTED_EDGE('',*,*,#11370,.F.);
#11373=ORIENTED_EDGE('',*,*,#11372,.T.);
#11375=ORIENTED_EDGE('',*,*,#11374,.T.);
#11377=ORIENTED_EDGE('',*,*,#11376,.F.);
#11379=ORIENTED_EDGE('',*,*,#11378,.F.);
#11381=ORIENTED_EDGE('',*,*,#11380,.F.);
#11383=ORIENTED_EDGE('',*,*,#11382,.F.);
#11385=ORIENTED_EDGE('',*,*,#11384,.T.);
#11387=ORIENTED_EDGE('',*,*,#11386,.T.);
#11389=ORIENTED_EDGE('',*,*,#11388,.F.);
#11391=ORIENTED_EDGE('',*,*,#11390,.F.);
#11393=ORIENTED_EDGE('',*,*,#11392,.F.);
#11395=ORIENTED_EDGE('',*,*,#11394,.F.);
#11397=ORIENTED_EDGE('',*,*,#11396,.T.);
#11399=ORIENTED_EDGE('',*,*,#11398,.T.);
#11401=ORIENTED_EDGE('',*,*,#11400,.F.);
#11403=ORIENTED_EDGE('',*,*,#11402,.F.);
#11405=ORIENTED_EDGE('',*,*,#11404,.F.);
#11407=ORIENTED_EDGE('',*,*,#11406,.F.);
#11409=ORIENTED_EDGE('',*,*,#11408,.T.);
#11411=ORIENTED_EDGE('',*,*,#11410,.T.);
#11413=ORIENTED_EDGE('',*,*,#11412,.F.);
#11415=ORIENTED_EDGE('',*,*,#11414,.F.);
#11417=ORIENTED_EDGE('',*,*,#11416,.F.);
#11419=ORIENTED_EDGE('',*,*,#11418,.F.);
#11421=ORIENTED_EDGE('',*,*,#11420,.T.);
#11423=ORIENTED_EDGE('',*,*,#11422,.T.);
#11425=ORIENTED_EDGE('',*,*,#11424,.T.);
#11427=ORIENTED_EDGE('',*,*,#11426,.F.);
#11429=ORIENTED_EDGE('',*,*,#11428,.F.);
#11431=ORIENTED_EDGE('',*,*,#11430,.F.);
#11432=EDGE_LOOP('',(#11185,#11187,#11189,#11191,#11193,#11195,#11197,#11199,
#11201,#11203,#11205,#11207,#11209,#11211,#11213,#11215,#11217,#11219,#11221,
#11223,#11225,#11227,#11229,#11231,#11233,#11235,#11237,#11239,#11241,#11243,
#11245,#11247,#11249,#11251,#11253,#11255,#11257,#11259,#11261,#11263,#11265,
#11267,#11269,#11271,#11273,#11275,#11277,#11279,#11281,#11283,#11285,#11287,
#11289,#11291,#11293,#11295,#11297,#11299,#11301,#11303,#11305,#11307,#11309,
#11311,#11313,#11315,#11317,#11319,#11321,#11323,#11325,#11327,#11329,#11331,
#11333,#11335,#11337,#11339,#11341,#11343,#11345,#11347,#11349,#11351,#11353,
#11355,#11357,#11359,#11361,#11363,#11365,#11367,#11369,#11371,#11373,#11375,
#11377,#11379,#11381,#11383,#11385,#11387,#11389,#11391,#11393,#11395,#11397,
#11399,#11401,#11403,#11405,#11407,#11409,#11411,#11413,#11415,#11417,#11419,
#11421,#11423,#11425,#11427,#11429,#11431));
#11433=FACE_OUTER_BOUND('',#11432,.F.);
#11435=ORIENTED_EDGE('',*,*,#11434,.F.);
#11437=ORIENTED_EDGE('',*,*,#11436,.T.);
#11439=ORIENTED_EDGE('',*,*,#11438,.F.);
#11441=ORIENTED_EDGE('',*,*,#11440,.F.);
#11443=ORIENTED_EDGE('',*,*,#11442,.F.);
#11444=EDGE_LOOP('',(#11435,#11437,#11439,#11441,#11443));
#11445=FACE_BOUND('',#11444,.F.);
#11447=CARTESIAN_POINT('',(-2.1E0,-2.5E-2,-8.8E-1));
#11448=DIRECTION('',(0.E0,0.E0,1.E0));
#11449=DIRECTION('',(1.E0,0.E0,0.E0));
#11450=AXIS2_PLACEMENT_3D('',#11447,#11448,#11449);
#11451=PLANE('',#11450);
#11452=ORIENTED_EDGE('',*,*,#11184,.T.);
#11454=ORIENTED_EDGE('',*,*,#11453,.T.);
#11456=ORIENTED_EDGE('',*,*,#11455,.F.);
#11458=ORIENTED_EDGE('',*,*,#11457,.F.);
#11459=EDGE_LOOP('',(#11452,#11454,#11456,#11458));
#11460=FACE_OUTER_BOUND('',#11459,.F.);
#11462=CARTESIAN_POINT('',(-1.719E0,-2.5E-2,-9.99E-1));
#11463=DIRECTION('',(0.E0,1.E0,0.E0));
#11464=DIRECTION('',(1.E0,0.E0,0.E0));
#11465=AXIS2_PLACEMENT_3D('',#11462,#11463,#11464);
#11466=CYLINDRICAL_SURFACE('',#11465,1.19E-1);
#11467=ORIENTED_EDGE('',*,*,#11430,.T.);
#11469=ORIENTED_EDGE('',*,*,#11468,.T.);
#11471=ORIENTED_EDGE('',*,*,#11470,.F.);
#11472=ORIENTED_EDGE('',*,*,#11453,.F.);
#11473=EDGE_LOOP('',(#11467,#11469,#11471,#11472));
#11474=FACE_OUTER_BOUND('',#11473,.F.);
#11476=CARTESIAN_POINT('',(-1.6E0,-2.5E-2,-9.99E-1));
#11477=DIRECTION('',(1.E0,0.E0,0.E0));
#11478=DIRECTION('',(0.E0,0.E0,-1.E0));
#11479=AXIS2_PLACEMENT_3D('',#11476,#11477,#11478);
#11480=PLANE('',#11479);
#11481=ORIENTED_EDGE('',*,*,#11428,.T.);
#11483=ORIENTED_EDGE('',*,*,#11482,.T.);
#11485=ORIENTED_EDGE('',*,*,#11484,.F.);
#11486=ORIENTED_EDGE('',*,*,#11468,.F.);
#11487=EDGE_LOOP('',(#11481,#11483,#11485,#11486));
#11488=FACE_OUTER_BOUND('',#11487,.F.);
#11490=CARTESIAN_POINT('',(-1.719E0,-2.5E-2,-1.001E0));
#11491=DIRECTION('',(0.E0,1.E0,0.E0));
#11492=DIRECTION('',(1.E0,0.E0,0.E0));
#11493=AXIS2_PLACEMENT_3D('',#11490,#11491,#11492);
#11494=CYLINDRICAL_SURFACE('',#11493,1.19E-1);
#11495=ORIENTED_EDGE('',*,*,#11426,.T.);
#11497=ORIENTED_EDGE('',*,*,#11496,.T.);
#11499=ORIENTED_EDGE('',*,*,#11498,.F.);
#11500=ORIENTED_EDGE('',*,*,#11482,.F.);
#11501=EDGE_LOOP('',(#11495,#11497,#11499,#11500));
#11502=FACE_OUTER_BOUND('',#11501,.F.);
#11504=CARTESIAN_POINT('',(-1.719E0,-2.5E-2,-1.12E0));
#11505=DIRECTION('',(0.E0,0.E0,-1.E0));
#11506=DIRECTION('',(-1.E0,0.E0,0.E0));
#11507=AXIS2_PLACEMENT_3D('',#11504,#11505,#11506);
#11508=PLANE('',#11507);
#11509=ORIENTED_EDGE('',*,*,#11424,.F.);
#11511=ORIENTED_EDGE('',*,*,#11510,.T.);
#11513=ORIENTED_EDGE('',*,*,#11512,.F.);
#11514=ORIENTED_EDGE('',*,*,#11496,.F.);
#11515=EDGE_LOOP('',(#11509,#11511,#11513,#11514));
#11516=FACE_OUTER_BOUND('',#11515,.F.);
#11518=CARTESIAN_POINT('',(-2.E0,0.E0,-2.E0));
#11519=DIRECTION('',(-1.E0,0.E0,0.E0));
#11520=DIRECTION('',(0.E0,0.E0,1.E0));
#11521=AXIS2_PLACEMENT_3D('',#11518,#11519,#11520);
#11522=PLANE('',#11521);
#11524=ORIENTED_EDGE('',*,*,#11523,.T.);
#11525=ORIENTED_EDGE('',*,*,#11510,.F.);
#11526=ORIENTED_EDGE('',*,*,#11422,.F.);
#11528=ORIENTED_EDGE('',*,*,#11527,.T.);
#11530=ORIENTED_EDGE('',*,*,#11529,.T.);
#11532=ORIENTED_EDGE('',*,*,#11531,.F.);
#11533=ORIENTED_EDGE('',*,*,#11234,.F.);
#11535=ORIENTED_EDGE('',*,*,#11534,.T.);
#11537=ORIENTED_EDGE('',*,*,#11536,.T.);
#11539=ORIENTED_EDGE('',*,*,#11538,.F.);
#11540=ORIENTED_EDGE('',*,*,#11222,.F.);
#11542=ORIENTED_EDGE('',*,*,#11541,.T.);
#11544=ORIENTED_EDGE('',*,*,#11543,.T.);
#11546=ORIENTED_EDGE('',*,*,#11545,.F.);
#11547=ORIENTED_EDGE('',*,*,#11210,.F.);
#11549=ORIENTED_EDGE('',*,*,#11548,.T.);
#11551=ORIENTED_EDGE('',*,*,#11550,.T.);
#11553=ORIENTED_EDGE('',*,*,#11552,.F.);
#11554=ORIENTED_EDGE('',*,*,#11198,.F.);
#11556=ORIENTED_EDGE('',*,*,#11555,.T.);
#11558=ORIENTED_EDGE('',*,*,#11557,.T.);
#11560=ORIENTED_EDGE('',*,*,#11559,.F.);
#11561=ORIENTED_EDGE('',*,*,#11186,.F.);
#11562=ORIENTED_EDGE('',*,*,#11457,.T.);
#11563=EDGE_LOOP('',(#11524,#11525,#11526,#11528,#11530,#11532,#11533,#11535,
#11537,#11539,#11540,#11542,#11544,#11546,#11547,#11549,#11551,#11553,#11554,
#11556,#11558,#11560,#11561,#11562));
#11564=FACE_OUTER_BOUND('',#11563,.F.);
#11566=ORIENTED_EDGE('',*,*,#11565,.T.);
#11568=ORIENTED_EDGE('',*,*,#11567,.T.);
#11570=ORIENTED_EDGE('',*,*,#11569,.F.);
#11572=ORIENTED_EDGE('',*,*,#11571,.F.);
#11573=EDGE_LOOP('',(#11566,#11568,#11570,#11572));
#11574=FACE_BOUND('',#11573,.F.);
#11576=ORIENTED_EDGE('',*,*,#11575,.T.);
#11578=ORIENTED_EDGE('',*,*,#11577,.T.);
#11580=ORIENTED_EDGE('',*,*,#11579,.F.);
#11582=ORIENTED_EDGE('',*,*,#11581,.F.);
#11583=EDGE_LOOP('',(#11576,#11578,#11580,#11582));
#11584=FACE_BOUND('',#11583,.F.);
#11586=CARTESIAN_POINT('',(0.E0,1.75E-1,0.E0));
#11587=DIRECTION('',(0.E0,1.E0,0.E0));
#11588=DIRECTION('',(1.E0,0.E0,0.E0));
#11589=AXIS2_PLACEMENT_3D('',#11586,#11587,#11588);
#11590=PLANE('',#11589);
#11591=ORIENTED_EDGE('',*,*,#11523,.F.);
#11592=ORIENTED_EDGE('',*,*,#11455,.T.);
#11593=ORIENTED_EDGE('',*,*,#11470,.T.);
#11594=ORIENTED_EDGE('',*,*,#11484,.T.);
#11595=ORIENTED_EDGE('',*,*,#11498,.T.);
#11596=ORIENTED_EDGE('',*,*,#11512,.T.);
#11597=EDGE_LOOP('',(#11591,#11592,#11593,#11594,#11595,#11596));
#11598=FACE_OUTER_BOUND('',#11597,.F.);
#11600=CARTESIAN_POINT('',(2.E0,0.E0,-2.E0));
#11601=DIRECTION('',(0.E0,0.E0,-1.E0));
#11602=DIRECTION('',(-1.E0,0.E0,0.E0));
#11603=AXIS2_PLACEMENT_3D('',#11600,#11601,#11602);
#11604=PLANE('',#11603);
#11606=ORIENTED_EDGE('',*,*,#11605,.T.);
#11608=ORIENTED_EDGE('',*,*,#11607,.T.);
#11610=ORIENTED_EDGE('',*,*,#11609,.F.);
#11611=ORIENTED_EDGE('',*,*,#11408,.F.);
#11613=ORIENTED_EDGE('',*,*,#11612,.T.);
#11615=ORIENTED_EDGE('',*,*,#11614,.T.);
#11617=ORIENTED_EDGE('',*,*,#11616,.F.);
#11618=ORIENTED_EDGE('',*,*,#11396,.F.);
#11620=ORIENTED_EDGE('',*,*,#11619,.T.);
#11622=ORIENTED_EDGE('',*,*,#11621,.T.);
#11624=ORIENTED_EDGE('',*,*,#11623,.F.);
#11625=ORIENTED_EDGE('',*,*,#11384,.F.);
#11627=ORIENTED_EDGE('',*,*,#11626,.T.);
#11629=ORIENTED_EDGE('',*,*,#11628,.T.);
#11631=ORIENTED_EDGE('',*,*,#11630,.F.);
#11632=ORIENTED_EDGE('',*,*,#11372,.F.);
#11634=ORIENTED_EDGE('',*,*,#11633,.T.);
#11636=ORIENTED_EDGE('',*,*,#11635,.T.);
#11638=ORIENTED_EDGE('',*,*,#11637,.F.);
#11639=ORIENTED_EDGE('',*,*,#11360,.F.);
#11641=ORIENTED_EDGE('',*,*,#11640,.T.);
#11643=ORIENTED_EDGE('',*,*,#11642,.T.);
#11644=ORIENTED_EDGE('',*,*,#11527,.F.);
#11645=ORIENTED_EDGE('',*,*,#11420,.F.);
#11646=EDGE_LOOP('',(#11606,#11608,#11610,#11611,#11613,#11615,#11617,#11618,
#11620,#11622,#11624,#11625,#11627,#11629,#11631,#11632,#11634,#11636,#11638,
#11639,#11641,#11643,#11644,#11645));
#11647=FACE_OUTER_BOUND('',#11646,.F.);
#11649=ORIENTED_EDGE('',*,*,#11648,.T.);
#11651=ORIENTED_EDGE('',*,*,#11650,.T.);
#11653=ORIENTED_EDGE('',*,*,#11652,.F.);
#11655=ORIENTED_EDGE('',*,*,#11654,.F.);
#11656=EDGE_LOOP('',(#11649,#11651,#11653,#11655));
#11657=FACE_BOUND('',#11656,.F.);
#11659=ORIENTED_EDGE('',*,*,#11658,.T.);
#11661=ORIENTED_EDGE('',*,*,#11660,.T.);
#11663=ORIENTED_EDGE('',*,*,#11662,.F.);
#11665=ORIENTED_EDGE('',*,*,#11664,.F.);
#11666=EDGE_LOOP('',(#11659,#11661,#11663,#11665));
#11667=FACE_BOUND('',#11666,.F.);
#11669=CARTESIAN_POINT('',(-1.12E0,-2.5E-2,-2.1E0));
#11670=DIRECTION('',(-1.E0,0.E0,0.E0));
#11671=DIRECTION('',(0.E0,0.E0,1.E0));
#11672=AXIS2_PLACEMENT_3D('',#11669,#11670,#11671);
#11673=PLANE('',#11672);
#11674=ORIENTED_EDGE('',*,*,#11418,.T.);
#11676=ORIENTED_EDGE('',*,*,#11675,.T.);
#11678=ORIENTED_EDGE('',*,*,#11677,.F.);
#11679=ORIENTED_EDGE('',*,*,#11605,.F.);
#11680=EDGE_LOOP('',(#11674,#11676,#11678,#11679));
#11681=FACE_OUTER_BOUND('',#11680,.F.);
#11683=CARTESIAN_POINT('',(-1.001E0,-2.5E-2,-1.719E0));
#11684=DIRECTION('',(0.E0,1.E0,0.E0));
#11685=DIRECTION('',(1.E0,0.E0,0.E0));
#11686=AXIS2_PLACEMENT_3D('',#11683,#11684,#11685);
#11687=CYLINDRICAL_SURFACE('',#11686,1.19E-1);
#11688=ORIENTED_EDGE('',*,*,#11416,.T.);
#11690=ORIENTED_EDGE('',*,*,#11689,.T.);
#11692=ORIENTED_EDGE('',*,*,#11691,.F.);
#11693=ORIENTED_EDGE('',*,*,#11675,.F.);
#11694=EDGE_LOOP('',(#11688,#11690,#11692,#11693));
#11695=FACE_OUTER_BOUND('',#11694,.F.);
#11697=CARTESIAN_POINT('',(-1.001E0,-2.5E-2,-1.6E0));
#11698=DIRECTION('',(0.E0,0.E0,1.E0));
#11699=DIRECTION('',(1.E0,0.E0,0.E0));
#11700=AXIS2_PLACEMENT_3D('',#11697,#11698,#11699);
#11701=PLANE('',#11700);
#11702=ORIENTED_EDGE('',*,*,#11414,.T.);
#11704=ORIENTED_EDGE('',*,*,#11703,.T.);
#11706=ORIENTED_EDGE('',*,*,#11705,.F.);
#11707=ORIENTED_EDGE('',*,*,#11689,.F.);
#11708=EDGE_LOOP('',(#11702,#11704,#11706,#11707));
#11709=FACE_OUTER_BOUND('',#11708,.F.);
#11711=CARTESIAN_POINT('',(-9.99E-1,-2.5E-2,-1.719E0));
#11712=DIRECTION('',(0.E0,1.E0,0.E0));
#11713=DIRECTION('',(1.E0,0.E0,0.E0));
#11714=AXIS2_PLACEMENT_3D('',#11711,#11712,#11713);
#11715=CYLINDRICAL_SURFACE('',#11714,1.19E-1);
#11716=ORIENTED_EDGE('',*,*,#11412,.T.);
#11718=ORIENTED_EDGE('',*,*,#11717,.T.);
#11720=ORIENTED_EDGE('',*,*,#11719,.F.);
#11721=ORIENTED_EDGE('',*,*,#11703,.F.);
#11722=EDGE_LOOP('',(#11716,#11718,#11720,#11721));
#11723=FACE_OUTER_BOUND('',#11722,.F.);
#11725=CARTESIAN_POINT('',(-8.8E-1,-2.5E-2,-1.719E0));
#11726=DIRECTION('',(1.E0,0.E0,0.E0));
#11727=DIRECTION('',(0.E0,0.E0,-1.E0));
#11728=AXIS2_PLACEMENT_3D('',#11725,#11726,#11727);
#11729=PLANE('',#11728);
#11730=ORIENTED_EDGE('',*,*,#11410,.F.);
#11731=ORIENTED_EDGE('',*,*,#11609,.T.);
#11733=ORIENTED_EDGE('',*,*,#11732,.F.);
#11734=ORIENTED_EDGE('',*,*,#11717,.F.);
#11735=EDGE_LOOP('',(#11730,#11731,#11733,#11734));
#11736=FACE_OUTER_BOUND('',#11735,.F.);
#11738=CARTESIAN_POINT('',(0.E0,1.75E-1,0.E0));
#11739=DIRECTION('',(0.E0,1.E0,0.E0));
#11740=DIRECTION('',(1.E0,0.E0,0.E0));
#11741=AXIS2_PLACEMENT_3D('',#11738,#11739,#11740);
#11742=PLANE('',#11741);
#11743=ORIENTED_EDGE('',*,*,#11607,.F.);
#11744=ORIENTED_EDGE('',*,*,#11677,.T.);
#11745=ORIENTED_EDGE('',*,*,#11691,.T.);
#11746=ORIENTED_EDGE('',*,*,#11705,.T.);
#11747=ORIENTED_EDGE('',*,*,#11719,.T.);
#11748=ORIENTED_EDGE('',*,*,#11732,.T.);
#11749=EDGE_LOOP('',(#11743,#11744,#11745,#11746,#11747,#11748));
#11750=FACE_OUTER_BOUND('',#11749,.F.);
#11752=CARTESIAN_POINT('',(-6.2E-1,-2.5E-2,-2.1E0));
#11753=DIRECTION('',(-1.E0,0.E0,0.E0));
#11754=DIRECTION('',(0.E0,0.E0,1.E0));
#11755=AXIS2_PLACEMENT_3D('',#11752,#11753,#11754);
#11756=PLANE('',#11755);
#11757=ORIENTED_EDGE('',*,*,#11406,.T.);
#11759=ORIENTED_EDGE('',*,*,#11758,.T.);
#11761=ORIENTED_EDGE('',*,*,#11760,.F.);
#11762=ORIENTED_EDGE('',*,*,#11612,.F.);
#11763=EDGE_LOOP('',(#11757,#11759,#11761,#11762));
#11764=FACE_OUTER_BOUND('',#11763,.F.);
#11766=CARTESIAN_POINT('',(-5.01E-1,-2.5E-2,-1.719E0));
#11767=DIRECTION('',(0.E0,1.E0,0.E0));
#11768=DIRECTION('',(1.E0,0.E0,0.E0));
#11769=AXIS2_PLACEMENT_3D('',#11766,#11767,#11768);
#11770=CYLINDRICAL_SURFACE('',#11769,1.19E-1);
#11771=ORIENTED_EDGE('',*,*,#11404,.T.);
#11773=ORIENTED_EDGE('',*,*,#11772,.T.);
#11775=ORIENTED_EDGE('',*,*,#11774,.F.);
#11776=ORIENTED_EDGE('',*,*,#11758,.F.);
#11777=EDGE_LOOP('',(#11771,#11773,#11775,#11776));
#11778=FACE_OUTER_BOUND('',#11777,.F.);
#11780=CARTESIAN_POINT('',(-5.01E-1,-2.5E-2,-1.6E0));
#11781=DIRECTION('',(0.E0,0.E0,1.E0));
#11782=DIRECTION('',(1.E0,0.E0,0.E0));
#11783=AXIS2_PLACEMENT_3D('',#11780,#11781,#11782);
#11784=PLANE('',#11783);
#11785=ORIENTED_EDGE('',*,*,#11402,.T.);
#11787=ORIENTED_EDGE('',*,*,#11786,.T.);
#11789=ORIENTED_EDGE('',*,*,#11788,.F.);
#11790=ORIENTED_EDGE('',*,*,#11772,.F.);
#11791=EDGE_LOOP('',(#11785,#11787,#11789,#11790));
#11792=FACE_OUTER_BOUND('',#11791,.F.);
#11794=CARTESIAN_POINT('',(-4.99E-1,-2.5E-2,-1.719E0));
#11795=DIRECTION('',(0.E0,1.E0,0.E0));
#11796=DIRECTION('',(1.E0,0.E0,0.E0));
#11797=AXIS2_PLACEMENT_3D('',#11794,#11795,#11796);
#11798=CYLINDRICAL_SURFACE('',#11797,1.19E-1);
#11799=ORIENTED_EDGE('',*,*,#11400,.T.);
#11801=ORIENTED_EDGE('',*,*,#11800,.T.);
#11803=ORIENTED_EDGE('',*,*,#11802,.F.);
#11804=ORIENTED_EDGE('',*,*,#11786,.F.);
#11805=EDGE_LOOP('',(#11799,#11801,#11803,#11804));
#11806=FACE_OUTER_BOUND('',#11805,.F.);
#11808=CARTESIAN_POINT('',(-3.8E-1,-2.5E-2,-1.719E0));
#11809=DIRECTION('',(1.E0,0.E0,0.E0));
#11810=DIRECTION('',(0.E0,0.E0,-1.E0));
#11811=AXIS2_PLACEMENT_3D('',#11808,#11809,#11810);
#11812=PLANE('',#11811);
#11813=ORIENTED_EDGE('',*,*,#11398,.F.);
#11814=ORIENTED_EDGE('',*,*,#11616,.T.);
#11816=ORIENTED_EDGE('',*,*,#11815,.F.);
#11817=ORIENTED_EDGE('',*,*,#11800,.F.);
#11818=EDGE_LOOP('',(#11813,#11814,#11816,#11817));
#11819=FACE_OUTER_BOUND('',#11818,.F.);
#11821=CARTESIAN_POINT('',(0.E0,1.75E-1,0.E0));
#11822=DIRECTION('',(0.E0,1.E0,0.E0));
#11823=DIRECTION('',(1.E0,0.E0,0.E0));
#11824=AXIS2_PLACEMENT_3D('',#11821,#11822,#11823);
#11825=PLANE('',#11824);
#11826=ORIENTED_EDGE('',*,*,#11614,.F.);
#11827=ORIENTED_EDGE('',*,*,#11760,.T.);
#11828=ORIENTED_EDGE('',*,*,#11774,.T.);
#11829=ORIENTED_EDGE('',*,*,#11788,.T.);
#11830=ORIENTED_EDGE('',*,*,#11802,.T.);
#11831=ORIENTED_EDGE('',*,*,#11815,.T.);
#11832=EDGE_LOOP('',(#11826,#11827,#11828,#11829,#11830,#11831));
#11833=FACE_OUTER_BOUND('',#11832,.F.);
#11835=CARTESIAN_POINT('',(-1.2E-1,-2.5E-2,-2.1E0));
#11836=DIRECTION('',(-1.E0,0.E0,0.E0));
#11837=DIRECTION('',(0.E0,0.E0,1.E0));
#11838=AXIS2_PLACEMENT_3D('',#11835,#11836,#11837);
#11839=PLANE('',#11838);
#11840=ORIENTED_EDGE('',*,*,#11394,.T.);
#11842=ORIENTED_EDGE('',*,*,#11841,.T.);
#11844=ORIENTED_EDGE('',*,*,#11843,.F.);
#11845=ORIENTED_EDGE('',*,*,#11619,.F.);
#11846=EDGE_LOOP('',(#11840,#11842,#11844,#11845));
#11847=FACE_OUTER_BOUND('',#11846,.F.);
#11849=CARTESIAN_POINT('',(-1.E-3,-2.5E-2,-1.719E0));
#11850=DIRECTION('',(0.E0,1.E0,0.E0));
#11851=DIRECTION('',(1.E0,0.E0,0.E0));
#11852=AXIS2_PLACEMENT_3D('',#11849,#11850,#11851);
#11853=CYLINDRICAL_SURFACE('',#11852,1.19E-1);
#11854=ORIENTED_EDGE('',*,*,#11392,.T.);
#11856=ORIENTED_EDGE('',*,*,#11855,.T.);
#11858=ORIENTED_EDGE('',*,*,#11857,.F.);
#11859=ORIENTED_EDGE('',*,*,#11841,.F.);
#11860=EDGE_LOOP('',(#11854,#11856,#11858,#11859));
#11861=FACE_OUTER_BOUND('',#11860,.F.);
#11863=CARTESIAN_POINT('',(-1.E-3,-2.5E-2,-1.6E0));
#11864=DIRECTION('',(0.E0,0.E0,1.E0));
#11865=DIRECTION('',(1.E0,0.E0,0.E0));
#11866=AXIS2_PLACEMENT_3D('',#11863,#11864,#11865);
#11867=PLANE('',#11866);
#11868=ORIENTED_EDGE('',*,*,#11390,.T.);
#11870=ORIENTED_EDGE('',*,*,#11869,.T.);
#11872=ORIENTED_EDGE('',*,*,#11871,.F.);
#11873=ORIENTED_EDGE('',*,*,#11855,.F.);
#11874=EDGE_LOOP('',(#11868,#11870,#11872,#11873));
#11875=FACE_OUTER_BOUND('',#11874,.F.);
#11877=CARTESIAN_POINT('',(1.E-3,-2.5E-2,-1.719E0));
#11878=DIRECTION('',(0.E0,1.E0,0.E0));
#11879=DIRECTION('',(1.E0,0.E0,0.E0));
#11880=AXIS2_PLACEMENT_3D('',#11877,#11878,#11879);
#11881=CYLINDRICAL_SURFACE('',#11880,1.19E-1);
#11882=ORIENTED_EDGE('',*,*,#11388,.T.);
#11884=ORIENTED_EDGE('',*,*,#11883,.T.);
#11886=ORIENTED_EDGE('',*,*,#11885,.F.);
#11887=ORIENTED_EDGE('',*,*,#11869,.F.);
#11888=EDGE_LOOP('',(#11882,#11884,#11886,#11887));
#11889=FACE_OUTER_BOUND('',#11888,.F.);
#11891=CARTESIAN_POINT('',(1.2E-1,-2.5E-2,-1.719E0));
#11892=DIRECTION('',(1.E0,0.E0,0.E0));
#11893=DIRECTION('',(0.E0,0.E0,-1.E0));
#11894=AXIS2_PLACEMENT_3D('',#11891,#11892,#11893);
#11895=PLANE('',#11894);
#11896=ORIENTED_EDGE('',*,*,#11386,.F.);
#11897=ORIENTED_EDGE('',*,*,#11623,.T.);
#11899=ORIENTED_EDGE('',*,*,#11898,.F.);
#11900=ORIENTED_EDGE('',*,*,#11883,.F.);
#11901=EDGE_LOOP('',(#11896,#11897,#11899,#11900));
#11902=FACE_OUTER_BOUND('',#11901,.F.);
#11904=CARTESIAN_POINT('',(0.E0,1.75E-1,0.E0));
#11905=DIRECTION('',(0.E0,1.E0,0.E0));
#11906=DIRECTION('',(1.E0,0.E0,0.E0));
#11907=AXIS2_PLACEMENT_3D('',#11904,#11905,#11906);
#11908=PLANE('',#11907);
#11909=ORIENTED_EDGE('',*,*,#11621,.F.);
#11910=ORIENTED_EDGE('',*,*,#11843,.T.);
#11911=ORIENTED_EDGE('',*,*,#11857,.T.);
#11912=ORIENTED_EDGE('',*,*,#11871,.T.);
#11913=ORIENTED_EDGE('',*,*,#11885,.T.);
#11914=ORIENTED_EDGE('',*,*,#11898,.T.);
#11915=EDGE_LOOP('',(#11909,#11910,#11911,#11912,#11913,#11914));
#11916=FACE_OUTER_BOUND('',#11915,.F.);
#11918=CARTESIAN_POINT('',(3.8E-1,-2.5E-2,-2.1E0));
#11919=DIRECTION('',(-1.E0,0.E0,0.E0));
#11920=DIRECTION('',(0.E0,0.E0,1.E0));
#11921=AXIS2_PLACEMENT_3D('',#11918,#11919,#11920);
#11922=PLANE('',#11921);
#11923=ORIENTED_EDGE('',*,*,#11382,.T.);
#11925=ORIENTED_EDGE('',*,*,#11924,.T.);
#11927=ORIENTED_EDGE('',*,*,#11926,.F.);
#11928=ORIENTED_EDGE('',*,*,#11626,.F.);
#11929=EDGE_LOOP('',(#11923,#11925,#11927,#11928));
#11930=FACE_OUTER_BOUND('',#11929,.F.);
#11932=CARTESIAN_POINT('',(4.99E-1,-2.5E-2,-1.719E0));
#11933=DIRECTION('',(0.E0,1.E0,0.E0));
#11934=DIRECTION('',(1.E0,0.E0,0.E0));
#11935=AXIS2_PLACEMENT_3D('',#11932,#11933,#11934);
#11936=CYLINDRICAL_SURFACE('',#11935,1.19E-1);
#11937=ORIENTED_EDGE('',*,*,#11380,.T.);
#11939=ORIENTED_EDGE('',*,*,#11938,.T.);
#11941=ORIENTED_EDGE('',*,*,#11940,.F.);
#11942=ORIENTED_EDGE('',*,*,#11924,.F.);
#11943=EDGE_LOOP('',(#11937,#11939,#11941,#11942));
#11944=FACE_OUTER_BOUND('',#11943,.F.);
#11946=CARTESIAN_POINT('',(4.99E-1,-2.5E-2,-1.6E0));
#11947=DIRECTION('',(0.E0,0.E0,1.E0));
#11948=DIRECTION('',(1.E0,0.E0,0.E0));
#11949=AXIS2_PLACEMENT_3D('',#11946,#11947,#11948);
#11950=PLANE('',#11949);
#11951=ORIENTED_EDGE('',*,*,#11378,.T.);
#11953=ORIENTED_EDGE('',*,*,#11952,.T.);
#11955=ORIENTED_EDGE('',*,*,#11954,.F.);
#11956=ORIENTED_EDGE('',*,*,#11938,.F.);
#11957=EDGE_LOOP('',(#11951,#11953,#11955,#11956));
#11958=FACE_OUTER_BOUND('',#11957,.F.);
#11960=CARTESIAN_POINT('',(5.01E-1,-2.5E-2,-1.719E0));
#11961=DIRECTION('',(0.E0,1.E0,0.E0));
#11962=DIRECTION('',(1.E0,0.E0,0.E0));
#11963=AXIS2_PLACEMENT_3D('',#11960,#11961,#11962);
#11964=CYLINDRICAL_SURFACE('',#11963,1.19E-1);
#11965=ORIENTED_EDGE('',*,*,#11376,.T.);
#11967=ORIENTED_EDGE('',*,*,#11966,.T.);
#11969=ORIENTED_EDGE('',*,*,#11968,.F.);
#11970=ORIENTED_EDGE('',*,*,#11952,.F.);
#11971=EDGE_LOOP('',(#11965,#11967,#11969,#11970));
#11972=FACE_OUTER_BOUND('',#11971,.F.);
#11974=CARTESIAN_POINT('',(6.2E-1,-2.5E-2,-1.719E0));
#11975=DIRECTION('',(1.E0,0.E0,0.E0));
#11976=DIRECTION('',(0.E0,0.E0,-1.E0));
#11977=AXIS2_PLACEMENT_3D('',#11974,#11975,#11976);
#11978=PLANE('',#11977);
#11979=ORIENTED_EDGE('',*,*,#11374,.F.);
#11980=ORIENTED_EDGE('',*,*,#11630,.T.);
#11982=ORIENTED_EDGE('',*,*,#11981,.F.);
#11983=ORIENTED_EDGE('',*,*,#11966,.F.);
#11984=EDGE_LOOP('',(#11979,#11980,#11982,#11983));
#11985=FACE_OUTER_BOUND('',#11984,.F.);
#11987=CARTESIAN_POINT('',(0.E0,1.75E-1,0.E0));
#11988=DIRECTION('',(0.E0,1.E0,0.E0));
#11989=DIRECTION('',(1.E0,0.E0,0.E0));
#11990=AXIS2_PLACEMENT_3D('',#11987,#11988,#11989);
#11991=PLANE('',#11990);
#11992=ORIENTED_EDGE('',*,*,#11628,.F.);
#11993=ORIENTED_EDGE('',*,*,#11926,.T.);
#11994=ORIENTED_EDGE('',*,*,#11940,.T.);
#11995=ORIENTED_EDGE('',*,*,#11954,.T.);
#11996=ORIENTED_EDGE('',*,*,#11968,.T.);
#11997=ORIENTED_EDGE('',*,*,#11981,.T.);
#11998=EDGE_LOOP('',(#11992,#11993,#11994,#11995,#11996,#11997));
#11999=FACE_OUTER_BOUND('',#11998,.F.);
#12001=CARTESIAN_POINT('',(8.8E-1,-2.5E-2,-2.1E0));
#12002=DIRECTION('',(-1.E0,0.E0,0.E0));
#12003=DIRECTION('',(0.E0,0.E0,1.E0));
#12004=AXIS2_PLACEMENT_3D('',#12001,#12002,#12003);
#12005=PLANE('',#12004);
#12006=ORIENTED_EDGE('',*,*,#11370,.T.);
#12008=ORIENTED_EDGE('',*,*,#12007,.T.);
#12010=ORIENTED_EDGE('',*,*,#12009,.F.);
#12011=ORIENTED_EDGE('',*,*,#11633,.F.);
#12012=EDGE_LOOP('',(#12006,#12008,#12010,#12011));
#12013=FACE_OUTER_BOUND('',#12012,.F.);
#12015=CARTESIAN_POINT('',(9.99E-1,-2.5E-2,-1.719E0));
#12016=DIRECTION('',(0.E0,1.E0,0.E0));
#12017=DIRECTION('',(1.E0,0.E0,0.E0));
#12018=AXIS2_PLACEMENT_3D('',#12015,#12016,#12017);
#12019=CYLINDRICAL_SURFACE('',#12018,1.19E-1);
#12020=ORIENTED_EDGE('',*,*,#11368,.T.);
#12022=ORIENTED_EDGE('',*,*,#12021,.T.);
#12024=ORIENTED_EDGE('',*,*,#12023,.F.);
#12025=ORIENTED_EDGE('',*,*,#12007,.F.);
#12026=EDGE_LOOP('',(#12020,#12022,#12024,#12025));
#12027=FACE_OUTER_BOUND('',#12026,.F.);
#12029=CARTESIAN_POINT('',(9.99E-1,-2.5E-2,-1.6E0));
#12030=DIRECTION('',(0.E0,0.E0,1.E0));
#12031=DIRECTION('',(1.E0,0.E0,0.E0));
#12032=AXIS2_PLACEMENT_3D('',#12029,#12030,#12031);
#12033=PLANE('',#12032);
#12034=ORIENTED_EDGE('',*,*,#11366,.T.);
#12036=ORIENTED_EDGE('',*,*,#12035,.T.);
#12038=ORIENTED_EDGE('',*,*,#12037,.F.);
#12039=ORIENTED_EDGE('',*,*,#12021,.F.);
#12040=EDGE_LOOP('',(#12034,#12036,#12038,#12039));
#12041=FACE_OUTER_BOUND('',#12040,.F.);
#12043=CARTESIAN_POINT('',(1.001E0,-2.5E-2,-1.719E0));
#12044=DIRECTION('',(0.E0,1.E0,0.E0));
#12045=DIRECTION('',(1.E0,0.E0,0.E0));
#12046=AXIS2_PLACEMENT_3D('',#12043,#12044,#12045);
#12047=CYLINDRICAL_SURFACE('',#12046,1.19E-1);
#12048=ORIENTED_EDGE('',*,*,#11364,.T.);
#12050=ORIENTED_EDGE('',*,*,#12049,.T.);
#12052=ORIENTED_EDGE('',*,*,#12051,.F.);
#12053=ORIENTED_EDGE('',*,*,#12035,.F.);
#12054=EDGE_LOOP('',(#12048,#12050,#12052,#12053));
#12055=FACE_OUTER_BOUND('',#12054,.F.);
#12057=CARTESIAN_POINT('',(1.12E0,-2.5E-2,-1.719E0));
#12058=DIRECTION('',(1.E0,0.E0,0.E0));
#12059=DIRECTION('',(0.E0,0.E0,-1.E0));
#12060=AXIS2_PLACEMENT_3D('',#12057,#12058,#12059);
#12061=PLANE('',#12060);
#12062=ORIENTED_EDGE('',*,*,#11362,.F.);
#12063=ORIENTED_EDGE('',*,*,#11637,.T.);
#12065=ORIENTED_EDGE('',*,*,#12064,.F.);
#12066=ORIENTED_EDGE('',*,*,#12049,.F.);
#12067=EDGE_LOOP('',(#12062,#12063,#12065,#12066));
#12068=FACE_OUTER_BOUND('',#12067,.F.);
#12070=CARTESIAN_POINT('',(0.E0,1.75E-1,0.E0));
#12071=DIRECTION('',(0.E0,1.E0,0.E0));
#12072=DIRECTION('',(1.E0,0.E0,0.E0));
#12073=AXIS2_PLACEMENT_3D('',#12070,#12071,#12072);
#12074=PLANE('',#12073);
#12075=ORIENTED_EDGE('',*,*,#11635,.F.);
#12076=ORIENTED_EDGE('',*,*,#12009,.T.);
#12077=ORIENTED_EDGE('',*,*,#12023,.T.);
#12078=ORIENTED_EDGE('',*,*,#12037,.T.);
#12079=ORIENTED_EDGE('',*,*,#12051,.T.);
#12080=ORIENTED_EDGE('',*,*,#12064,.T.);
#12081=EDGE_LOOP('',(#12075,#12076,#12077,#12078,#12079,#12080));
#12082=FACE_OUTER_BOUND('',#12081,.F.);
#12084=CARTESIAN_POINT('',(2.E0,0.E0,2.E0));
#12085=DIRECTION('',(1.E0,0.E0,0.E0));
#12086=DIRECTION('',(0.E0,0.E0,-1.E0));
#12087=AXIS2_PLACEMENT_3D('',#12084,#12085,#12086);
#12088=PLANE('',#12087);
#12090=ORIENTED_EDGE('',*,*,#12089,.F.);
#12092=ORIENTED_EDGE('',*,*,#12091,.F.);
#12093=ORIENTED_EDGE('',*,*,#11346,.F.);
#12095=ORIENTED_EDGE('',*,*,#12094,.T.);
#12097=ORIENTED_EDGE('',*,*,#12096,.F.);
#12099=ORIENTED_EDGE('',*,*,#12098,.F.);
#12100=ORIENTED_EDGE('',*,*,#11334,.F.);
#12102=ORIENTED_EDGE('',*,*,#12101,.T.);
#12104=ORIENTED_EDGE('',*,*,#12103,.F.);
#12106=ORIENTED_EDGE('',*,*,#12105,.F.);
#12107=ORIENTED_EDGE('',*,*,#11322,.F.);
#12109=ORIENTED_EDGE('',*,*,#12108,.T.);
#12111=ORIENTED_EDGE('',*,*,#12110,.F.);
#12113=ORIENTED_EDGE('',*,*,#12112,.F.);
#12114=ORIENTED_EDGE('',*,*,#11310,.F.);
#12116=ORIENTED_EDGE('',*,*,#12115,.T.);
#12118=ORIENTED_EDGE('',*,*,#12117,.F.);
#12120=ORIENTED_EDGE('',*,*,#12119,.F.);
#12121=ORIENTED_EDGE('',*,*,#11298,.F.);
#12123=ORIENTED_EDGE('',*,*,#12122,.T.);
#12125=ORIENTED_EDGE('',*,*,#12124,.T.);
#12126=ORIENTED_EDGE('',*,*,#11640,.F.);
#12127=ORIENTED_EDGE('',*,*,#11358,.F.);
#12129=ORIENTED_EDGE('',*,*,#12128,.T.);
#12130=EDGE_LOOP('',(#12090,#12092,#12093,#12095,#12097,#12099,#12100,#12102,
#12104,#12106,#12107,#12109,#12111,#12113,#12114,#12116,#12118,#12120,#12121,
#12123,#12125,#12126,#12127,#12129));
#12131=FACE_OUTER_BOUND('',#12130,.F.);
#12133=ORIENTED_EDGE('',*,*,#12132,.T.);
#12135=ORIENTED_EDGE('',*,*,#12134,.T.);
#12137=ORIENTED_EDGE('',*,*,#12136,.F.);
#12139=ORIENTED_EDGE('',*,*,#12138,.F.);
#12140=EDGE_LOOP('',(#12133,#12135,#12137,#12139));
#12141=FACE_BOUND('',#12140,.F.);
#12143=ORIENTED_EDGE('',*,*,#12142,.T.);
#12145=ORIENTED_EDGE('',*,*,#12144,.T.);
#12147=ORIENTED_EDGE('',*,*,#12146,.F.);
#12149=ORIENTED_EDGE('',*,*,#12148,.F.);
#12150=EDGE_LOOP('',(#12143,#12145,#12147,#12149));
#12151=FACE_BOUND('',#12150,.F.);
#12153=CARTESIAN_POINT('',(0.E0,1.75E-1,0.E0));
#12154=DIRECTION('',(0.E0,-1.E0,0.E0));
#12155=DIRECTION('',(-1.E0,0.E0,0.E0));
#12156=AXIS2_PLACEMENT_3D('',#12153,#12154,#12155);
#12157=PLANE('',#12156);
#12158=ORIENTED_EDGE('',*,*,#12089,.T.);
#12160=ORIENTED_EDGE('',*,*,#12159,.F.);
#12162=ORIENTED_EDGE('',*,*,#12161,.F.);
#12164=ORIENTED_EDGE('',*,*,#12163,.F.);
#12166=ORIENTED_EDGE('',*,*,#12165,.F.);
#12168=ORIENTED_EDGE('',*,*,#12167,.F.);
#12169=EDGE_LOOP('',(#12158,#12160,#12162,#12164,#12166,#12168));
#12170=FACE_OUTER_BOUND('',#12169,.F.);
#12172=CARTESIAN_POINT('',(1.719E0,-2.5E-2,-1.12E0));
#12173=DIRECTION('',(0.E0,0.E0,1.E0));
#12174=DIRECTION('',(1.E0,0.E0,0.E0));
#12175=AXIS2_PLACEMENT_3D('',#12172,#12173,#12174);
#12176=PLANE('',#12175);
#12177=ORIENTED_EDGE('',*,*,#11356,.T.);
#12179=ORIENTED_EDGE('',*,*,#12178,.T.);
#12180=ORIENTED_EDGE('',*,*,#12159,.T.);
#12181=ORIENTED_EDGE('',*,*,#12128,.F.);
#12182=EDGE_LOOP('',(#12177,#12179,#12180,#12181));
#12183=FACE_OUTER_BOUND('',#12182,.F.);
#12185=CARTESIAN_POINT('',(1.719E0,-2.5E-2,-1.001E0));
#12186=DIRECTION('',(0.E0,-1.E0,0.E0));
#12187=DIRECTION('',(-1.E0,0.E0,0.E0));
#12188=AXIS2_PLACEMENT_3D('',#12185,#12186,#12187);
#12189=CYLINDRICAL_SURFACE('',#12188,1.19E-1);
#12190=ORIENTED_EDGE('',*,*,#11354,.F.);
#12192=ORIENTED_EDGE('',*,*,#12191,.T.);
#12193=ORIENTED_EDGE('',*,*,#12161,.T.);
#12194=ORIENTED_EDGE('',*,*,#12178,.F.);
#12195=EDGE_LOOP('',(#12190,#12192,#12193,#12194));
#12196=FACE_OUTER_BOUND('',#12195,.F.);
#12198=CARTESIAN_POINT('',(1.6E0,-2.5E-2,-9.99E-1));
#12199=DIRECTION('',(1.E0,0.E0,0.E0));
#12200=DIRECTION('',(0.E0,0.E0,-1.E0));
#12201=AXIS2_PLACEMENT_3D('',#12198,#12199,#12200);
#12202=PLANE('',#12201);
#12203=ORIENTED_EDGE('',*,*,#11352,.F.);
#12205=ORIENTED_EDGE('',*,*,#12204,.T.);
#12206=ORIENTED_EDGE('',*,*,#12163,.T.);
#12207=ORIENTED_EDGE('',*,*,#12191,.F.);
#12208=EDGE_LOOP('',(#12203,#12205,#12206,#12207));
#12209=FACE_OUTER_BOUND('',#12208,.F.);
#12211=CARTESIAN_POINT('',(1.719E0,-2.5E-2,-9.99E-1));
#12212=DIRECTION('',(0.E0,-1.E0,0.E0));
#12213=DIRECTION('',(-1.E0,0.E0,0.E0));
#12214=AXIS2_PLACEMENT_3D('',#12211,#12212,#12213);
#12215=CYLINDRICAL_SURFACE('',#12214,1.19E-1);
#12216=ORIENTED_EDGE('',*,*,#11350,.F.);
#12218=ORIENTED_EDGE('',*,*,#12217,.T.);
#12219=ORIENTED_EDGE('',*,*,#12165,.T.);
#12220=ORIENTED_EDGE('',*,*,#12204,.F.);
#12221=EDGE_LOOP('',(#12216,#12218,#12219,#12220));
#12222=FACE_OUTER_BOUND('',#12221,.F.);
#12224=CARTESIAN_POINT('',(2.1E0,-2.5E-2,-8.8E-1));
#12225=DIRECTION('',(0.E0,0.E0,-1.E0));
#12226=DIRECTION('',(-1.E0,0.E0,0.E0));
#12227=AXIS2_PLACEMENT_3D('',#12224,#12225,#12226);
#12228=PLANE('',#12227);
#12229=ORIENTED_EDGE('',*,*,#11348,.F.);
#12230=ORIENTED_EDGE('',*,*,#12091,.T.);
#12231=ORIENTED_EDGE('',*,*,#12167,.T.);
#12232=ORIENTED_EDGE('',*,*,#12217,.F.);
#12233=EDGE_LOOP('',(#12229,#12230,#12231,#12232));
#12234=FACE_OUTER_BOUND('',#12233,.F.);
#12236=CARTESIAN_POINT('',(1.719E0,-2.5E-2,-6.2E-1));
#12237=DIRECTION('',(0.E0,0.E0,1.E0));
#12238=DIRECTION('',(1.E0,0.E0,0.E0));
#12239=AXIS2_PLACEMENT_3D('',#12236,#12237,#12238);
#12240=PLANE('',#12239);
#12241=ORIENTED_EDGE('',*,*,#11344,.T.);
#12243=ORIENTED_EDGE('',*,*,#12242,.T.);
#12245=ORIENTED_EDGE('',*,*,#12244,.T.);
#12246=ORIENTED_EDGE('',*,*,#12094,.F.);
#12247=EDGE_LOOP('',(#12241,#12243,#12245,#12246));
#12248=FACE_OUTER_BOUND('',#12247,.F.);
#12250=CARTESIAN_POINT('',(1.719E0,-2.5E-2,-5.01E-1));
#12251=DIRECTION('',(0.E0,-1.E0,0.E0));
#12252=DIRECTION('',(-1.E0,0.E0,0.E0));
#12253=AXIS2_PLACEMENT_3D('',#12250,#12251,#12252);
#12254=CYLINDRICAL_SURFACE('',#12253,1.19E-1);
#12255=ORIENTED_EDGE('',*,*,#11342,.F.);
#12257=ORIENTED_EDGE('',*,*,#12256,.T.);
#12259=ORIENTED_EDGE('',*,*,#12258,.T.);
#12260=ORIENTED_EDGE('',*,*,#12242,.F.);
#12261=EDGE_LOOP('',(#12255,#12257,#12259,#12260));
#12262=FACE_OUTER_BOUND('',#12261,.F.);
#12264=CARTESIAN_POINT('',(1.6E0,-2.5E-2,-4.99E-1));
#12265=DIRECTION('',(1.E0,0.E0,0.E0));
#12266=DIRECTION('',(0.E0,0.E0,-1.E0));
#12267=AXIS2_PLACEMENT_3D('',#12264,#12265,#12266);
#12268=PLANE('',#12267);
#12269=ORIENTED_EDGE('',*,*,#11340,.F.);
#12271=ORIENTED_EDGE('',*,*,#12270,.T.);
#12273=ORIENTED_EDGE('',*,*,#12272,.T.);
#12274=ORIENTED_EDGE('',*,*,#12256,.F.);
#12275=EDGE_LOOP('',(#12269,#12271,#12273,#12274));
#12276=FACE_OUTER_BOUND('',#12275,.F.);
#12278=CARTESIAN_POINT('',(1.719E0,-2.5E-2,-4.99E-1));
#12279=DIRECTION('',(0.E0,-1.E0,0.E0));
#12280=DIRECTION('',(-1.E0,0.E0,0.E0));
#12281=AXIS2_PLACEMENT_3D('',#12278,#12279,#12280);
#12282=CYLINDRICAL_SURFACE('',#12281,1.19E-1);
#12283=ORIENTED_EDGE('',*,*,#11338,.F.);
#12285=ORIENTED_EDGE('',*,*,#12284,.T.);
#12287=ORIENTED_EDGE('',*,*,#12286,.T.);
#12288=ORIENTED_EDGE('',*,*,#12270,.F.);
#12289=EDGE_LOOP('',(#12283,#12285,#12287,#12288));
#12290=FACE_OUTER_BOUND('',#12289,.F.);
#12292=CARTESIAN_POINT('',(2.1E0,-2.5E-2,-3.8E-1));
#12293=DIRECTION('',(0.E0,0.E0,-1.E0));
#12294=DIRECTION('',(-1.E0,0.E0,0.E0));
#12295=AXIS2_PLACEMENT_3D('',#12292,#12293,#12294);
#12296=PLANE('',#12295);
#12297=ORIENTED_EDGE('',*,*,#11336,.F.);
#12298=ORIENTED_EDGE('',*,*,#12098,.T.);
#12300=ORIENTED_EDGE('',*,*,#12299,.T.);
#12301=ORIENTED_EDGE('',*,*,#12284,.F.);
#12302=EDGE_LOOP('',(#12297,#12298,#12300,#12301));
#12303=FACE_OUTER_BOUND('',#12302,.F.);
#12305=CARTESIAN_POINT('',(0.E0,1.75E-1,0.E0));
#12306=DIRECTION('',(0.E0,-1.E0,0.E0));
#12307=DIRECTION('',(-1.E0,0.E0,0.E0));
#12308=AXIS2_PLACEMENT_3D('',#12305,#12306,#12307);
#12309=PLANE('',#12308);
#12310=ORIENTED_EDGE('',*,*,#12096,.T.);
#12311=ORIENTED_EDGE('',*,*,#12244,.F.);
#12312=ORIENTED_EDGE('',*,*,#12258,.F.);
#12313=ORIENTED_EDGE('',*,*,#12272,.F.);
#12314=ORIENTED_EDGE('',*,*,#12286,.F.);
#12315=ORIENTED_EDGE('',*,*,#12299,.F.);
#12316=EDGE_LOOP('',(#12310,#12311,#12312,#12313,#12314,#12315));
#12317=FACE_OUTER_BOUND('',#12316,.F.);
#12319=CARTESIAN_POINT('',(1.719E0,-2.5E-2,-1.2E-1));
#12320=DIRECTION('',(0.E0,0.E0,1.E0));
#12321=DIRECTION('',(1.E0,0.E0,0.E0));
#12322=AXIS2_PLACEMENT_3D('',#12319,#12320,#12321);
#12323=PLANE('',#12322);
#12324=ORIENTED_EDGE('',*,*,#11332,.T.);
#12326=ORIENTED_EDGE('',*,*,#12325,.T.);
#12328=ORIENTED_EDGE('',*,*,#12327,.T.);
#12329=ORIENTED_EDGE('',*,*,#12101,.F.);
#12330=EDGE_LOOP('',(#12324,#12326,#12328,#12329));
#12331=FACE_OUTER_BOUND('',#12330,.F.);
#12333=CARTESIAN_POINT('',(1.719E0,-2.5E-2,-1.E-3));
#12334=DIRECTION('',(0.E0,-1.E0,0.E0));
#12335=DIRECTION('',(-1.E0,0.E0,0.E0));
#12336=AXIS2_PLACEMENT_3D('',#12333,#12334,#12335);
#12337=CYLINDRICAL_SURFACE('',#12336,1.19E-1);
#12338=ORIENTED_EDGE('',*,*,#11330,.F.);
#12340=ORIENTED_EDGE('',*,*,#12339,.T.);
#12342=ORIENTED_EDGE('',*,*,#12341,.T.);
#12343=ORIENTED_EDGE('',*,*,#12325,.F.);
#12344=EDGE_LOOP('',(#12338,#12340,#12342,#12343));
#12345=FACE_OUTER_BOUND('',#12344,.F.);
#12347=CARTESIAN_POINT('',(1.6E0,-2.5E-2,1.E-3));
#12348=DIRECTION('',(1.E0,0.E0,0.E0));
#12349=DIRECTION('',(0.E0,0.E0,-1.E0));
#12350=AXIS2_PLACEMENT_3D('',#12347,#12348,#12349);
#12351=PLANE('',#12350);
#12352=ORIENTED_EDGE('',*,*,#11328,.F.);
#12354=ORIENTED_EDGE('',*,*,#12353,.T.);
#12356=ORIENTED_EDGE('',*,*,#12355,.T.);
#12357=ORIENTED_EDGE('',*,*,#12339,.F.);
#12358=EDGE_LOOP('',(#12352,#12354,#12356,#12357));
#12359=FACE_OUTER_BOUND('',#12358,.F.);
#12361=CARTESIAN_POINT('',(1.719E0,-2.5E-2,1.E-3));
#12362=DIRECTION('',(0.E0,-1.E0,0.E0));
#12363=DIRECTION('',(-1.E0,0.E0,0.E0));
#12364=AXIS2_PLACEMENT_3D('',#12361,#12362,#12363);
#12365=CYLINDRICAL_SURFACE('',#12364,1.19E-1);
#12366=ORIENTED_EDGE('',*,*,#11326,.F.);
#12368=ORIENTED_EDGE('',*,*,#12367,.T.);
#12370=ORIENTED_EDGE('',*,*,#12369,.T.);
#12371=ORIENTED_EDGE('',*,*,#12353,.F.);
#12372=EDGE_LOOP('',(#12366,#12368,#12370,#12371));
#12373=FACE_OUTER_BOUND('',#12372,.F.);
#12375=CARTESIAN_POINT('',(2.1E0,-2.5E-2,1.2E-1));
#12376=DIRECTION('',(0.E0,0.E0,-1.E0));
#12377=DIRECTION('',(-1.E0,0.E0,0.E0));
#12378=AXIS2_PLACEMENT_3D('',#12375,#12376,#12377);
#12379=PLANE('',#12378);
#12380=ORIENTED_EDGE('',*,*,#11324,.F.);
#12381=ORIENTED_EDGE('',*,*,#12105,.T.);
#12383=ORIENTED_EDGE('',*,*,#12382,.T.);
#12384=ORIENTED_EDGE('',*,*,#12367,.F.);
#12385=EDGE_LOOP('',(#12380,#12381,#12383,#12384));
#12386=FACE_OUTER_BOUND('',#12385,.F.);
#12388=CARTESIAN_POINT('',(0.E0,1.75E-1,0.E0));
#12389=DIRECTION('',(0.E0,-1.E0,0.E0));
#12390=DIRECTION('',(-1.E0,0.E0,0.E0));
#12391=AXIS2_PLACEMENT_3D('',#12388,#12389,#12390);
#12392=PLANE('',#12391);
#12393=ORIENTED_EDGE('',*,*,#12103,.T.);
#12394=ORIENTED_EDGE('',*,*,#12327,.F.);
#12395=ORIENTED_EDGE('',*,*,#12341,.F.);
#12396=ORIENTED_EDGE('',*,*,#12355,.F.);
#12397=ORIENTED_EDGE('',*,*,#12369,.F.);
#12398=ORIENTED_EDGE('',*,*,#12382,.F.);
#12399=EDGE_LOOP('',(#12393,#12394,#12395,#12396,#12397,#12398));
#12400=FACE_OUTER_BOUND('',#12399,.F.);
#12402=CARTESIAN_POINT('',(1.719E0,-2.5E-2,3.8E-1));
#12403=DIRECTION('',(0.E0,0.E0,1.E0));
#12404=DIRECTION('',(1.E0,0.E0,0.E0));
#12405=AXIS2_PLACEMENT_3D('',#12402,#12403,#12404);
#12406=PLANE('',#12405);
#12407=ORIENTED_EDGE('',*,*,#11320,.T.);
#12409=ORIENTED_EDGE('',*,*,#12408,.T.);
#12411=ORIENTED_EDGE('',*,*,#12410,.T.);
#12412=ORIENTED_EDGE('',*,*,#12108,.F.);
#12413=EDGE_LOOP('',(#12407,#12409,#12411,#12412));
#12414=FACE_OUTER_BOUND('',#12413,.F.);
#12416=CARTESIAN_POINT('',(1.719E0,-2.5E-2,4.99E-1));
#12417=DIRECTION('',(0.E0,-1.E0,0.E0));
#12418=DIRECTION('',(-1.E0,0.E0,0.E0));
#12419=AXIS2_PLACEMENT_3D('',#12416,#12417,#12418);
#12420=CYLINDRICAL_SURFACE('',#12419,1.19E-1);
#12421=ORIENTED_EDGE('',*,*,#11318,.F.);
#12423=ORIENTED_EDGE('',*,*,#12422,.T.);
#12425=ORIENTED_EDGE('',*,*,#12424,.T.);
#12426=ORIENTED_EDGE('',*,*,#12408,.F.);
#12427=EDGE_LOOP('',(#12421,#12423,#12425,#12426));
#12428=FACE_OUTER_BOUND('',#12427,.F.);
#12430=CARTESIAN_POINT('',(1.6E0,-2.5E-2,5.01E-1));
#12431=DIRECTION('',(1.E0,0.E0,0.E0));
#12432=DIRECTION('',(0.E0,0.E0,-1.E0));
#12433=AXIS2_PLACEMENT_3D('',#12430,#12431,#12432);
#12434=PLANE('',#12433);
#12435=ORIENTED_EDGE('',*,*,#11316,.F.);
#12437=ORIENTED_EDGE('',*,*,#12436,.T.);
#12439=ORIENTED_EDGE('',*,*,#12438,.T.);
#12440=ORIENTED_EDGE('',*,*,#12422,.F.);
#12441=EDGE_LOOP('',(#12435,#12437,#12439,#12440));
#12442=FACE_OUTER_BOUND('',#12441,.F.);
#12444=CARTESIAN_POINT('',(1.719E0,-2.5E-2,5.01E-1));
#12445=DIRECTION('',(0.E0,-1.E0,0.E0));
#12446=DIRECTION('',(-1.E0,0.E0,0.E0));
#12447=AXIS2_PLACEMENT_3D('',#12444,#12445,#12446);
#12448=CYLINDRICAL_SURFACE('',#12447,1.19E-1);
#12449=ORIENTED_EDGE('',*,*,#11314,.F.);
#12451=ORIENTED_EDGE('',*,*,#12450,.T.);
#12453=ORIENTED_EDGE('',*,*,#12452,.T.);
#12454=ORIENTED_EDGE('',*,*,#12436,.F.);
#12455=EDGE_LOOP('',(#12449,#12451,#12453,#12454));
#12456=FACE_OUTER_BOUND('',#12455,.F.);
#12458=CARTESIAN_POINT('',(2.1E0,-2.5E-2,6.2E-1));
#12459=DIRECTION('',(0.E0,0.E0,-1.E0));
#12460=DIRECTION('',(-1.E0,0.E0,0.E0));
#12461=AXIS2_PLACEMENT_3D('',#12458,#12459,#12460);
#12462=PLANE('',#12461);
#12463=ORIENTED_EDGE('',*,*,#11312,.F.);
#12464=ORIENTED_EDGE('',*,*,#12112,.T.);
#12466=ORIENTED_EDGE('',*,*,#12465,.T.);
#12467=ORIENTED_EDGE('',*,*,#12450,.F.);
#12468=EDGE_LOOP('',(#12463,#12464,#12466,#12467));
#12469=FACE_OUTER_BOUND('',#12468,.F.);
#12471=CARTESIAN_POINT('',(0.E0,1.75E-1,0.E0));
#12472=DIRECTION('',(0.E0,-1.E0,0.E0));
#12473=DIRECTION('',(-1.E0,0.E0,0.E0));
#12474=AXIS2_PLACEMENT_3D('',#12471,#12472,#12473);
#12475=PLANE('',#12474);
#12476=ORIENTED_EDGE('',*,*,#12110,.T.);
#12477=ORIENTED_EDGE('',*,*,#12410,.F.);
#12478=ORIENTED_EDGE('',*,*,#12424,.F.);
#12479=ORIENTED_EDGE('',*,*,#12438,.F.);
#12480=ORIENTED_EDGE('',*,*,#12452,.F.);
#12481=ORIENTED_EDGE('',*,*,#12465,.F.);
#12482=EDGE_LOOP('',(#12476,#12477,#12478,#12479,#12480,#12481));
#12483=FACE_OUTER_BOUND('',#12482,.F.);
#12485=CARTESIAN_POINT('',(1.719E0,-2.5E-2,8.8E-1));
#12486=DIRECTION('',(0.E0,0.E0,1.E0));
#12487=DIRECTION('',(1.E0,0.E0,0.E0));
#12488=AXIS2_PLACEMENT_3D('',#12485,#12486,#12487);
#12489=PLANE('',#12488);
#12490=ORIENTED_EDGE('',*,*,#11308,.T.);
#12492=ORIENTED_EDGE('',*,*,#12491,.T.);
#12494=ORIENTED_EDGE('',*,*,#12493,.T.);
#12495=ORIENTED_EDGE('',*,*,#12115,.F.);
#12496=EDGE_LOOP('',(#12490,#12492,#12494,#12495));
#12497=FACE_OUTER_BOUND('',#12496,.F.);
#12499=CARTESIAN_POINT('',(1.719E0,-2.5E-2,9.99E-1));
#12500=DIRECTION('',(0.E0,-1.E0,0.E0));
#12501=DIRECTION('',(-1.E0,0.E0,0.E0));
#12502=AXIS2_PLACEMENT_3D('',#12499,#12500,#12501);
#12503=CYLINDRICAL_SURFACE('',#12502,1.19E-1);
#12504=ORIENTED_EDGE('',*,*,#11306,.F.);
#12506=ORIENTED_EDGE('',*,*,#12505,.T.);
#12508=ORIENTED_EDGE('',*,*,#12507,.T.);
#12509=ORIENTED_EDGE('',*,*,#12491,.F.);
#12510=EDGE_LOOP('',(#12504,#12506,#12508,#12509));
#12511=FACE_OUTER_BOUND('',#12510,.F.);
#12513=CARTESIAN_POINT('',(1.6E0,-2.5E-2,1.001E0));
#12514=DIRECTION('',(1.E0,0.E0,0.E0));
#12515=DIRECTION('',(0.E0,0.E0,-1.E0));
#12516=AXIS2_PLACEMENT_3D('',#12513,#12514,#12515);
#12517=PLANE('',#12516);
#12518=ORIENTED_EDGE('',*,*,#11304,.F.);
#12520=ORIENTED_EDGE('',*,*,#12519,.T.);
#12522=ORIENTED_EDGE('',*,*,#12521,.T.);
#12523=ORIENTED_EDGE('',*,*,#12505,.F.);
#12524=EDGE_LOOP('',(#12518,#12520,#12522,#12523));
#12525=FACE_OUTER_BOUND('',#12524,.F.);
#12527=CARTESIAN_POINT('',(1.719E0,-2.5E-2,1.001E0));
#12528=DIRECTION('',(0.E0,-1.E0,0.E0));
#12529=DIRECTION('',(-1.E0,0.E0,0.E0));
#12530=AXIS2_PLACEMENT_3D('',#12527,#12528,#12529);
#12531=CYLINDRICAL_SURFACE('',#12530,1.19E-1);
#12532=ORIENTED_EDGE('',*,*,#11302,.F.);
#12534=ORIENTED_EDGE('',*,*,#12533,.T.);
#12536=ORIENTED_EDGE('',*,*,#12535,.T.);
#12537=ORIENTED_EDGE('',*,*,#12519,.F.);
#12538=EDGE_LOOP('',(#12532,#12534,#12536,#12537));
#12539=FACE_OUTER_BOUND('',#12538,.F.);
#12541=CARTESIAN_POINT('',(2.1E0,-2.5E-2,1.12E0));
#12542=DIRECTION('',(0.E0,0.E0,-1.E0));
#12543=DIRECTION('',(-1.E0,0.E0,0.E0));
#12544=AXIS2_PLACEMENT_3D('',#12541,#12542,#12543);
#12545=PLANE('',#12544);
#12546=ORIENTED_EDGE('',*,*,#11300,.F.);
#12547=ORIENTED_EDGE('',*,*,#12119,.T.);
#12549=ORIENTED_EDGE('',*,*,#12548,.T.);
#12550=ORIENTED_EDGE('',*,*,#12533,.F.);
#12551=EDGE_LOOP('',(#12546,#12547,#12549,#12550));
#12552=FACE_OUTER_BOUND('',#12551,.F.);
#12554=CARTESIAN_POINT('',(0.E0,1.75E-1,0.E0));
#12555=DIRECTION('',(0.E0,-1.E0,0.E0));
#12556=DIRECTION('',(-1.E0,0.E0,0.E0));
#12557=AXIS2_PLACEMENT_3D('',#12554,#12555,#12556);
#12558=PLANE('',#12557);
#12559=ORIENTED_EDGE('',*,*,#12117,.T.);
#12560=ORIENTED_EDGE('',*,*,#12493,.F.);
#12561=ORIENTED_EDGE('',*,*,#12507,.F.);
#12562=ORIENTED_EDGE('',*,*,#12521,.F.);
#12563=ORIENTED_EDGE('',*,*,#12535,.F.);
#12564=ORIENTED_EDGE('',*,*,#12548,.F.);
#12565=EDGE_LOOP('',(#12559,#12560,#12561,#12562,#12563,#12564));
#12566=FACE_OUTER_BOUND('',#12565,.F.);
#12568=CARTESIAN_POINT('',(-2.E0,0.E0,2.E0));
#12569=DIRECTION('',(0.E0,0.E0,1.E0));
#12570=DIRECTION('',(1.E0,0.E0,0.E0));
#12571=AXIS2_PLACEMENT_3D('',#12568,#12569,#12570);
#12572=PLANE('',#12571);
#12574=ORIENTED_EDGE('',*,*,#12573,.F.);
#12575=ORIENTED_EDGE('',*,*,#11236,.F.);
#12576=ORIENTED_EDGE('',*,*,#11531,.T.);
#12578=ORIENTED_EDGE('',*,*,#12577,.T.);
#12579=ORIENTED_EDGE('',*,*,#12122,.F.);
#12580=ORIENTED_EDGE('',*,*,#11296,.F.);
#12582=ORIENTED_EDGE('',*,*,#12581,.T.);
#12584=ORIENTED_EDGE('',*,*,#12583,.F.);
#12586=ORIENTED_EDGE('',*,*,#12585,.F.);
#12587=ORIENTED_EDGE('',*,*,#11284,.F.);
#12589=ORIENTED_EDGE('',*,*,#12588,.T.);
#12591=ORIENTED_EDGE('',*,*,#12590,.F.);
#12593=ORIENTED_EDGE('',*,*,#12592,.F.);
#12594=ORIENTED_EDGE('',*,*,#11272,.F.);
#12596=ORIENTED_EDGE('',*,*,#12595,.T.);
#12598=ORIENTED_EDGE('',*,*,#12597,.F.);
#12600=ORIENTED_EDGE('',*,*,#12599,.F.);
#12601=ORIENTED_EDGE('',*,*,#11260,.F.);
#12603=ORIENTED_EDGE('',*,*,#12602,.T.);
#12605=ORIENTED_EDGE('',*,*,#12604,.F.);
#12607=ORIENTED_EDGE('',*,*,#12606,.F.);
#12608=ORIENTED_EDGE('',*,*,#11248,.F.);
#12610=ORIENTED_EDGE('',*,*,#12609,.T.);
#12612=ORIENTED_EDGE('',*,*,#12611,.F.);
#12613=EDGE_LOOP('',(#12574,#12575,#12576,#12578,#12579,#12580,#12582,#12584,
#12586,#12587,#12589,#12591,#12593,#12594,#12596,#12598,#12600,#12601,#12603,
#12605,#12607,#12608,#12610,#12612));
#12614=FACE_OUTER_BOUND('',#12613,.F.);
#12616=ORIENTED_EDGE('',*,*,#12615,.T.);
#12618=ORIENTED_EDGE('',*,*,#12617,.T.);
#12620=ORIENTED_EDGE('',*,*,#12619,.F.);
#12622=ORIENTED_EDGE('',*,*,#12621,.F.);
#12623=EDGE_LOOP('',(#12616,#12618,#12620,#12622));
#12624=FACE_BOUND('',#12623,.F.);
#12626=ORIENTED_EDGE('',*,*,#12625,.T.);
#12628=ORIENTED_EDGE('',*,*,#12627,.T.);
#12630=ORIENTED_EDGE('',*,*,#12629,.F.);
#12632=ORIENTED_EDGE('',*,*,#12631,.F.);
#12633=EDGE_LOOP('',(#12626,#12628,#12630,#12632));
#12634=FACE_BOUND('',#12633,.F.);
#12636=CARTESIAN_POINT('',(-1.12E0,-2.5E-2,2.1E0));
#12637=DIRECTION('',(1.E0,0.E0,0.E0));
#12638=DIRECTION('',(0.E0,0.E0,-1.E0));
#12639=AXIS2_PLACEMENT_3D('',#12636,#12637,#12638);
#12640=PLANE('',#12639);
#12641=ORIENTED_EDGE('',*,*,#11238,.F.);
#12642=ORIENTED_EDGE('',*,*,#12573,.T.);
#12644=ORIENTED_EDGE('',*,*,#12643,.T.);
#12646=ORIENTED_EDGE('',*,*,#12645,.F.);
#12647=EDGE_LOOP('',(#12641,#12642,#12644,#12646));
#12648=FACE_OUTER_BOUND('',#12647,.F.);
#12650=CARTESIAN_POINT('',(0.E0,1.75E-1,0.E0));
#12651=DIRECTION('',(0.E0,-1.E0,0.E0));
#12652=DIRECTION('',(1.E0,0.E0,0.E0));
#12653=AXIS2_PLACEMENT_3D('',#12650,#12651,#12652);
#12654=PLANE('',#12653);
#12655=ORIENTED_EDGE('',*,*,#12611,.T.);
#12657=ORIENTED_EDGE('',*,*,#12656,.F.);
#12659=ORIENTED_EDGE('',*,*,#12658,.F.);
#12661=ORIENTED_EDGE('',*,*,#12660,.F.);
#12663=ORIENTED_EDGE('',*,*,#12662,.F.);
#12664=ORIENTED_EDGE('',*,*,#12643,.F.);
#12665=EDGE_LOOP('',(#12655,#12657,#12659,#12661,#12663,#12664));
#12666=FACE_OUTER_BOUND('',#12665,.F.);
#12668=CARTESIAN_POINT('',(-8.8E-1,-2.5E-2,1.719E0));
#12669=DIRECTION('',(-1.E0,0.E0,0.E0));
#12670=DIRECTION('',(0.E0,0.E0,1.E0));
#12671=AXIS2_PLACEMENT_3D('',#12668,#12669,#12670);
#12672=PLANE('',#12671);
#12673=ORIENTED_EDGE('',*,*,#11246,.T.);
#12675=ORIENTED_EDGE('',*,*,#12674,.T.);
#12676=ORIENTED_EDGE('',*,*,#12656,.T.);
#12677=ORIENTED_EDGE('',*,*,#12609,.F.);
#12678=EDGE_LOOP('',(#12673,#12675,#12676,#12677));
#12679=FACE_OUTER_BOUND('',#12678,.F.);
#12681=CARTESIAN_POINT('',(-9.99E-1,-2.5E-2,1.719E0));
#12682=DIRECTION('',(0.E0,-1.E0,0.E0));
#12683=DIRECTION('',(1.E0,0.E0,0.E0));
#12684=AXIS2_PLACEMENT_3D('',#12681,#12682,#12683);
#12685=CYLINDRICAL_SURFACE('',#12684,1.19E-1);
#12686=ORIENTED_EDGE('',*,*,#11244,.F.);
#12688=ORIENTED_EDGE('',*,*,#12687,.T.);
#12689=ORIENTED_EDGE('',*,*,#12658,.T.);
#12690=ORIENTED_EDGE('',*,*,#12674,.F.);
#12691=EDGE_LOOP('',(#12686,#12688,#12689,#12690));
#12692=FACE_OUTER_BOUND('',#12691,.F.);
#12694=CARTESIAN_POINT('',(-1.001E0,-2.5E-2,1.6E0));
#12695=DIRECTION('',(0.E0,0.E0,1.E0));
#12696=DIRECTION('',(1.E0,0.E0,0.E0));
#12697=AXIS2_PLACEMENT_3D('',#12694,#12695,#12696);
#12698=PLANE('',#12697);
#12699=ORIENTED_EDGE('',*,*,#11242,.F.);
#12701=ORIENTED_EDGE('',*,*,#12700,.T.);
#12702=ORIENTED_EDGE('',*,*,#12660,.T.);
#12703=ORIENTED_EDGE('',*,*,#12687,.F.);
#12704=EDGE_LOOP('',(#12699,#12701,#12702,#12703));
#12705=FACE_OUTER_BOUND('',#12704,.F.);
#12707=CARTESIAN_POINT('',(-1.001E0,-2.5E-2,1.719E0));
#12708=DIRECTION('',(0.E0,-1.E0,0.E0));
#12709=DIRECTION('',(1.E0,0.E0,0.E0));
#12710=AXIS2_PLACEMENT_3D('',#12707,#12708,#12709);
#12711=CYLINDRICAL_SURFACE('',#12710,1.19E-1);
#12712=ORIENTED_EDGE('',*,*,#11240,.F.);
#12713=ORIENTED_EDGE('',*,*,#12645,.T.);
#12714=ORIENTED_EDGE('',*,*,#12662,.T.);
#12715=ORIENTED_EDGE('',*,*,#12700,.F.);
#12716=EDGE_LOOP('',(#12712,#12713,#12714,#12715));
#12717=FACE_OUTER_BOUND('',#12716,.F.);
#12719=CARTESIAN_POINT('',(0.E0,7.75E-1,0.E0));
#12720=DIRECTION('',(0.E0,1.E0,0.E0));
#12721=DIRECTION('',(1.E0,0.E0,0.E0));
#12722=AXIS2_PLACEMENT_3D('',#12719,#12720,#12721);
#12723=PLANE('',#12722);
#12724=ORIENTED_EDGE('',*,*,#11529,.F.);
#12725=ORIENTED_EDGE('',*,*,#11642,.F.);
#12726=ORIENTED_EDGE('',*,*,#12124,.F.);
#12727=ORIENTED_EDGE('',*,*,#12577,.F.);
#12728=EDGE_LOOP('',(#12724,#12725,#12726,#12727));
#12729=FACE_OUTER_BOUND('',#12728,.F.);
#12731=FILL_AREA_STYLE_COLOUR('',#3);
#12732=FILL_AREA_STYLE('',(#12731));
#12733=SURFACE_STYLE_FILL_AREA(#12732);
#12734=SURFACE_SIDE_STYLE('',(#12733));
#12735=SURFACE_STYLE_USAGE(.NEGATIVE.,#12734);
#12736=PRESENTATION_STYLE_ASSIGNMENT((#12735));
#12737=STYLED_ITEM('',(#12736),#12730);
#12738=CARTESIAN_POINT('',(1.12E0,-2.5E-2,1.719E0));
#12739=DIRECTION('',(-1.E0,0.E0,0.E0));
#12740=DIRECTION('',(0.E0,0.E0,1.E0));
#12741=AXIS2_PLACEMENT_3D('',#12738,#12739,#12740);
#12742=PLANE('',#12741);
#12743=ORIENTED_EDGE('',*,*,#11294,.T.);
#12745=ORIENTED_EDGE('',*,*,#12744,.T.);
#12747=ORIENTED_EDGE('',*,*,#12746,.T.);
#12748=ORIENTED_EDGE('',*,*,#12581,.F.);
#12749=EDGE_LOOP('',(#12743,#12745,#12747,#12748));
#12750=FACE_OUTER_BOUND('',#12749,.F.);
#12752=CARTESIAN_POINT('',(1.001E0,-2.5E-2,1.719E0));
#12753=DIRECTION('',(0.E0,-1.E0,0.E0));
#12754=DIRECTION('',(1.E0,0.E0,0.E0));
#12755=AXIS2_PLACEMENT_3D('',#12752,#12753,#12754);
#12756=CYLINDRICAL_SURFACE('',#12755,1.19E-1);
#12757=ORIENTED_EDGE('',*,*,#11292,.F.);
#12759=ORIENTED_EDGE('',*,*,#12758,.T.);
#12761=ORIENTED_EDGE('',*,*,#12760,.T.);
#12762=ORIENTED_EDGE('',*,*,#12744,.F.);
#12763=EDGE_LOOP('',(#12757,#12759,#12761,#12762));
#12764=FACE_OUTER_BOUND('',#12763,.F.);
#12766=CARTESIAN_POINT('',(9.99E-1,-2.5E-2,1.6E0));
#12767=DIRECTION('',(0.E0,0.E0,1.E0));
#12768=DIRECTION('',(1.E0,0.E0,0.E0));
#12769=AXIS2_PLACEMENT_3D('',#12766,#12767,#12768);
#12770=PLANE('',#12769);
#12771=ORIENTED_EDGE('',*,*,#11290,.F.);
#12773=ORIENTED_EDGE('',*,*,#12772,.T.);
#12775=ORIENTED_EDGE('',*,*,#12774,.T.);
#12776=ORIENTED_EDGE('',*,*,#12758,.F.);
#12777=EDGE_LOOP('',(#12771,#12773,#12775,#12776));
#12778=FACE_OUTER_BOUND('',#12777,.F.);
#12780=CARTESIAN_POINT('',(9.99E-1,-2.5E-2,1.719E0));
#12781=DIRECTION('',(0.E0,-1.E0,0.E0));
#12782=DIRECTION('',(1.E0,0.E0,0.E0));
#12783=AXIS2_PLACEMENT_3D('',#12780,#12781,#12782);
#12784=CYLINDRICAL_SURFACE('',#12783,1.19E-1);
#12785=ORIENTED_EDGE('',*,*,#11288,.F.);
#12787=ORIENTED_EDGE('',*,*,#12786,.T.);
#12789=ORIENTED_EDGE('',*,*,#12788,.T.);
#12790=ORIENTED_EDGE('',*,*,#12772,.F.);
#12791=EDGE_LOOP('',(#12785,#12787,#12789,#12790));
#12792=FACE_OUTER_BOUND('',#12791,.F.);
#12794=CARTESIAN_POINT('',(8.8E-1,-2.5E-2,2.1E0));
#12795=DIRECTION('',(1.E0,0.E0,0.E0));
#12796=DIRECTION('',(0.E0,0.E0,-1.E0));
#12797=AXIS2_PLACEMENT_3D('',#12794,#12795,#12796);
#12798=PLANE('',#12797);
#12799=ORIENTED_EDGE('',*,*,#11286,.F.);
#12800=ORIENTED_EDGE('',*,*,#12585,.T.);
#12802=ORIENTED_EDGE('',*,*,#12801,.T.);
#12803=ORIENTED_EDGE('',*,*,#12786,.F.);
#12804=EDGE_LOOP('',(#12799,#12800,#12802,#12803));
#12805=FACE_OUTER_BOUND('',#12804,.F.);
#12807=CARTESIAN_POINT('',(0.E0,1.75E-1,0.E0));
#12808=DIRECTION('',(0.E0,-1.E0,0.E0));
#12809=DIRECTION('',(1.E0,0.E0,0.E0));
#12810=AXIS2_PLACEMENT_3D('',#12807,#12808,#12809);
#12811=PLANE('',#12810);
#12812=ORIENTED_EDGE('',*,*,#12583,.T.);
#12813=ORIENTED_EDGE('',*,*,#12746,.F.);
#12814=ORIENTED_EDGE('',*,*,#12760,.F.);
#12815=ORIENTED_EDGE('',*,*,#12774,.F.);
#12816=ORIENTED_EDGE('',*,*,#12788,.F.);
#12817=ORIENTED_EDGE('',*,*,#12801,.F.);
#12818=EDGE_LOOP('',(#12812,#12813,#12814,#12815,#12816,#12817));
#12819=FACE_OUTER_BOUND('',#12818,.F.);
#12821=CARTESIAN_POINT('',(6.2E-1,-2.5E-2,1.719E0));
#12822=DIRECTION('',(-1.E0,0.E0,0.E0));
#12823=DIRECTION('',(0.E0,0.E0,1.E0));
#12824=AXIS2_PLACEMENT_3D('',#12821,#12822,#12823);
#12825=PLANE('',#12824);
#12826=ORIENTED_EDGE('',*,*,#11282,.T.);
#12828=ORIENTED_EDGE('',*,*,#12827,.T.);
#12830=ORIENTED_EDGE('',*,*,#12829,.T.);
#12831=ORIENTED_EDGE('',*,*,#12588,.F.);
#12832=EDGE_LOOP('',(#12826,#12828,#12830,#12831));
#12833=FACE_OUTER_BOUND('',#12832,.F.);
#12835=CARTESIAN_POINT('',(5.01E-1,-2.5E-2,1.719E0));
#12836=DIRECTION('',(0.E0,-1.E0,0.E0));
#12837=DIRECTION('',(1.E0,0.E0,0.E0));
#12838=AXIS2_PLACEMENT_3D('',#12835,#12836,#12837);
#12839=CYLINDRICAL_SURFACE('',#12838,1.19E-1);
#12840=ORIENTED_EDGE('',*,*,#11280,.F.);
#12842=ORIENTED_EDGE('',*,*,#12841,.T.);
#12844=ORIENTED_EDGE('',*,*,#12843,.T.);
#12845=ORIENTED_EDGE('',*,*,#12827,.F.);
#12846=EDGE_LOOP('',(#12840,#12842,#12844,#12845));
#12847=FACE_OUTER_BOUND('',#12846,.F.);
#12849=CARTESIAN_POINT('',(4.99E-1,-2.5E-2,1.6E0));
#12850=DIRECTION('',(0.E0,0.E0,1.E0));
#12851=DIRECTION('',(1.E0,0.E0,0.E0));
#12852=AXIS2_PLACEMENT_3D('',#12849,#12850,#12851);
#12853=PLANE('',#12852);
#12854=ORIENTED_EDGE('',*,*,#11278,.F.);
#12856=ORIENTED_EDGE('',*,*,#12855,.T.);
#12858=ORIENTED_EDGE('',*,*,#12857,.T.);
#12859=ORIENTED_EDGE('',*,*,#12841,.F.);
#12860=EDGE_LOOP('',(#12854,#12856,#12858,#12859));
#12861=FACE_OUTER_BOUND('',#12860,.F.);
#12863=CARTESIAN_POINT('',(4.99E-1,-2.5E-2,1.719E0));
#12864=DIRECTION('',(0.E0,-1.E0,0.E0));
#12865=DIRECTION('',(1.E0,0.E0,0.E0));
#12866=AXIS2_PLACEMENT_3D('',#12863,#12864,#12865);
#12867=CYLINDRICAL_SURFACE('',#12866,1.19E-1);
#12868=ORIENTED_EDGE('',*,*,#11276,.F.);
#12870=ORIENTED_EDGE('',*,*,#12869,.T.);
#12872=ORIENTED_EDGE('',*,*,#12871,.T.);
#12873=ORIENTED_EDGE('',*,*,#12855,.F.);
#12874=EDGE_LOOP('',(#12868,#12870,#12872,#12873));
#12875=FACE_OUTER_BOUND('',#12874,.F.);
#12877=CARTESIAN_POINT('',(3.8E-1,-2.5E-2,2.1E0));
#12878=DIRECTION('',(1.E0,0.E0,0.E0));
#12879=DIRECTION('',(0.E0,0.E0,-1.E0));
#12880=AXIS2_PLACEMENT_3D('',#12877,#12878,#12879);
#12881=PLANE('',#12880);
#12882=ORIENTED_EDGE('',*,*,#11274,.F.);
#12883=ORIENTED_EDGE('',*,*,#12592,.T.);
#12885=ORIENTED_EDGE('',*,*,#12884,.T.);
#12886=ORIENTED_EDGE('',*,*,#12869,.F.);
#12887=EDGE_LOOP('',(#12882,#12883,#12885,#12886));
#12888=FACE_OUTER_BOUND('',#12887,.F.);
#12890=CARTESIAN_POINT('',(0.E0,1.75E-1,0.E0));
#12891=DIRECTION('',(0.E0,-1.E0,0.E0));
#12892=DIRECTION('',(1.E0,0.E0,0.E0));
#12893=AXIS2_PLACEMENT_3D('',#12890,#12891,#12892);
#12894=PLANE('',#12893);
#12895=ORIENTED_EDGE('',*,*,#12590,.T.);
#12896=ORIENTED_EDGE('',*,*,#12829,.F.);
#12897=ORIENTED_EDGE('',*,*,#12843,.F.);
#12898=ORIENTED_EDGE('',*,*,#12857,.F.);
#12899=ORIENTED_EDGE('',*,*,#12871,.F.);
#12900=ORIENTED_EDGE('',*,*,#12884,.F.);
#12901=EDGE_LOOP('',(#12895,#12896,#12897,#12898,#12899,#12900));
#12902=FACE_OUTER_BOUND('',#12901,.F.);
#12904=CARTESIAN_POINT('',(1.2E-1,-2.5E-2,1.719E0));
#12905=DIRECTION('',(-1.E0,0.E0,0.E0));
#12906=DIRECTION('',(0.E0,0.E0,1.E0));
#12907=AXIS2_PLACEMENT_3D('',#12904,#12905,#12906);
#12908=PLANE('',#12907);
#12909=ORIENTED_EDGE('',*,*,#11270,.T.);
#12911=ORIENTED_EDGE('',*,*,#12910,.T.);
#12913=ORIENTED_EDGE('',*,*,#12912,.T.);
#12914=ORIENTED_EDGE('',*,*,#12595,.F.);
#12915=EDGE_LOOP('',(#12909,#12911,#12913,#12914));
#12916=FACE_OUTER_BOUND('',#12915,.F.);
#12918=CARTESIAN_POINT('',(1.E-3,-2.5E-2,1.719E0));
#12919=DIRECTION('',(0.E0,-1.E0,0.E0));
#12920=DIRECTION('',(1.E0,0.E0,0.E0));
#12921=AXIS2_PLACEMENT_3D('',#12918,#12919,#12920);
#12922=CYLINDRICAL_SURFACE('',#12921,1.19E-1);
#12923=ORIENTED_EDGE('',*,*,#11268,.F.);
#12925=ORIENTED_EDGE('',*,*,#12924,.T.);
#12927=ORIENTED_EDGE('',*,*,#12926,.T.);
#12928=ORIENTED_EDGE('',*,*,#12910,.F.);
#12929=EDGE_LOOP('',(#12923,#12925,#12927,#12928));
#12930=FACE_OUTER_BOUND('',#12929,.F.);
#12932=CARTESIAN_POINT('',(-1.E-3,-2.5E-2,1.6E0));
#12933=DIRECTION('',(0.E0,0.E0,1.E0));
#12934=DIRECTION('',(1.E0,0.E0,0.E0));
#12935=AXIS2_PLACEMENT_3D('',#12932,#12933,#12934);
#12936=PLANE('',#12935);
#12937=ORIENTED_EDGE('',*,*,#11266,.F.);
#12939=ORIENTED_EDGE('',*,*,#12938,.T.);
#12941=ORIENTED_EDGE('',*,*,#12940,.T.);
#12942=ORIENTED_EDGE('',*,*,#12924,.F.);
#12943=EDGE_LOOP('',(#12937,#12939,#12941,#12942));
#12944=FACE_OUTER_BOUND('',#12943,.F.);
#12946=CARTESIAN_POINT('',(-1.E-3,-2.5E-2,1.719E0));
#12947=DIRECTION('',(0.E0,-1.E0,0.E0));
#12948=DIRECTION('',(1.E0,0.E0,0.E0));
#12949=AXIS2_PLACEMENT_3D('',#12946,#12947,#12948);
#12950=CYLINDRICAL_SURFACE('',#12949,1.19E-1);
#12951=ORIENTED_EDGE('',*,*,#11264,.F.);
#12953=ORIENTED_EDGE('',*,*,#12952,.T.);
#12955=ORIENTED_EDGE('',*,*,#12954,.T.);
#12956=ORIENTED_EDGE('',*,*,#12938,.F.);
#12957=EDGE_LOOP('',(#12951,#12953,#12955,#12956));
#12958=FACE_OUTER_BOUND('',#12957,.F.);
#12960=CARTESIAN_POINT('',(-1.2E-1,-2.5E-2,2.1E0));
#12961=DIRECTION('',(1.E0,0.E0,0.E0));
#12962=DIRECTION('',(0.E0,0.E0,-1.E0));
#12963=AXIS2_PLACEMENT_3D('',#12960,#12961,#12962);
#12964=PLANE('',#12963);
#12965=ORIENTED_EDGE('',*,*,#11262,.F.);
#12966=ORIENTED_EDGE('',*,*,#12599,.T.);
#12968=ORIENTED_EDGE('',*,*,#12967,.T.);
#12969=ORIENTED_EDGE('',*,*,#12952,.F.);
#12970=EDGE_LOOP('',(#12965,#12966,#12968,#12969));
#12971=FACE_OUTER_BOUND('',#12970,.F.);
#12973=CARTESIAN_POINT('',(0.E0,1.75E-1,0.E0));
#12974=DIRECTION('',(0.E0,-1.E0,0.E0));
#12975=DIRECTION('',(1.E0,0.E0,0.E0));
#12976=AXIS2_PLACEMENT_3D('',#12973,#12974,#12975);
#12977=PLANE('',#12976);
#12978=ORIENTED_EDGE('',*,*,#12597,.T.);
#12979=ORIENTED_EDGE('',*,*,#12912,.F.);
#12980=ORIENTED_EDGE('',*,*,#12926,.F.);
#12981=ORIENTED_EDGE('',*,*,#12940,.F.);
#12982=ORIENTED_EDGE('',*,*,#12954,.F.);
#12983=ORIENTED_EDGE('',*,*,#12967,.F.);
#12984=EDGE_LOOP('',(#12978,#12979,#12980,#12981,#12982,#12983));
#12985=FACE_OUTER_BOUND('',#12984,.F.);
#12987=CARTESIAN_POINT('',(-3.8E-1,-2.5E-2,1.719E0));
#12988=DIRECTION('',(-1.E0,0.E0,0.E0));
#12989=DIRECTION('',(0.E0,0.E0,1.E0));
#12990=AXIS2_PLACEMENT_3D('',#12987,#12988,#12989);
#12991=PLANE('',#12990);
#12992=ORIENTED_EDGE('',*,*,#11258,.T.);
#12994=ORIENTED_EDGE('',*,*,#12993,.T.);
#12996=ORIENTED_EDGE('',*,*,#12995,.T.);
#12997=ORIENTED_EDGE('',*,*,#12602,.F.);
#12998=EDGE_LOOP('',(#12992,#12994,#12996,#12997));
#12999=FACE_OUTER_BOUND('',#12998,.F.);
#13001=CARTESIAN_POINT('',(-4.99E-1,-2.5E-2,1.719E0));
#13002=DIRECTION('',(0.E0,-1.E0,0.E0));
#13003=DIRECTION('',(1.E0,0.E0,0.E0));
#13004=AXIS2_PLACEMENT_3D('',#13001,#13002,#13003);
#13005=CYLINDRICAL_SURFACE('',#13004,1.19E-1);
#13006=ORIENTED_EDGE('',*,*,#11256,.F.);
#13008=ORIENTED_EDGE('',*,*,#13007,.T.);
#13010=ORIENTED_EDGE('',*,*,#13009,.T.);
#13011=ORIENTED_EDGE('',*,*,#12993,.F.);
#13012=EDGE_LOOP('',(#13006,#13008,#13010,#13011));
#13013=FACE_OUTER_BOUND('',#13012,.F.);
#13015=CARTESIAN_POINT('',(-5.01E-1,-2.5E-2,1.6E0));
#13016=DIRECTION('',(0.E0,0.E0,1.E0));
#13017=DIRECTION('',(1.E0,0.E0,0.E0));
#13018=AXIS2_PLACEMENT_3D('',#13015,#13016,#13017);
#13019=PLANE('',#13018);
#13020=ORIENTED_EDGE('',*,*,#11254,.F.);
#13022=ORIENTED_EDGE('',*,*,#13021,.T.);
#13024=ORIENTED_EDGE('',*,*,#13023,.T.);
#13025=ORIENTED_EDGE('',*,*,#13007,.F.);
#13026=EDGE_LOOP('',(#13020,#13022,#13024,#13025));
#13027=FACE_OUTER_BOUND('',#13026,.F.);
#13029=CARTESIAN_POINT('',(-5.01E-1,-2.5E-2,1.719E0));
#13030=DIRECTION('',(0.E0,-1.E0,0.E0));
#13031=DIRECTION('',(1.E0,0.E0,0.E0));
#13032=AXIS2_PLACEMENT_3D('',#13029,#13030,#13031);
#13033=CYLINDRICAL_SURFACE('',#13032,1.19E-1);
#13034=ORIENTED_EDGE('',*,*,#11252,.F.);
#13036=ORIENTED_EDGE('',*,*,#13035,.T.);
#13038=ORIENTED_EDGE('',*,*,#13037,.T.);
#13039=ORIENTED_EDGE('',*,*,#13021,.F.);
#13040=EDGE_LOOP('',(#13034,#13036,#13038,#13039));
#13041=FACE_OUTER_BOUND('',#13040,.F.);
#13043=CARTESIAN_POINT('',(-6.2E-1,-2.5E-2,2.1E0));
#13044=DIRECTION('',(1.E0,0.E0,0.E0));
#13045=DIRECTION('',(0.E0,0.E0,-1.E0));
#13046=AXIS2_PLACEMENT_3D('',#13043,#13044,#13045);
#13047=PLANE('',#13046);
#13048=ORIENTED_EDGE('',*,*,#11250,.F.);
#13049=ORIENTED_EDGE('',*,*,#12606,.T.);
#13051=ORIENTED_EDGE('',*,*,#13050,.T.);
#13052=ORIENTED_EDGE('',*,*,#13035,.F.);
#13053=EDGE_LOOP('',(#13048,#13049,#13051,#13052));
#13054=FACE_OUTER_BOUND('',#13053,.F.);
#13056=CARTESIAN_POINT('',(0.E0,1.75E-1,0.E0));
#13057=DIRECTION('',(0.E0,-1.E0,0.E0));
#13058=DIRECTION('',(1.E0,0.E0,0.E0));
#13059=AXIS2_PLACEMENT_3D('',#13056,#13057,#13058);
#13060=PLANE('',#13059);
#13061=ORIENTED_EDGE('',*,*,#12604,.T.);
#13062=ORIENTED_EDGE('',*,*,#12995,.F.);
#13063=ORIENTED_EDGE('',*,*,#13009,.F.);
#13064=ORIENTED_EDGE('',*,*,#13023,.F.);
#13065=ORIENTED_EDGE('',*,*,#13037,.F.);
#13066=ORIENTED_EDGE('',*,*,#13050,.F.);
#13067=EDGE_LOOP('',(#13061,#13062,#13063,#13064,#13065,#13066));
#13068=FACE_OUTER_BOUND('',#13067,.F.);
#13070=CARTESIAN_POINT('',(0.E0,7.5E-2,0.E0));
#13071=DIRECTION('',(0.E0,1.E0,0.E0));
#13072=DIRECTION('',(1.E0,0.E0,0.E0));
#13073=AXIS2_PLACEMENT_3D('',#13070,#13071,#13072);
#13074=PLANE('',#13073);
#13075=ORIENTED_EDGE('',*,*,#11565,.F.);
#13077=ORIENTED_EDGE('',*,*,#13076,.F.);
#13079=ORIENTED_EDGE('',*,*,#13078,.F.);
#13080=ORIENTED_EDGE('',*,*,#11658,.F.);
#13082=ORIENTED_EDGE('',*,*,#13081,.F.);
#13084=ORIENTED_EDGE('',*,*,#13083,.F.);
#13085=EDGE_LOOP('',(#13075,#13077,#13079,#13080,#13082,#13084));
#13086=FACE_OUTER_BOUND('',#13085,.F.);
#13088=CARTESIAN_POINT('',(0.E0,7.5E-2,0.E0));
#13089=DIRECTION('',(0.E0,1.E0,0.E0));
#13090=DIRECTION('',(1.E0,0.E0,0.E0));
#13091=AXIS2_PLACEMENT_3D('',#13088,#13089,#13090);
#13092=PLANE('',#13091);
#13093=ORIENTED_EDGE('',*,*,#11575,.F.);
#13095=ORIENTED_EDGE('',*,*,#13094,.F.);
#13097=ORIENTED_EDGE('',*,*,#13096,.F.);
#13098=ORIENTED_EDGE('',*,*,#12615,.F.);
#13100=ORIENTED_EDGE('',*,*,#13099,.F.);
#13102=ORIENTED_EDGE('',*,*,#13101,.F.);
#13103=EDGE_LOOP('',(#13093,#13095,#13097,#13098,#13100,#13102));
#13104=FACE_OUTER_BOUND('',#13103,.F.);
#13106=CARTESIAN_POINT('',(0.E0,7.5E-2,0.E0));
#13107=DIRECTION('',(0.E0,1.E0,0.E0));
#13108=DIRECTION('',(1.E0,0.E0,0.E0));
#13109=AXIS2_PLACEMENT_3D('',#13106,#13107,#13108);
#13110=PLANE('',#13109);
#13111=ORIENTED_EDGE('',*,*,#12625,.F.);
#13113=ORIENTED_EDGE('',*,*,#13112,.F.);
#13115=ORIENTED_EDGE('',*,*,#13114,.F.);
#13116=ORIENTED_EDGE('',*,*,#12132,.F.);
#13118=ORIENTED_EDGE('',*,*,#13117,.F.);
#13120=ORIENTED_EDGE('',*,*,#13119,.F.);
#13121=EDGE_LOOP('',(#13111,#13113,#13115,#13116,#13118,#13120));
#13122=FACE_OUTER_BOUND('',#13121,.F.);
#13124=CARTESIAN_POINT('',(0.E0,7.5E-2,0.E0));
#13125=DIRECTION('',(0.E0,1.E0,0.E0));
#13126=DIRECTION('',(1.E0,0.E0,0.E0));
#13127=AXIS2_PLACEMENT_3D('',#13124,#13125,#13126);
#13128=PLANE('',#13127);
#13129=ORIENTED_EDGE('',*,*,#12142,.F.);
#13131=ORIENTED_EDGE('',*,*,#13130,.F.);
#13133=ORIENTED_EDGE('',*,*,#13132,.F.);
#13134=ORIENTED_EDGE('',*,*,#11648,.F.);
#13136=ORIENTED_EDGE('',*,*,#13135,.F.);
#13138=ORIENTED_EDGE('',*,*,#13137,.F.);
#13139=EDGE_LOOP('',(#13129,#13131,#13133,#13134,#13136,#13138));
#13140=FACE_OUTER_BOUND('',#13139,.F.);
#13142=CARTESIAN_POINT('',(-1.875E0,7.5E-2,-1.875E0));
#13143=DIRECTION('',(0.E0,0.E0,-1.E0));
#13144=DIRECTION('',(-1.E0,0.E0,0.E0));
#13145=AXIS2_PLACEMENT_3D('',#13142,#13143,#13144);
#13146=PLANE('',#13145);
#13147=ORIENTED_EDGE('',*,*,#11571,.T.);
#13149=ORIENTED_EDGE('',*,*,#13148,.F.);
#13151=ORIENTED_EDGE('',*,*,#13150,.F.);
#13152=ORIENTED_EDGE('',*,*,#13076,.T.);
#13153=EDGE_LOOP('',(#13147,#13149,#13151,#13152));
#13154=FACE_OUTER_BOUND('',#13153,.F.);
#13156=CARTESIAN_POINT('',(0.E0,1.75E-1,0.E0));
#13157=DIRECTION('',(0.E0,1.E0,0.E0));
#13158=DIRECTION('',(1.E0,0.E0,0.E0));
#13159=AXIS2_PLACEMENT_3D('',#13156,#13157,#13158);
#13160=PLANE('',#13159);
#13161=ORIENTED_EDGE('',*,*,#11569,.T.);
#13163=ORIENTED_EDGE('',*,*,#13162,.T.);
#13165=ORIENTED_EDGE('',*,*,#13164,.T.);
#13166=ORIENTED_EDGE('',*,*,#11662,.T.);
#13168=ORIENTED_EDGE('',*,*,#13167,.T.);
#13169=ORIENTED_EDGE('',*,*,#13148,.T.);
#13170=EDGE_LOOP('',(#13161,#13163,#13165,#13166,#13168,#13169));
#13171=FACE_OUTER_BOUND('',#13170,.F.);
#13173=CARTESIAN_POINT('',(0.E0,1.75E-1,0.E0));
#13174=DIRECTION('',(0.E0,1.E0,0.E0));
#13175=DIRECTION('',(1.E0,0.E0,0.E0));
#13176=AXIS2_PLACEMENT_3D('',#13173,#13174,#13175);
#13177=PLANE('',#13176);
#13178=ORIENTED_EDGE('',*,*,#11579,.T.);
#13180=ORIENTED_EDGE('',*,*,#13179,.T.);
#13182=ORIENTED_EDGE('',*,*,#13181,.T.);
#13183=ORIENTED_EDGE('',*,*,#12619,.T.);
#13185=ORIENTED_EDGE('',*,*,#13184,.T.);
#13187=ORIENTED_EDGE('',*,*,#13186,.T.);
#13188=EDGE_LOOP('',(#13178,#13180,#13182,#13183,#13185,#13187));
#13189=FACE_OUTER_BOUND('',#13188,.F.);
#13191=CARTESIAN_POINT('',(0.E0,1.75E-1,0.E0));
#13192=DIRECTION('',(0.E0,1.E0,0.E0));
#13193=DIRECTION('',(1.E0,0.E0,0.E0));
#13194=AXIS2_PLACEMENT_3D('',#13191,#13192,#13193);
#13195=PLANE('',#13194);
#13196=ORIENTED_EDGE('',*,*,#12629,.T.);
#13198=ORIENTED_EDGE('',*,*,#13197,.T.);
#13200=ORIENTED_EDGE('',*,*,#13199,.T.);
#13201=ORIENTED_EDGE('',*,*,#12136,.T.);
#13203=ORIENTED_EDGE('',*,*,#13202,.T.);
#13205=ORIENTED_EDGE('',*,*,#13204,.T.);
#13206=EDGE_LOOP('',(#13196,#13198,#13200,#13201,#13203,#13205));
#13207=FACE_OUTER_BOUND('',#13206,.F.);
#13209=CARTESIAN_POINT('',(0.E0,1.75E-1,0.E0));
#13210=DIRECTION('',(0.E0,1.E0,0.E0));
#13211=DIRECTION('',(1.E0,0.E0,0.E0));
#13212=AXIS2_PLACEMENT_3D('',#13209,#13210,#13211);
#13213=PLANE('',#13212);
#13214=ORIENTED_EDGE('',*,*,#12146,.T.);
#13216=ORIENTED_EDGE('',*,*,#13215,.T.);
#13218=ORIENTED_EDGE('',*,*,#13217,.T.);
#13219=ORIENTED_EDGE('',*,*,#11652,.T.);
#13221=ORIENTED_EDGE('',*,*,#13220,.T.);
#13223=ORIENTED_EDGE('',*,*,#13222,.T.);
#13224=EDGE_LOOP('',(#13214,#13216,#13218,#13219,#13221,#13223));
#13225=FACE_OUTER_BOUND('',#13224,.F.);
#13227=CARTESIAN_POINT('',(-2.1E0,7.5E-2,-1.725E0));
#13228=DIRECTION('',(0.E0,0.E0,1.E0));
#13229=DIRECTION('',(1.E0,0.E0,0.E0));
#13230=AXIS2_PLACEMENT_3D('',#13227,#13228,#13229);
#13231=PLANE('',#13230);
#13232=ORIENTED_EDGE('',*,*,#11567,.F.);
#13233=ORIENTED_EDGE('',*,*,#13083,.T.);
#13235=ORIENTED_EDGE('',*,*,#13234,.T.);
#13236=ORIENTED_EDGE('',*,*,#13162,.F.);
#13237=EDGE_LOOP('',(#13232,#13233,#13235,#13236));
#13238=FACE_OUTER_BOUND('',#13237,.F.);
#13240=CARTESIAN_POINT('',(-1.725E0,7.5E-2,-1.725E0));
#13241=DIRECTION('',(1.E0,0.E0,0.E0));
#13242=DIRECTION('',(0.E0,0.E0,-1.E0));
#13243=AXIS2_PLACEMENT_3D('',#13240,#13241,#13242);
#13244=PLANE('',#13243);
#13245=ORIENTED_EDGE('',*,*,#11664,.T.);
#13246=ORIENTED_EDGE('',*,*,#13164,.F.);
#13247=ORIENTED_EDGE('',*,*,#13234,.F.);
#13248=ORIENTED_EDGE('',*,*,#13081,.T.);
#13249=EDGE_LOOP('',(#13245,#13246,#13247,#13248));
#13250=FACE_OUTER_BOUND('',#13249,.F.);
#13252=CARTESIAN_POINT('',(-1.875E0,7.5E-2,-2.1E0));
#13253=DIRECTION('',(-1.E0,0.E0,0.E0));
#13254=DIRECTION('',(0.E0,0.E0,1.E0));
#13255=AXIS2_PLACEMENT_3D('',#13252,#13253,#13254);
#13256=PLANE('',#13255);
#13257=ORIENTED_EDGE('',*,*,#11660,.F.);
#13258=ORIENTED_EDGE('',*,*,#13078,.T.);
#13259=ORIENTED_EDGE('',*,*,#13150,.T.);
#13260=ORIENTED_EDGE('',*,*,#13167,.F.);
#13261=EDGE_LOOP('',(#13257,#13258,#13259,#13260));
#13262=FACE_OUTER_BOUND('',#13261,.F.);
#13264=CARTESIAN_POINT('',(-2.1E0,7.5E-2,1.875E0));
#13265=DIRECTION('',(0.E0,0.E0,1.E0));
#13266=DIRECTION('',(1.E0,0.E0,0.E0));
#13267=AXIS2_PLACEMENT_3D('',#13264,#13265,#13266);
#13268=PLANE('',#13267);
#13269=ORIENTED_EDGE('',*,*,#11577,.F.);
#13270=ORIENTED_EDGE('',*,*,#13101,.T.);
#13272=ORIENTED_EDGE('',*,*,#13271,.T.);
#13273=ORIENTED_EDGE('',*,*,#13179,.F.);
#13274=EDGE_LOOP('',(#13269,#13270,#13272,#13273));
#13275=FACE_OUTER_BOUND('',#13274,.F.);
#13277=CARTESIAN_POINT('',(-1.875E0,7.5E-2,1.875E0));
#13278=DIRECTION('',(-1.E0,0.E0,0.E0));
#13279=DIRECTION('',(0.E0,0.E0,1.E0));
#13280=AXIS2_PLACEMENT_3D('',#13277,#13278,#13279);
#13281=PLANE('',#13280);
#13282=ORIENTED_EDGE('',*,*,#12621,.T.);
#13283=ORIENTED_EDGE('',*,*,#13181,.F.);
#13284=ORIENTED_EDGE('',*,*,#13271,.F.);
#13285=ORIENTED_EDGE('',*,*,#13099,.T.);
#13286=EDGE_LOOP('',(#13282,#13283,#13284,#13285));
#13287=FACE_OUTER_BOUND('',#13286,.F.);
#13289=CARTESIAN_POINT('',(-1.725E0,7.5E-2,2.1E0));
#13290=DIRECTION('',(1.E0,0.E0,0.E0));
#13291=DIRECTION('',(0.E0,0.E0,-1.E0));
#13292=AXIS2_PLACEMENT_3D('',#13289,#13290,#13291);
#13293=PLANE('',#13292);
#13294=ORIENTED_EDGE('',*,*,#12617,.F.);
#13295=ORIENTED_EDGE('',*,*,#13096,.T.);
#13297=ORIENTED_EDGE('',*,*,#13296,.T.);
#13298=ORIENTED_EDGE('',*,*,#13184,.F.);
#13299=EDGE_LOOP('',(#13294,#13295,#13297,#13298));
#13300=FACE_OUTER_BOUND('',#13299,.F.);
#13302=CARTESIAN_POINT('',(-1.725E0,7.5E-2,1.725E0));
#13303=DIRECTION('',(0.E0,0.E0,-1.E0));
#13304=DIRECTION('',(-1.E0,0.E0,0.E0));
#13305=AXIS2_PLACEMENT_3D('',#13302,#13303,#13304);
#13306=PLANE('',#13305);
#13307=ORIENTED_EDGE('',*,*,#11581,.T.);
#13308=ORIENTED_EDGE('',*,*,#13186,.F.);
#13309=ORIENTED_EDGE('',*,*,#13296,.F.);
#13310=ORIENTED_EDGE('',*,*,#13094,.T.);
#13311=EDGE_LOOP('',(#13307,#13308,#13309,#13310));
#13312=FACE_OUTER_BOUND('',#13311,.F.);
#13314=CARTESIAN_POINT('',(1.875E0,7.5E-2,2.1E0));
#13315=DIRECTION('',(1.E0,0.E0,0.E0));
#13316=DIRECTION('',(0.E0,0.E0,-1.E0));
#13317=AXIS2_PLACEMENT_3D('',#13314,#13315,#13316);
#13318=PLANE('',#13317);
#13319=ORIENTED_EDGE('',*,*,#12627,.F.);
#13320=ORIENTED_EDGE('',*,*,#13119,.T.);
#13322=ORIENTED_EDGE('',*,*,#13321,.T.);
#13323=ORIENTED_EDGE('',*,*,#13197,.F.);
#13324=EDGE_LOOP('',(#13319,#13320,#13322,#13323));
#13325=FACE_OUTER_BOUND('',#13324,.F.);
#13327=CARTESIAN_POINT('',(1.875E0,7.5E-2,1.875E0));
#13328=DIRECTION('',(0.E0,0.E0,1.E0));
#13329=DIRECTION('',(1.E0,0.E0,0.E0));
#13330=AXIS2_PLACEMENT_3D('',#13327,#13328,#13329);
#13331=PLANE('',#13330);
#13332=ORIENTED_EDGE('',*,*,#12138,.T.);
#13333=ORIENTED_EDGE('',*,*,#13199,.F.);
#13334=ORIENTED_EDGE('',*,*,#13321,.F.);
#13335=ORIENTED_EDGE('',*,*,#13117,.T.);
#13336=EDGE_LOOP('',(#13332,#13333,#13334,#13335));
#13337=FACE_OUTER_BOUND('',#13336,.F.);
#13339=CARTESIAN_POINT('',(2.1E0,7.5E-2,1.725E0));
#13340=DIRECTION('',(0.E0,0.E0,-1.E0));
#13341=DIRECTION('',(-1.E0,0.E0,0.E0));
#13342=AXIS2_PLACEMENT_3D('',#13339,#13340,#13341);
#13343=PLANE('',#13342);
#13344=ORIENTED_EDGE('',*,*,#12134,.F.);
#13345=ORIENTED_EDGE('',*,*,#13114,.T.);
#13347=ORIENTED_EDGE('',*,*,#13346,.T.);
#13348=ORIENTED_EDGE('',*,*,#13202,.F.);
#13349=EDGE_LOOP('',(#13344,#13345,#13347,#13348));
#13350=FACE_OUTER_BOUND('',#13349,.F.);
#13352=CARTESIAN_POINT('',(1.725E0,7.5E-2,1.725E0));
#13353=DIRECTION('',(-1.E0,0.E0,0.E0));
#13354=DIRECTION('',(0.E0,0.E0,1.E0));
#13355=AXIS2_PLACEMENT_3D('',#13352,#13353,#13354);
#13356=PLANE('',#13355);
#13357=ORIENTED_EDGE('',*,*,#12631,.T.);
#13358=ORIENTED_EDGE('',*,*,#13204,.F.);
#13359=ORIENTED_EDGE('',*,*,#13346,.F.);
#13360=ORIENTED_EDGE('',*,*,#13112,.T.);
#13361=EDGE_LOOP('',(#13357,#13358,#13359,#13360));
#13362=FACE_OUTER_BOUND('',#13361,.F.);
#13364=CARTESIAN_POINT('',(2.1E0,7.5E-2,-1.875E0));
#13365=DIRECTION('',(0.E0,0.E0,-1.E0));
#13366=DIRECTION('',(-1.E0,0.E0,0.E0));
#13367=AXIS2_PLACEMENT_3D('',#13364,#13365,#13366);
#13368=PLANE('',#13367);
#13369=ORIENTED_EDGE('',*,*,#12144,.F.);
#13370=ORIENTED_EDGE('',*,*,#13137,.T.);
#13372=ORIENTED_EDGE('',*,*,#13371,.T.);
#13373=ORIENTED_EDGE('',*,*,#13215,.F.);
#13374=EDGE_LOOP('',(#13369,#13370,#13372,#13373));
#13375=FACE_OUTER_BOUND('',#13374,.F.);
#13377=CARTESIAN_POINT('',(1.875E0,7.5E-2,-1.875E0));
#13378=DIRECTION('',(1.E0,0.E0,0.E0));
#13379=DIRECTION('',(0.E0,0.E0,-1.E0));
#13380=AXIS2_PLACEMENT_3D('',#13377,#13378,#13379);
#13381=PLANE('',#13380);
#13382=ORIENTED_EDGE('',*,*,#11654,.T.);
#13383=ORIENTED_EDGE('',*,*,#13217,.F.);
#13384=ORIENTED_EDGE('',*,*,#13371,.F.);
#13385=ORIENTED_EDGE('',*,*,#13135,.T.);
#13386=EDGE_LOOP('',(#13382,#13383,#13384,#13385));
#13387=FACE_OUTER_BOUND('',#13386,.F.);
#13389=CARTESIAN_POINT('',(1.725E0,7.5E-2,-2.1E0));
#13390=DIRECTION('',(-1.E0,0.E0,0.E0));
#13391=DIRECTION('',(0.E0,0.E0,1.E0));
#13392=AXIS2_PLACEMENT_3D('',#13389,#13390,#13391);
#13393=PLANE('',#13392);
#13394=ORIENTED_EDGE('',*,*,#11650,.F.);
#13395=ORIENTED_EDGE('',*,*,#13132,.T.);
#13397=ORIENTED_EDGE('',*,*,#13396,.T.);
#13398=ORIENTED_EDGE('',*,*,#13220,.F.);
#13399=EDGE_LOOP('',(#13394,#13395,#13397,#13398));
#13400=FACE_OUTER_BOUND('',#13399,.F.);
#13402=CARTESIAN_POINT('',(1.725E0,7.5E-2,-1.725E0));
#13403=DIRECTION('',(0.E0,0.E0,1.E0));
#13404=DIRECTION('',(1.E0,0.E0,0.E0));
#13405=AXIS2_PLACEMENT_3D('',#13402,#13403,#13404);
#13406=PLANE('',#13405);
#13407=ORIENTED_EDGE('',*,*,#12148,.T.);
#13408=ORIENTED_EDGE('',*,*,#13222,.F.);
#13409=ORIENTED_EDGE('',*,*,#13396,.F.);
#13410=ORIENTED_EDGE('',*,*,#13130,.T.);
#13411=EDGE_LOOP('',(#13407,#13408,#13409,#13410));
#13412=FACE_OUTER_BOUND('',#13411,.F.);
#13414=CARTESIAN_POINT('',(-2.1E0,-2.5E-2,1.12E0));
#13415=DIRECTION('',(0.E0,0.E0,1.E0));
#13416=DIRECTION('',(1.E0,0.E0,0.E0));
#13417=AXIS2_PLACEMENT_3D('',#13414,#13415,#13416);
#13418=PLANE('',#13417);
#13419=ORIENTED_EDGE('',*,*,#11232,.T.);
#13421=ORIENTED_EDGE('',*,*,#13420,.T.);
#13423=ORIENTED_EDGE('',*,*,#13422,.F.);
#13424=ORIENTED_EDGE('',*,*,#11534,.F.);
#13425=EDGE_LOOP('',(#13419,#13421,#13423,#13424));
#13426=FACE_OUTER_BOUND('',#13425,.F.);
#13428=CARTESIAN_POINT('',(-1.719E0,-2.5E-2,1.001E0));
#13429=DIRECTION('',(0.E0,1.E0,0.E0));
#13430=DIRECTION('',(1.E0,0.E0,0.E0));
#13431=AXIS2_PLACEMENT_3D('',#13428,#13429,#13430);
#13432=CYLINDRICAL_SURFACE('',#13431,1.19E-1);
#13433=ORIENTED_EDGE('',*,*,#11230,.T.);
#13435=ORIENTED_EDGE('',*,*,#13434,.T.);
#13437=ORIENTED_EDGE('',*,*,#13436,.F.);
#13438=ORIENTED_EDGE('',*,*,#13420,.F.);
#13439=EDGE_LOOP('',(#13433,#13435,#13437,#13438));
#13440=FACE_OUTER_BOUND('',#13439,.F.);
#13442=CARTESIAN_POINT('',(-1.6E0,-2.5E-2,1.001E0));
#13443=DIRECTION('',(1.E0,0.E0,0.E0));
#13444=DIRECTION('',(0.E0,0.E0,-1.E0));
#13445=AXIS2_PLACEMENT_3D('',#13442,#13443,#13444);
#13446=PLANE('',#13445);
#13447=ORIENTED_EDGE('',*,*,#11228,.T.);
#13449=ORIENTED_EDGE('',*,*,#13448,.T.);
#13451=ORIENTED_EDGE('',*,*,#13450,.F.);
#13452=ORIENTED_EDGE('',*,*,#13434,.F.);
#13453=EDGE_LOOP('',(#13447,#13449,#13451,#13452));
#13454=FACE_OUTER_BOUND('',#13453,.F.);
#13456=CARTESIAN_POINT('',(-1.719E0,-2.5E-2,9.99E-1));
#13457=DIRECTION('',(0.E0,1.E0,0.E0));
#13458=DIRECTION('',(1.E0,0.E0,0.E0));
#13459=AXIS2_PLACEMENT_3D('',#13456,#13457,#13458);
#13460=CYLINDRICAL_SURFACE('',#13459,1.19E-1);
#13461=ORIENTED_EDGE('',*,*,#11226,.T.);
#13463=ORIENTED_EDGE('',*,*,#13462,.T.);
#13465=ORIENTED_EDGE('',*,*,#13464,.F.);
#13466=ORIENTED_EDGE('',*,*,#13448,.F.);
#13467=EDGE_LOOP('',(#13461,#13463,#13465,#13466));
#13468=FACE_OUTER_BOUND('',#13467,.F.);
#13470=CARTESIAN_POINT('',(-1.719E0,-2.5E-2,8.8E-1));
#13471=DIRECTION('',(0.E0,0.E0,-1.E0));
#13472=DIRECTION('',(-1.E0,0.E0,0.E0));
#13473=AXIS2_PLACEMENT_3D('',#13470,#13471,#13472);
#13474=PLANE('',#13473);
#13475=ORIENTED_EDGE('',*,*,#11224,.F.);
#13476=ORIENTED_EDGE('',*,*,#11538,.T.);
#13478=ORIENTED_EDGE('',*,*,#13477,.F.);
#13479=ORIENTED_EDGE('',*,*,#13462,.F.);
#13480=EDGE_LOOP('',(#13475,#13476,#13478,#13479));
#13481=FACE_OUTER_BOUND('',#13480,.F.);
#13483=CARTESIAN_POINT('',(0.E0,1.75E-1,0.E0));
#13484=DIRECTION('',(0.E0,1.E0,0.E0));
#13485=DIRECTION('',(1.E0,0.E0,0.E0));
#13486=AXIS2_PLACEMENT_3D('',#13483,#13484,#13485);
#13487=PLANE('',#13486);
#13488=ORIENTED_EDGE('',*,*,#11536,.F.);
#13489=ORIENTED_EDGE('',*,*,#13422,.T.);
#13490=ORIENTED_EDGE('',*,*,#13436,.T.);
#13491=ORIENTED_EDGE('',*,*,#13450,.T.);
#13492=ORIENTED_EDGE('',*,*,#13464,.T.);
#13493=ORIENTED_EDGE('',*,*,#13477,.T.);
#13494=EDGE_LOOP('',(#13488,#13489,#13490,#13491,#13492,#13493));
#13495=FACE_OUTER_BOUND('',#13494,.F.);
#13497=CARTESIAN_POINT('',(-2.1E0,-2.5E-2,6.2E-1));
#13498=DIRECTION('',(0.E0,0.E0,1.E0));
#13499=DIRECTION('',(1.E0,0.E0,0.E0));
#13500=AXIS2_PLACEMENT_3D('',#13497,#13498,#13499);
#13501=PLANE('',#13500);
#13502=ORIENTED_EDGE('',*,*,#11220,.T.);
#13504=ORIENTED_EDGE('',*,*,#13503,.T.);
#13506=ORIENTED_EDGE('',*,*,#13505,.F.);
#13507=ORIENTED_EDGE('',*,*,#11541,.F.);
#13508=EDGE_LOOP('',(#13502,#13504,#13506,#13507));
#13509=FACE_OUTER_BOUND('',#13508,.F.);
#13511=CARTESIAN_POINT('',(-1.719E0,-2.5E-2,5.01E-1));
#13512=DIRECTION('',(0.E0,1.E0,0.E0));
#13513=DIRECTION('',(1.E0,0.E0,0.E0));
#13514=AXIS2_PLACEMENT_3D('',#13511,#13512,#13513);
#13515=CYLINDRICAL_SURFACE('',#13514,1.19E-1);
#13516=ORIENTED_EDGE('',*,*,#11218,.T.);
#13518=ORIENTED_EDGE('',*,*,#13517,.T.);
#13520=ORIENTED_EDGE('',*,*,#13519,.F.);
#13521=ORIENTED_EDGE('',*,*,#13503,.F.);
#13522=EDGE_LOOP('',(#13516,#13518,#13520,#13521));
#13523=FACE_OUTER_BOUND('',#13522,.F.);
#13525=CARTESIAN_POINT('',(-1.6E0,-2.5E-2,5.01E-1));
#13526=DIRECTION('',(1.E0,0.E0,0.E0));
#13527=DIRECTION('',(0.E0,0.E0,-1.E0));
#13528=AXIS2_PLACEMENT_3D('',#13525,#13526,#13527);
#13529=PLANE('',#13528);
#13530=ORIENTED_EDGE('',*,*,#11216,.T.);
#13532=ORIENTED_EDGE('',*,*,#13531,.T.);
#13534=ORIENTED_EDGE('',*,*,#13533,.F.);
#13535=ORIENTED_EDGE('',*,*,#13517,.F.);
#13536=EDGE_LOOP('',(#13530,#13532,#13534,#13535));
#13537=FACE_OUTER_BOUND('',#13536,.F.);
#13539=CARTESIAN_POINT('',(-1.719E0,-2.5E-2,4.99E-1));
#13540=DIRECTION('',(0.E0,1.E0,0.E0));
#13541=DIRECTION('',(1.E0,0.E0,0.E0));
#13542=AXIS2_PLACEMENT_3D('',#13539,#13540,#13541);
#13543=CYLINDRICAL_SURFACE('',#13542,1.19E-1);
#13544=ORIENTED_EDGE('',*,*,#11214,.T.);
#13546=ORIENTED_EDGE('',*,*,#13545,.T.);
#13548=ORIENTED_EDGE('',*,*,#13547,.F.);
#13549=ORIENTED_EDGE('',*,*,#13531,.F.);
#13550=EDGE_LOOP('',(#13544,#13546,#13548,#13549));
#13551=FACE_OUTER_BOUND('',#13550,.F.);
#13553=CARTESIAN_POINT('',(-1.719E0,-2.5E-2,3.8E-1));
#13554=DIRECTION('',(0.E0,0.E0,-1.E0));
#13555=DIRECTION('',(-1.E0,0.E0,0.E0));
#13556=AXIS2_PLACEMENT_3D('',#13553,#13554,#13555);
#13557=PLANE('',#13556);
#13558=ORIENTED_EDGE('',*,*,#11212,.F.);
#13559=ORIENTED_EDGE('',*,*,#11545,.T.);
#13561=ORIENTED_EDGE('',*,*,#13560,.F.);
#13562=ORIENTED_EDGE('',*,*,#13545,.F.);
#13563=EDGE_LOOP('',(#13558,#13559,#13561,#13562));
#13564=FACE_OUTER_BOUND('',#13563,.F.);
#13566=CARTESIAN_POINT('',(0.E0,1.75E-1,0.E0));
#13567=DIRECTION('',(0.E0,1.E0,0.E0));
#13568=DIRECTION('',(1.E0,0.E0,0.E0));
#13569=AXIS2_PLACEMENT_3D('',#13566,#13567,#13568);
#13570=PLANE('',#13569);
#13571=ORIENTED_EDGE('',*,*,#11543,.F.);
#13572=ORIENTED_EDGE('',*,*,#13505,.T.);
#13573=ORIENTED_EDGE('',*,*,#13519,.T.);
#13574=ORIENTED_EDGE('',*,*,#13533,.T.);
#13575=ORIENTED_EDGE('',*,*,#13547,.T.);
#13576=ORIENTED_EDGE('',*,*,#13560,.T.);
#13577=EDGE_LOOP('',(#13571,#13572,#13573,#13574,#13575,#13576));
#13578=FACE_OUTER_BOUND('',#13577,.F.);
#13580=CARTESIAN_POINT('',(-2.1E0,-2.5E-2,1.2E-1));
#13581=DIRECTION('',(0.E0,0.E0,1.E0));
#13582=DIRECTION('',(1.E0,0.E0,0.E0));
#13583=AXIS2_PLACEMENT_3D('',#13580,#13581,#13582);
#13584=PLANE('',#13583);
#13585=ORIENTED_EDGE('',*,*,#11208,.T.);
#13587=ORIENTED_EDGE('',*,*,#13586,.T.);
#13589=ORIENTED_EDGE('',*,*,#13588,.F.);
#13590=ORIENTED_EDGE('',*,*,#11548,.F.);
#13591=EDGE_LOOP('',(#13585,#13587,#13589,#13590));
#13592=FACE_OUTER_BOUND('',#13591,.F.);
#13594=CARTESIAN_POINT('',(-1.719E0,-2.5E-2,1.E-3));
#13595=DIRECTION('',(0.E0,1.E0,0.E0));
#13596=DIRECTION('',(1.E0,0.E0,0.E0));
#13597=AXIS2_PLACEMENT_3D('',#13594,#13595,#13596);
#13598=CYLINDRICAL_SURFACE('',#13597,1.19E-1);
#13599=ORIENTED_EDGE('',*,*,#11206,.T.);
#13601=ORIENTED_EDGE('',*,*,#13600,.T.);
#13603=ORIENTED_EDGE('',*,*,#13602,.F.);
#13604=ORIENTED_EDGE('',*,*,#13586,.F.);
#13605=EDGE_LOOP('',(#13599,#13601,#13603,#13604));
#13606=FACE_OUTER_BOUND('',#13605,.F.);
#13608=CARTESIAN_POINT('',(-1.6E0,-2.5E-2,1.E-3));
#13609=DIRECTION('',(1.E0,0.E0,0.E0));
#13610=DIRECTION('',(0.E0,0.E0,-1.E0));
#13611=AXIS2_PLACEMENT_3D('',#13608,#13609,#13610);
#13612=PLANE('',#13611);
#13613=ORIENTED_EDGE('',*,*,#11204,.T.);
#13615=ORIENTED_EDGE('',*,*,#13614,.T.);
#13617=ORIENTED_EDGE('',*,*,#13616,.F.);
#13618=ORIENTED_EDGE('',*,*,#13600,.F.);
#13619=EDGE_LOOP('',(#13613,#13615,#13617,#13618));
#13620=FACE_OUTER_BOUND('',#13619,.F.);
#13622=CARTESIAN_POINT('',(-1.719E0,-2.5E-2,-1.E-3));
#13623=DIRECTION('',(0.E0,1.E0,0.E0));
#13624=DIRECTION('',(1.E0,0.E0,0.E0));
#13625=AXIS2_PLACEMENT_3D('',#13622,#13623,#13624);
#13626=CYLINDRICAL_SURFACE('',#13625,1.19E-1);
#13627=ORIENTED_EDGE('',*,*,#11202,.T.);
#13629=ORIENTED_EDGE('',*,*,#13628,.T.);
#13631=ORIENTED_EDGE('',*,*,#13630,.F.);
#13632=ORIENTED_EDGE('',*,*,#13614,.F.);
#13633=EDGE_LOOP('',(#13627,#13629,#13631,#13632));
#13634=FACE_OUTER_BOUND('',#13633,.F.);
#13636=CARTESIAN_POINT('',(-1.719E0,-2.5E-2,-1.2E-1));
#13637=DIRECTION('',(0.E0,0.E0,-1.E0));
#13638=DIRECTION('',(-1.E0,0.E0,0.E0));
#13639=AXIS2_PLACEMENT_3D('',#13636,#13637,#13638);
#13640=PLANE('',#13639);
#13641=ORIENTED_EDGE('',*,*,#11200,.F.);
#13642=ORIENTED_EDGE('',*,*,#11552,.T.);
#13644=ORIENTED_EDGE('',*,*,#13643,.F.);
#13645=ORIENTED_EDGE('',*,*,#13628,.F.);
#13646=EDGE_LOOP('',(#13641,#13642,#13644,#13645));
#13647=FACE_OUTER_BOUND('',#13646,.F.);
#13649=CARTESIAN_POINT('',(0.E0,1.75E-1,0.E0));
#13650=DIRECTION('',(0.E0,1.E0,0.E0));
#13651=DIRECTION('',(1.E0,0.E0,0.E0));
#13652=AXIS2_PLACEMENT_3D('',#13649,#13650,#13651);
#13653=PLANE('',#13652);
#13654=ORIENTED_EDGE('',*,*,#11550,.F.);
#13655=ORIENTED_EDGE('',*,*,#13588,.T.);
#13656=ORIENTED_EDGE('',*,*,#13602,.T.);
#13657=ORIENTED_EDGE('',*,*,#13616,.T.);
#13658=ORIENTED_EDGE('',*,*,#13630,.T.);
#13659=ORIENTED_EDGE('',*,*,#13643,.T.);
#13660=EDGE_LOOP('',(#13654,#13655,#13656,#13657,#13658,#13659));
#13661=FACE_OUTER_BOUND('',#13660,.F.);
#13663=CARTESIAN_POINT('',(-2.1E0,-2.5E-2,-3.8E-1));
#13664=DIRECTION('',(0.E0,0.E0,1.E0));
#13665=DIRECTION('',(1.E0,0.E0,0.E0));
#13666=AXIS2_PLACEMENT_3D('',#13663,#13664,#13665);
#13667=PLANE('',#13666);
#13668=ORIENTED_EDGE('',*,*,#11196,.T.);
#13670=ORIENTED_EDGE('',*,*,#13669,.T.);
#13672=ORIENTED_EDGE('',*,*,#13671,.F.);
#13673=ORIENTED_EDGE('',*,*,#11555,.F.);
#13674=EDGE_LOOP('',(#13668,#13670,#13672,#13673));
#13675=FACE_OUTER_BOUND('',#13674,.F.);
#13677=CARTESIAN_POINT('',(-1.719E0,-2.5E-2,-4.99E-1));
#13678=DIRECTION('',(0.E0,1.E0,0.E0));
#13679=DIRECTION('',(1.E0,0.E0,0.E0));
#13680=AXIS2_PLACEMENT_3D('',#13677,#13678,#13679);
#13681=CYLINDRICAL_SURFACE('',#13680,1.19E-1);
#13682=ORIENTED_EDGE('',*,*,#11194,.T.);
#13684=ORIENTED_EDGE('',*,*,#13683,.T.);
#13686=ORIENTED_EDGE('',*,*,#13685,.F.);
#13687=ORIENTED_EDGE('',*,*,#13669,.F.);
#13688=EDGE_LOOP('',(#13682,#13684,#13686,#13687));
#13689=FACE_OUTER_BOUND('',#13688,.F.);
#13691=CARTESIAN_POINT('',(-1.6E0,-2.5E-2,-4.99E-1));
#13692=DIRECTION('',(1.E0,0.E0,0.E0));
#13693=DIRECTION('',(0.E0,0.E0,-1.E0));
#13694=AXIS2_PLACEMENT_3D('',#13691,#13692,#13693);
#13695=PLANE('',#13694);
#13696=ORIENTED_EDGE('',*,*,#11192,.T.);
#13698=ORIENTED_EDGE('',*,*,#13697,.T.);
#13700=ORIENTED_EDGE('',*,*,#13699,.F.);
#13701=ORIENTED_EDGE('',*,*,#13683,.F.);
#13702=EDGE_LOOP('',(#13696,#13698,#13700,#13701));
#13703=FACE_OUTER_BOUND('',#13702,.F.);
#13705=CARTESIAN_POINT('',(-1.719E0,-2.5E-2,-5.01E-1));
#13706=DIRECTION('',(0.E0,1.E0,0.E0));
#13707=DIRECTION('',(1.E0,0.E0,0.E0));
#13708=AXIS2_PLACEMENT_3D('',#13705,#13706,#13707);
#13709=CYLINDRICAL_SURFACE('',#13708,1.19E-1);
#13710=ORIENTED_EDGE('',*,*,#11190,.T.);
#13712=ORIENTED_EDGE('',*,*,#13711,.T.);
#13714=ORIENTED_EDGE('',*,*,#13713,.F.);
#13715=ORIENTED_EDGE('',*,*,#13697,.F.);
#13716=EDGE_LOOP('',(#13710,#13712,#13714,#13715));
#13717=FACE_OUTER_BOUND('',#13716,.F.);
#13719=CARTESIAN_POINT('',(-1.719E0,-2.5E-2,-6.2E-1));
#13720=DIRECTION('',(0.E0,0.E0,-1.E0));
#13721=DIRECTION('',(-1.E0,0.E0,0.E0));
#13722=AXIS2_PLACEMENT_3D('',#13719,#13720,#13721);
#13723=PLANE('',#13722);
#13724=ORIENTED_EDGE('',*,*,#11188,.F.);
#13725=ORIENTED_EDGE('',*,*,#11559,.T.);
#13727=ORIENTED_EDGE('',*,*,#13726,.F.);
#13728=ORIENTED_EDGE('',*,*,#13711,.F.);
#13729=EDGE_LOOP('',(#13724,#13725,#13727,#13728));
#13730=FACE_OUTER_BOUND('',#13729,.F.);
#13732=CARTESIAN_POINT('',(0.E0,1.75E-1,0.E0));
#13733=DIRECTION('',(0.E0,1.E0,0.E0));
#13734=DIRECTION('',(1.E0,0.E0,0.E0));
#13735=AXIS2_PLACEMENT_3D('',#13732,#13733,#13734);
#13736=PLANE('',#13735);
#13737=ORIENTED_EDGE('',*,*,#11557,.F.);
#13738=ORIENTED_EDGE('',*,*,#13671,.T.);
#13739=ORIENTED_EDGE('',*,*,#13685,.T.);
#13740=ORIENTED_EDGE('',*,*,#13699,.T.);
#13741=ORIENTED_EDGE('',*,*,#13713,.T.);
#13742=ORIENTED_EDGE('',*,*,#13726,.T.);
#13743=EDGE_LOOP('',(#13737,#13738,#13739,#13740,#13741,#13742));
#13744=FACE_OUTER_BOUND('',#13743,.F.);
#13746=CARTESIAN_POINT('',(-1.125E0,-2.5E-2,-1.125E0));
#13747=DIRECTION('',(-1.E0,0.E0,0.E0));
#13748=DIRECTION('',(0.E0,0.E0,1.E0));
#13749=AXIS2_PLACEMENT_3D('',#13746,#13747,#13748);
#13750=PLANE('',#13749);
#13751=ORIENTED_EDGE('',*,*,#11434,.T.);
#13753=ORIENTED_EDGE('',*,*,#13752,.T.);
#13755=ORIENTED_EDGE('',*,*,#13754,.F.);
#13757=ORIENTED_EDGE('',*,*,#13756,.T.);
#13758=EDGE_LOOP('',(#13751,#13753,#13755,#13757));
#13759=FACE_OUTER_BOUND('',#13758,.F.);
#13761=CARTESIAN_POINT('',(-1.125E0,-2.5E-2,1.125E0));
#13762=DIRECTION('',(0.E0,0.E0,1.E0));
#13763=DIRECTION('',(1.E0,0.E0,0.E0));
#13764=AXIS2_PLACEMENT_3D('',#13761,#13762,#13763);
#13765=PLANE('',#13764);
#13766=ORIENTED_EDGE('',*,*,#11442,.T.);
#13768=ORIENTED_EDGE('',*,*,#13767,.T.);
#13770=ORIENTED_EDGE('',*,*,#13769,.F.);
#13771=ORIENTED_EDGE('',*,*,#13752,.F.);
#13772=EDGE_LOOP('',(#13766,#13768,#13770,#13771));
#13773=FACE_OUTER_BOUND('',#13772,.F.);
#13775=CARTESIAN_POINT('',(1.125E0,-2.5E-2,1.125E0));
#13776=DIRECTION('',(1.E0,0.E0,0.E0));
#13777=DIRECTION('',(0.E0,0.E0,-1.E0));
#13778=AXIS2_PLACEMENT_3D('',#13775,#13776,#13777);
#13779=PLANE('',#13778);
#13780=ORIENTED_EDGE('',*,*,#11440,.T.);
#13782=ORIENTED_EDGE('',*,*,#13781,.T.);
#13784=ORIENTED_EDGE('',*,*,#13783,.F.);
#13785=ORIENTED_EDGE('',*,*,#13767,.F.);
#13786=EDGE_LOOP('',(#13780,#13782,#13784,#13785));
#13787=FACE_OUTER_BOUND('',#13786,.F.);
#13789=CARTESIAN_POINT('',(1.125E0,-2.5E-2,-1.125E0));
#13790=DIRECTION('',(0.E0,0.E0,-1.E0));
#13791=DIRECTION('',(-1.E0,0.E0,0.E0));
#13792=AXIS2_PLACEMENT_3D('',#13789,#13790,#13791);
#13793=PLANE('',#13792);
#13794=ORIENTED_EDGE('',*,*,#11438,.T.);
#13796=ORIENTED_EDGE('',*,*,#13795,.F.);
#13798=ORIENTED_EDGE('',*,*,#13797,.F.);
#13799=ORIENTED_EDGE('',*,*,#13781,.F.);
#13800=EDGE_LOOP('',(#13794,#13796,#13798,#13799));
#13801=FACE_OUTER_BOUND('',#13800,.F.);
#13803=CARTESIAN_POINT('',(-9.75E-1,7.5E-2,-9.75E-1));
#13804=DIRECTION('',(-7.071067811865E-1,0.E0,-7.071067811865E-1));
#13805=DIRECTION('',(7.071067811865E-1,0.E0,-7.071067811865E-1));
#13806=AXIS2_PLACEMENT_3D('',#13803,#13804,#13805);
#13807=PLANE('',#13806);
#13808=ORIENTED_EDGE('',*,*,#11436,.F.);
#13809=ORIENTED_EDGE('',*,*,#13756,.F.);
#13811=ORIENTED_EDGE('',*,*,#13810,.F.);
#13812=ORIENTED_EDGE('',*,*,#13795,.T.);
#13813=EDGE_LOOP('',(#13808,#13809,#13811,#13812));
#13814=FACE_OUTER_BOUND('',#13813,.F.);
#13816=CARTESIAN_POINT('',(0.E0,1.75E-1,0.E0));
#13817=DIRECTION('',(0.E0,1.E0,0.E0));
#13818=DIRECTION('',(1.E0,0.E0,0.E0));
#13819=AXIS2_PLACEMENT_3D('',#13816,#13817,#13818);
#13820=PLANE('',#13819);
#13821=ORIENTED_EDGE('',*,*,#13810,.T.);
#13822=ORIENTED_EDGE('',*,*,#13754,.T.);
#13823=ORIENTED_EDGE('',*,*,#13769,.T.);
#13824=ORIENTED_EDGE('',*,*,#13783,.T.);
#13825=ORIENTED_EDGE('',*,*,#13797,.T.);
#13826=EDGE_LOOP('',(#13821,#13822,#13823,#13824,#13825));
#13827=FACE_OUTER_BOUND('',#13826,.F.);
#13829=CLOSED_SHELL('',(#11446,#11461,#11475,#11489,#11503,#11517,#11585,#11599,
#11668,#11682,#11696,#11710,#11724,#11737,#11751,#11765,#11779,#11793,#11807,
#11820,#11834,#11848,#11862,#11876,#11890,#11903,#11917,#11931,#11945,#11959,
#11973,#11986,#12000,#12014,#12028,#12042,#12056,#12069,#12083,#12152,#12171,
#12184,#12197,#12210,#12223,#12235,#12249,#12263,#12277,#12291,#12304,#12318,
#12332,#12346,#12360,#12374,#12387,#12401,#12415,#12429,#12443,#12457,#12470,
#12484,#12498,#12512,#12526,#12540,#12553,#12567,#12635,#12649,#12667,#12680,
#12693,#12706,#12718,#12730,#12751,#12765,#12779,#12793,#12806,#12820,#12834,
#12848,#12862,#12876,#12889,#12903,#12917,#12931,#12945,#12959,#12972,#12986,
#13000,#13014,#13028,#13042,#13055,#13069,#13087,#13105,#13123,#13141,#13155,
#13172,#13190,#13208,#13226,#13239,#13251,#13263,#13276,#13288,#13301,#13313,
#13326,#13338,#13351,#13363,#13376,#13388,#13401,#13413,#13427,#13441,#13455,
#13469,#13482,#13496,#13510,#13524,#13538,#13552,#13565,#13579,#13593,#13607,
#13621,#13635,#13648,#13662,#13676,#13690,#13704,#13718,#13731,#13745,#13760,
#13774,#13788,#13802,#13815,#13828));
#13830=MANIFOLD_SOLID_BREP('',#13829);
#13831=FILL_AREA_STYLE_COLOUR('',#3);
#13832=FILL_AREA_STYLE('',(#13831));
#13833=SURFACE_STYLE_FILL_AREA(#13832);
#13834=SURFACE_SIDE_STYLE('',(#13833));
#13835=SURFACE_STYLE_USAGE(.BOTH.,#13834);
#13836=PRESENTATION_STYLE_ASSIGNMENT((#13835));
#7273=STYLED_ITEM('',(#13836),#13830);
#13839=PLANE_ANGLE_MEASURE_WITH_UNIT(PLANE_ANGLE_MEASURE(1.745329251994E-2),
#13838);
#13840=(CONVERSION_BASED_UNIT('DEGREE',#13839)NAMED_UNIT(*)PLANE_ANGLE_UNIT());
#13842=UNCERTAINTY_MEASURE_WITH_UNIT(LENGTH_MEASURE(2.592621155356E-4),#13837,
'distance_accuracy_value',
'Maximum model space distance between geometric entities at asserted connectivities');
#13844=CARTESIAN_POINT('',(0.E0,0.E0,0.E0));
#13845=DIRECTION('',(0.E0,0.E0,1.E0));
#13846=DIRECTION('',(1.E0,0.E0,0.E0));
#13849=PRODUCT_CONTEXT('',#7207,'mechanical');
#13850=PRODUCT('BODY','BODY','NOT SPECIFIED',(#13849));
#13851=PRODUCT_DEFINITION_FORMATION('38','LAST_VERSION',#13850);
#13859=DERIVED_UNIT_ELEMENT(#13858,2.E0);
#13860=DERIVED_UNIT((#13859));
#13861=MEASURE_REPRESENTATION_ITEM('surface area measure',AREA_MEASURE(
4.906671955218E1),#13860);
#13866=DERIVED_UNIT_ELEMENT(#13865,3.E0);
#13867=DERIVED_UNIT((#13866));
#13868=MEASURE_REPRESENTATION_ITEM('volume measure',VOLUME_MEASURE(
1.118321022163E1),#13867);
#13872=CARTESIAN_POINT('centre point',(-7.217854750524E-4,4.200610372779E-1,
-7.217848129265E-4));
#13877=DERIVED_UNIT_ELEMENT(#13876,2.E0);
#13878=DERIVED_UNIT((#13877));
#13879=MEASURE_REPRESENTATION_ITEM('surface area measure',AREA_MEASURE(
4.906671955218E1),#13878);
#13884=DERIVED_UNIT_ELEMENT(#13883,3.E0);
#13885=DERIVED_UNIT((#13884));
#13886=MEASURE_REPRESENTATION_ITEM('volume measure',VOLUME_MEASURE(
1.118321022163E1),#13885);
#13890=CARTESIAN_POINT('centre point',(-7.217854750524E-4,4.200610372779E-1,
-7.217848129265E-4));
#13897=CARTESIAN_POINT('centre point',(-7.217854750524E-4,7.217848129265E-4,
4.450610372779E-1));
#13901=CARTESIAN_POINT('',(0.E0,0.E0,2.5E-2));
#13902=DIRECTION('',(0.E0,-1.E0,0.E0));
#13903=DIRECTION('',(1.E0,0.E0,0.E0));
#13904=AXIS2_PLACEMENT_3D('',#13901,#13902,#13903);
#13905=ITEM_DEFINED_TRANSFORMATION('','',#13847,#13904);
#13906=(REPRESENTATION_RELATIONSHIP('','',#13848,#7258)REPRESENTATION_RELATIONSHIP_WITH_TRANSFORMATION(#13905)SHAPE_REPRESENTATION_RELATIONSHIP());
#13907=CONTEXT_DEPENDENT_SHAPE_REPRESENTATION(#13906,#13896);
#13910=PLANE_ANGLE_MEASURE_WITH_UNIT(PLANE_ANGLE_MEASURE(1.745329251994E-2),
#13909);
#13911=(CONVERSION_BASED_UNIT('DEGREE',#13910)NAMED_UNIT(*)PLANE_ANGLE_UNIT());
#13913=UNCERTAINTY_MEASURE_WITH_UNIT(LENGTH_MEASURE(3.463963051073E-4),#13908,
'distance_accuracy_value',
'Maximum model space distance between geometric entities at asserted connectivities');
#13915=CARTESIAN_POINT('',(0.E0,0.E0,0.E0));
#13916=DIRECTION('',(0.E0,0.E0,1.E0));
#13917=DIRECTION('',(1.E0,0.E0,0.E0));
#13920=PRODUCT_DEFINITION_CONTEXT('part definition',#7207,'design');
#13921=PRODUCT_CONTEXT('',#7207,'mechanical');
#13922=PRODUCT('PIN1_AREA','PIN1_AREA','NOT SPECIFIED',(#13921));
#13923=PRODUCT_DEFINITION_FORMATION('13','LAST_VERSION',#13922);
#13929=CARTESIAN_POINT('',(0.E0,0.E0,8.E-1));
#13930=DIRECTION('',(0.E0,-1.E0,0.E0));
#13931=DIRECTION('',(1.E0,0.E0,0.E0));
#13932=AXIS2_PLACEMENT_3D('',#13929,#13930,#13931);
#13933=ITEM_DEFINED_TRANSFORMATION('','',#13918,#13932);
#13934=(REPRESENTATION_RELATIONSHIP('','',#13919,#7258)REPRESENTATION_RELATIONSHIP_WITH_TRANSFORMATION(#13933)SHAPE_REPRESENTATION_RELATIONSHIP());
#13935=CONTEXT_DEPENDENT_SHAPE_REPRESENTATION(#13934,#13928);
#13938=PLANE_ANGLE_MEASURE_WITH_UNIT(PLANE_ANGLE_MEASURE(1.745329251994E-2),
#13937);
#13939=(CONVERSION_BASED_UNIT('DEGREE',#13938)NAMED_UNIT(*)PLANE_ANGLE_UNIT());
#13941=UNCERTAINTY_MEASURE_WITH_UNIT(LENGTH_MEASURE(2.4999E-4),#13936,
'distance_accuracy_value',
'Maximum model space distance between geometric entities at asserted connectivities');
#13943=CARTESIAN_POINT('',(0.E0,0.E0,0.E0));
#13944=DIRECTION('',(0.E0,0.E0,1.E0));
#13945=DIRECTION('',(1.E0,0.E0,0.E0));
#13947=MECHANICAL_DESIGN_GEOMETRIC_PRESENTATION_REPRESENTATION('',(#38,#45,#53,
#60,#68,#75,#82,#89,#96,#103,#110,#117,#124,#131,#139,#146,#154,#161,#232,#30,
#331,#338,#346,#353,#361,#368,#375,#382,#389,#396,#403,#410,#417,#424,#432,#439,
#447,#454,#520,#324,#619,#626,#634,#641,#649,#656,#663,#670,#677,#684,#691,#698,
#705,#712,#720,#727,#735,#742,#808,#612,#907,#914,#922,#929,#937,#944,#951,#958,
#965,#972,#979,#986,#993,#1000,#1008,#1015,#1023,#1030,#1096,#900,#1195,#1202,
#1210,#1217,#1225,#1232,#1239,#1246,#1253,#1260,#1267,#1274,#1281,#1288,#1296,
#1303,#1311,#1318,#1384,#1188,#1483,#1490,#1498,#1505,#1513,#1520,#1527,#1534,
#1541,#1548,#1555,#1562,#1569,#1576,#1584,#1591,#1599,#1606,#1672,#1476,#1771,
#1778,#1786,#1793,#1801,#1808,#1815,#1822,#1829,#1836,#1843,#1850,#1857,#1864,
#1872,#1879,#1887,#1894,#1960,#1764,#2059,#2066,#2074,#2081,#2089,#2096,#2103,
#2110,#2117,#2124,#2131,#2138,#2145,#2152,#2160,#2167,#2175,#2182,#2248,#2052,
#2347,#2354,#2362,#2369,#2377,#2384,#2391,#2398,#2405,#2412,#2419,#2426,#2433,
#2440,#2448,#2455,#2463,#2470,#2536,#2340,#2635,#2642,#2650,#2657,#2665,#2672,
#2679,#2686,#2693,#2700,#2707,#2714,#2721,#2728,#2736,#2743,#2751,#2758,#2824,
#2628,#2923,#2930,#2938,#2945,#2953,#2960,#2967,#2974,#2981,#2988,#2995,#3002,
#3009,#3016,#3024,#3031,#3039,#3046,#3112,#2916,#3211,#3218,#3226,#3233,#3241,
#3248,#3255,#3262,#3269,#3276,#3283,#3290,#3297,#3304,#3312,#3319,#3327,#3334,
#3400,#3204,#3499,#3506,#3514,#3521,#3529,#3536,#3543,#3550,#3557,#3564,#3571,
#3578,#3585,#3592,#3600,#3607,#3615,#3622,#3688,#3492,#3787,#3794,#3802,#3809,
#3817,#3824,#3831,#3838,#3845,#3852,#3859,#3866,#3873,#3880,#3888,#3895,#3903,
#3910,#3976,#3780,#4075,#4082,#4090,#4097,#4105,#4112,#4119,#4126,#4133,#4140,
#4147,#4154,#4161,#4168,#4176,#4183,#4191,#4198,#4264,#4068,#4363,#4370,#4378,
#4385,#4393,#4400,#4407,#4414,#4421,#4428,#4435,#4442,#4449,#4456,#4464,#4471,
#4479,#4486,#4552,#4356,#4651,#4658,#4666,#4673,#4681,#4688,#4695,#4702,#4709,
#4716,#4723,#4730,#4737,#4744,#4752,#4759,#4767,#4774,#4840,#4644,#4939,#4946,
#4954,#4961,#4969,#4976,#4983,#4990,#4997,#5004,#5011,#5018,#5025,#5032,#5040,
#5047,#5055,#5062,#5128,#4932,#5227,#5234,#5241,#5248,#5255,#5262,#5269,#5276,
#5283,#5290,#5297,#5304,#5311,#5318,#5325,#5220,#5462,#5469,#5476,#5483,#5490,
#5497,#5504,#5511,#5518,#5525,#5532,#5539,#5546,#5553,#5560,#5567,#5574,#5581,
#5647,#5696,#5455,#5753,#5760,#5767,#5774,#5781,#5788,#5795,#5802,#5809,#5816,
#5823,#5830,#5837,#5844,#5851,#5858,#5865,#5872,#5938,#5987,#5746,#6044,#6051,
#6058,#6065,#6072,#6079,#6086,#6093,#6100,#6107,#6114,#6121,#6128,#6135,#6142,
#6149,#6156,#6163,#6229,#6278,#6037,#6335,#6342,#6349,#6356,#6363,#6370,#6377,
#6384,#6391,#6398,#6405,#6412,#6419,#6426,#6433,#6440,#6447,#6454,#6520,#6569,
#6328,#6626,#6633,#6641,#6648,#6656,#6663,#6670,#6677,#6684,#6691,#6698,#6705,
#6712,#6719,#6727,#6734,#6742,#6749,#6815,#6619,#6914,#6921,#6929,#6936,#6944,
#6951,#6958,#6965,#6972,#6979,#6986,#6993,#7000,#7007,#7015,#7022,#7030,#7037,
#7103,#6907,#7280,#7287,#7294,#7302,#7309,#7317,#7324,#7331,#7338,#7346,#7353,
#7361,#7368,#7375,#7382,#7390,#7397,#7405,#7412,#7419,#7426,#7434,#7441,#7449,
#7456,#7463,#7470,#7477,#7485,#7492,#7500,#7507,#7514,#7521,#7529,#7536,#7544,
#7551,#7558,#7565,#7573,#7580,#7588,#7595,#7602,#7609,#7617,#7624,#7632,#7639,
#7646,#7653,#7661,#7668,#7676,#7683,#7690,#7697,#7704,#7712,#7719,#7727,#7734,
#7741,#7748,#7756,#7763,#7771,#7778,#7785,#7792,#7800,#7807,#7815,#7822,#7829,
#7836,#7844,#7851,#7859,#7866,#7873,#7880,#7888,#7895,#7903,#7910,#7917,#7924,
#7931,#7939,#7946,#7954,#7961,#7968,#7975,#7983,#7990,#7998,#8005,#8012,#8019,
#8027,#8034,#8042,#8049,#8056,#8063,#8071,#8078,#8086,#8093,#8100,#8107,#8115,
#8122,#8130,#8137,#8144,#8151,#8158,#8166,#8173,#8181,#8188,#8195,#8202,#8209,
#8216,#8223,#8230,#8237,#8244,#8251,#8258,#8265,#8272,#8279,#8286,#8293,#8300,
#8307,#8314,#8321,#8328,#8335,#8342,#8349,#8356,#8363,#8370,#8377,#8384,#8391,
#8398,#8405,#8412,#8419,#8427,#8434,#8442,#8449,#8456,#8463,#8470,#8477,#8484,
#8491,#8498,#8505,#8512,#8519,#8526,#8533,#8540,#8547,#8554,#8561,#8568,#8575,
#8582,#8589,#8596,#8603,#8610,#8617,#8624,#8631,#8638,#8645,#8652,#8660,#8667,
#8675,#8682,#8689,#8696,#8703,#8710,#8717,#8725,#8732,#8740,#8747,#8754,#8761,
#8768,#8775,#8782,#8790,#8797,#8805,#8812,#8819,#8826,#8833,#8840,#8847,#8855,
#8862,#8870,#8877,#8884,#8891,#8898,#8905,#8912,#8920,#8927,#8935,#8942,#8949,
#8956,#8963,#8970,#8977,#8984,#8991,#8998,#9005,#9012,#9019,#9026,#9033,#9040,
#9047,#9054,#9061,#9068,#9075,#9082,#9089,#9096,#9103,#9110,#9117,#9125,#9132,
#9140,#9147,#9154,#9161,#9168,#9175,#9182,#9189,#9196,#9203,#9210,#9218,#9225,
#9233,#9240,#9247,#9254,#9261,#9268,#9275,#9283,#9290,#9298,#9305,#9312,#9319,
#9326,#9333,#9340,#9348,#9355,#9363,#9370,#9377,#9384,#9391,#9398,#9405,#9413,
#9420,#9428,#9435,#9442,#9449,#9456,#9463,#9470,#9477,#9484,#9491,#9498,#9505,
#9512,#9519,#9526,#9533,#9540,#9547,#9554,#9561,#9568,#9575,#9582,#9589,#9596,
#9603,#9610,#9618,#9625,#9633,#9640,#9647,#9654,#9661,#9668,#9675,#9682,#9689,
#9696,#9703,#9710,#9717,#9724,#9731,#9739,#9746,#9754,#9761,#9768,#9775,#9782,
#9789,#9796,#9804,#9811,#9819,#9826,#9833,#9840,#9847,#9854,#9861,#9869,#9876,
#9884,#9891,#9898,#9905,#9912,#9919,#9926,#9934,#9941,#9949,#9956,#9963,#9970,
#9977,#9984,#9991,#9998,#10005,#10012,#10019,#10026,#10033,#10040,#10047,#10054,
#10061,#10068,#10075,#10082,#10089,#10096,#10103,#10110,#10117,#10124,#10131,
#10138,#10145,#10152,#10159,#10166,#10173,#10180,#10187,#10194,#10201,#10208,
#10215,#10222,#10229,#10236,#10243,#10250,#10257,#10264,#10271,#10279,#10286,
#10294,#10301,#10308,#10315,#10322,#10329,#10336,#10344,#10351,#10359,#10366,
#10373,#10380,#10387,#10394,#10401,#10409,#10416,#10424,#10431,#10438,#10445,
#10452,#10459,#10466,#10474,#10481,#10489,#10496,#10503,#10510,#10517,#10524,
#10531,#10538,#10545,#10552,#10559,#10566,#12737,#7273),#13942);
#13948=PRODUCT_CONTEXT('',#7207,'mechanical');
#13949=PRODUCT('RTJ0020G_ASM','RTJ0020G_ASM','NOT SPECIFIED',(#13948));
#13950=PRODUCT_DEFINITION_FORMATION('89','LAST_VERSION',#13949);
#13953=DERIVED_UNIT_ELEMENT(#13952,2.E0);
#13954=DERIVED_UNIT((#13953));
#13955=MEASURE_REPRESENTATION_ITEM('surface area measure',AREA_MEASURE(
7.009485234038E1),#13954);
#13960=DERIVED_UNIT_ELEMENT(#13959,3.E0);
#13961=DERIVED_UNIT((#13960));
#13962=MEASURE_REPRESENTATION_ITEM('volume measure',VOLUME_MEASURE(
1.257039841305E1),#13961);
#13966=CARTESIAN_POINT('centre point',(9.173288444568E-5,-9.173385414692E-5,
4.070777864261E-1));
#13970=PRODUCT_RELATED_PRODUCT_CATEGORY('part','',(#13949,#7211,#13850,#13922));
#1=COLOUR_RGB('',0.E0,4.3E-1,1.E0);
#2=COLOUR_RGB('',0.E0,6.6E-1,0.E0);
#3=COLOUR_RGB('',9.8039E-2,9.8039E-2,9.8039E-2);
#4=COLOUR_RGB('',1.80392E-1,2.7451E-1,9.8039E-2);
#5=COLOUR_RGB('',3.E-1,1.29412E-1,2.5098E-1);
#6=COLOUR_RGB('',3.13725E-1,3.13725E-1,3.13725E-1);
#7=COLOUR_RGB('',3.2E-1,4.9E-1,1.76471E-1);
#8=COLOUR_RGB('',3.5E-1,3.5E-1,3.5E-1);
#9=COLOUR_RGB('',3.92157E-1,3.92157E-1,3.92157E-1);
#10=COLOUR_RGB('',5.7E-1,0.E0,1.E0);
#11=COLOUR_RGB('',5.9E-1,3.E-1,0.E0);
#12=COLOUR_RGB('',6.E-1,6.E-1,6.E-1);
#13=COLOUR_RGB('',6.06796E-1,3.76214E-1,3.15534E-1);
#14=COLOUR_RGB('',6.2E-1,3.3E-1,2.3E-1);
#15=COLOUR_RGB('',6.35294E-1,6.86275E-1,7.4902E-1);
#16=COLOUR_RGB('',6.66667E-1,6.66667E-1,6.66667E-1);
#17=COLOUR_RGB('',6.9E-1,0.E0,0.E0);
#18=COLOUR_RGB('',7.E-1,7.E-1,7.E-1);
#19=COLOUR_RGB('',8.23529E-1,7.05882E-1,4.31373E-1);
#20=COLOUR_RGB('',8.39216E-1,8.90196E-1,7.68627E-1);
#21=COLOUR_RGB('',8.7E-1,7.5E-1,4.9E-1);
#22=COLOUR_RGB('',8.82353E-1,8.82353E-1,8.82353E-1);
#23=COLOUR_RGB('',9.80392E-1,9.80392E-1,9.80392E-1);
#24=COLOUR_RGB('',9.9E-1,1.E0,0.E0);
#25=COLOUR_RGB('',1.E0,5.E-1,0.E0);
#26=COLOUR_RGB('',1.E0,6.19608E-1,5.17647E-1);
#27=DRAUGHTING_PRE_DEFINED_COLOUR('white');
#28=COLOUR_RGB('',8.627450980392E-1,8.627450980392E-1,8.627450980392E-1);
#29=COLOUR_RGB('',1.E0,6.2E-1,5.2E-1);
#50=CIRCLE('',#49,1.19E-1);
#65=CIRCLE('',#64,1.19E-1);
#136=CIRCLE('',#135,1.19E-1);
#151=CIRCLE('',#150,1.19E-1);
#191=EDGE_CURVE('',#180,#181,#34,.T.);
#193=EDGE_CURVE('',#180,#164,#42,.T.);
#195=EDGE_CURVE('',#164,#165,#50,.T.);
#197=EDGE_CURVE('',#165,#167,#57,.T.);
#199=EDGE_CURVE('',#167,#169,#65,.T.);
#201=EDGE_CURVE('',#169,#181,#72,.T.);
#205=ADVANCED_FACE('',(#204),#190,.F.);
#212=EDGE_CURVE('',#181,#185,#79,.T.);
#214=EDGE_CURVE('',#184,#185,#121,.T.);
#216=EDGE_CURVE('',#180,#184,#114,.T.);
#220=ADVANCED_FACE('',(#219),#210,.F.);
#240=EDGE_CURVE('',#169,#177,#86,.T.);
#242=EDGE_CURVE('',#177,#185,#128,.T.);
#246=ADVANCED_FACE('',(#245),#237,.T.);
#253=EDGE_CURVE('',#167,#175,#93,.T.);
#255=EDGE_CURVE('',#175,#177,#136,.T.);
#260=ADVANCED_FACE('',(#259),#251,.T.);
#267=EDGE_CURVE('',#165,#173,#100,.T.);
#269=EDGE_CURVE('',#173,#175,#143,.T.);
#274=ADVANCED_FACE('',(#273),#265,.T.);
#281=EDGE_CURVE('',#164,#172,#107,.T.);
#283=EDGE_CURVE('',#172,#173,#151,.T.);
#288=ADVANCED_FACE('',(#287),#279,.T.);
#295=EDGE_CURVE('',#184,#172,#158,.T.);
#301=ADVANCED_FACE('',(#300),#293,.T.);
#315=ADVANCED_FACE('',(#314),#306,.T.);
#343=CIRCLE('',#342,1.19E-1);
#358=CIRCLE('',#357,1.19E-1);
#429=CIRCLE('',#428,1.19E-1);
#444=CIRCLE('',#443,1.19E-1);
#484=EDGE_CURVE('',#473,#474,#328,.T.);
#486=EDGE_CURVE('',#473,#457,#335,.T.);
#488=EDGE_CURVE('',#457,#458,#343,.T.);
#490=EDGE_CURVE('',#458,#460,#350,.T.);
#492=EDGE_CURVE('',#460,#462,#358,.T.);
#494=EDGE_CURVE('',#462,#474,#365,.T.);
#498=ADVANCED_FACE('',(#497),#483,.F.);
#505=EDGE_CURVE('',#474,#478,#372,.T.);
#507=EDGE_CURVE('',#477,#478,#414,.T.);
#509=EDGE_CURVE('',#473,#477,#407,.T.);
#513=ADVANCED_FACE('',(#512),#503,.F.);
#528=EDGE_CURVE('',#462,#470,#379,.T.);
#530=EDGE_CURVE('',#470,#478,#421,.T.);
#534=ADVANCED_FACE('',(#533),#525,.T.);
#541=EDGE_CURVE('',#460,#468,#386,.T.);
#543=EDGE_CURVE('',#468,#470,#429,.T.);
#548=ADVANCED_FACE('',(#547),#539,.T.);
#555=EDGE_CURVE('',#458,#466,#393,.T.);
#557=EDGE_CURVE('',#466,#468,#436,.T.);
#562=ADVANCED_FACE('',(#561),#553,.T.);
#569=EDGE_CURVE('',#457,#465,#400,.T.);
#571=EDGE_CURVE('',#465,#466,#444,.T.);
#576=ADVANCED_FACE('',(#575),#567,.T.);
#583=EDGE_CURVE('',#477,#465,#451,.T.);
#589=ADVANCED_FACE('',(#588),#581,.T.);
#603=ADVANCED_FACE('',(#602),#594,.T.);
#631=CIRCLE('',#630,1.19E-1);
#646=CIRCLE('',#645,1.19E-1);
#717=CIRCLE('',#716,1.19E-1);
#732=CIRCLE('',#731,1.19E-1);
#772=EDGE_CURVE('',#761,#762,#616,.T.);
#774=EDGE_CURVE('',#761,#745,#623,.T.);
#776=EDGE_CURVE('',#745,#746,#631,.T.);
#778=EDGE_CURVE('',#746,#748,#638,.T.);
#780=EDGE_CURVE('',#748,#750,#646,.T.);
#782=EDGE_CURVE('',#750,#762,#653,.T.);
#786=ADVANCED_FACE('',(#785),#771,.F.);
#793=EDGE_CURVE('',#762,#766,#660,.T.);
#795=EDGE_CURVE('',#765,#766,#702,.T.);
#797=EDGE_CURVE('',#761,#765,#695,.T.);
#801=ADVANCED_FACE('',(#800),#791,.F.);
#816=EDGE_CURVE('',#750,#758,#667,.T.);
#818=EDGE_CURVE('',#758,#766,#709,.T.);
#822=ADVANCED_FACE('',(#821),#813,.T.);
#829=EDGE_CURVE('',#748,#756,#674,.T.);
#831=EDGE_CURVE('',#756,#758,#717,.T.);
#836=ADVANCED_FACE('',(#835),#827,.T.);
#843=EDGE_CURVE('',#746,#754,#681,.T.);
#845=EDGE_CURVE('',#754,#756,#724,.T.);
#850=ADVANCED_FACE('',(#849),#841,.T.);
#857=EDGE_CURVE('',#745,#753,#688,.T.);
#859=EDGE_CURVE('',#753,#754,#732,.T.);
#864=ADVANCED_FACE('',(#863),#855,.T.);
#871=EDGE_CURVE('',#765,#753,#739,.T.);
#877=ADVANCED_FACE('',(#876),#869,.T.);
#891=ADVANCED_FACE('',(#890),#882,.T.);
#919=CIRCLE('',#918,1.19E-1);
#934=CIRCLE('',#933,1.19E-1);
#1005=CIRCLE('',#1004,1.19E-1);
#1020=CIRCLE('',#1019,1.19E-1);
#1060=EDGE_CURVE('',#1049,#1050,#904,.T.);
#1062=EDGE_CURVE('',#1049,#1033,#911,.T.);
#1064=EDGE_CURVE('',#1033,#1034,#919,.T.);
#1066=EDGE_CURVE('',#1034,#1036,#926,.T.);
#1068=EDGE_CURVE('',#1036,#1038,#934,.T.);
#1070=EDGE_CURVE('',#1038,#1050,#941,.T.);
#1074=ADVANCED_FACE('',(#1073),#1059,.F.);
#1081=EDGE_CURVE('',#1050,#1054,#948,.T.);
#1083=EDGE_CURVE('',#1053,#1054,#990,.T.);
#1085=EDGE_CURVE('',#1049,#1053,#983,.T.);
#1089=ADVANCED_FACE('',(#1088),#1079,.F.);
#1104=EDGE_CURVE('',#1038,#1046,#955,.T.);
#1106=EDGE_CURVE('',#1046,#1054,#997,.T.);
#1110=ADVANCED_FACE('',(#1109),#1101,.T.);
#1117=EDGE_CURVE('',#1036,#1044,#962,.T.);
#1119=EDGE_CURVE('',#1044,#1046,#1005,.T.);
#1124=ADVANCED_FACE('',(#1123),#1115,.T.);
#1131=EDGE_CURVE('',#1034,#1042,#969,.T.);
#1133=EDGE_CURVE('',#1042,#1044,#1012,.T.);
#1138=ADVANCED_FACE('',(#1137),#1129,.T.);
#1145=EDGE_CURVE('',#1033,#1041,#976,.T.);
#1147=EDGE_CURVE('',#1041,#1042,#1020,.T.);
#1152=ADVANCED_FACE('',(#1151),#1143,.T.);
#1159=EDGE_CURVE('',#1053,#1041,#1027,.T.);
#1165=ADVANCED_FACE('',(#1164),#1157,.T.);
#1179=ADVANCED_FACE('',(#1178),#1170,.T.);
#1207=CIRCLE('',#1206,1.19E-1);
#1222=CIRCLE('',#1221,1.19E-1);
#1293=CIRCLE('',#1292,1.19E-1);
#1308=CIRCLE('',#1307,1.19E-1);
#1348=EDGE_CURVE('',#1337,#1338,#1192,.T.);
#1350=EDGE_CURVE('',#1337,#1321,#1199,.T.);
#1352=EDGE_CURVE('',#1321,#1322,#1207,.T.);
#1354=EDGE_CURVE('',#1322,#1324,#1214,.T.);
#1356=EDGE_CURVE('',#1324,#1326,#1222,.T.);
#1358=EDGE_CURVE('',#1326,#1338,#1229,.T.);
#1362=ADVANCED_FACE('',(#1361),#1347,.F.);
#1369=EDGE_CURVE('',#1338,#1342,#1236,.T.);
#1371=EDGE_CURVE('',#1341,#1342,#1278,.T.);
#1373=EDGE_CURVE('',#1337,#1341,#1271,.T.);
#1377=ADVANCED_FACE('',(#1376),#1367,.F.);
#1392=EDGE_CURVE('',#1326,#1334,#1243,.T.);
#1394=EDGE_CURVE('',#1334,#1342,#1285,.T.);
#1398=ADVANCED_FACE('',(#1397),#1389,.T.);
#1405=EDGE_CURVE('',#1324,#1332,#1250,.T.);
#1407=EDGE_CURVE('',#1332,#1334,#1293,.T.);
#1412=ADVANCED_FACE('',(#1411),#1403,.T.);
#1419=EDGE_CURVE('',#1322,#1330,#1257,.T.);
#1421=EDGE_CURVE('',#1330,#1332,#1300,.T.);
#1426=ADVANCED_FACE('',(#1425),#1417,.T.);
#1433=EDGE_CURVE('',#1321,#1329,#1264,.T.);
#1435=EDGE_CURVE('',#1329,#1330,#1308,.T.);
#1440=ADVANCED_FACE('',(#1439),#1431,.T.);
#1447=EDGE_CURVE('',#1341,#1329,#1315,.T.);
#1453=ADVANCED_FACE('',(#1452),#1445,.T.);
#1467=ADVANCED_FACE('',(#1466),#1458,.T.);
#1495=CIRCLE('',#1494,1.19E-1);
#1510=CIRCLE('',#1509,1.19E-1);
#1581=CIRCLE('',#1580,1.19E-1);
#1596=CIRCLE('',#1595,1.19E-1);
#1636=EDGE_CURVE('',#1625,#1626,#1480,.T.);
#1638=EDGE_CURVE('',#1614,#1626,#1487,.T.);
#1640=EDGE_CURVE('',#1612,#1614,#1495,.T.);
#1642=EDGE_CURVE('',#1610,#1612,#1502,.T.);
#1644=EDGE_CURVE('',#1609,#1610,#1510,.T.);
#1646=EDGE_CURVE('',#1625,#1609,#1517,.T.);
#1650=ADVANCED_FACE('',(#1649),#1635,.T.);
#1657=EDGE_CURVE('',#1625,#1629,#1524,.T.);
#1659=EDGE_CURVE('',#1629,#1630,#1566,.T.);
#1661=EDGE_CURVE('',#1626,#1630,#1552,.T.);
#1665=ADVANCED_FACE('',(#1664),#1655,.F.);
#1680=EDGE_CURVE('',#1609,#1617,#1531,.T.);
#1682=EDGE_CURVE('',#1629,#1617,#1573,.T.);
#1686=ADVANCED_FACE('',(#1685),#1677,.F.);
#1693=EDGE_CURVE('',#1610,#1618,#1538,.T.);
#1695=EDGE_CURVE('',#1617,#1618,#1581,.T.);
#1700=ADVANCED_FACE('',(#1699),#1691,.T.);
#1707=EDGE_CURVE('',#1612,#1620,#1545,.T.);
#1709=EDGE_CURVE('',#1618,#1620,#1588,.T.);
#1714=ADVANCED_FACE('',(#1713),#1705,.F.);
#1721=EDGE_CURVE('',#1614,#1622,#1559,.T.);
#1723=EDGE_CURVE('',#1620,#1622,#1596,.T.);
#1728=ADVANCED_FACE('',(#1727),#1719,.T.);
#1735=EDGE_CURVE('',#1622,#1630,#1603,.T.);
#1741=ADVANCED_FACE('',(#1740),#1733,.F.);
#1755=ADVANCED_FACE('',(#1754),#1746,.F.);
#1783=CIRCLE('',#1782,1.19E-1);
#1798=CIRCLE('',#1797,1.19E-1);
#1869=CIRCLE('',#1868,1.19E-1);
#1884=CIRCLE('',#1883,1.19E-1);
#1924=EDGE_CURVE('',#1913,#1914,#1768,.T.);
#1926=EDGE_CURVE('',#1902,#1914,#1775,.T.);
#1928=EDGE_CURVE('',#1900,#1902,#1783,.T.);
#1930=EDGE_CURVE('',#1898,#1900,#1790,.T.);
#1932=EDGE_CURVE('',#1897,#1898,#1798,.T.);
#1934=EDGE_CURVE('',#1913,#1897,#1805,.T.);
#1938=ADVANCED_FACE('',(#1937),#1923,.T.);
#1945=EDGE_CURVE('',#1913,#1917,#1812,.T.);
#1947=EDGE_CURVE('',#1917,#1918,#1854,.T.);
#1949=EDGE_CURVE('',#1914,#1918,#1840,.T.);
#1953=ADVANCED_FACE('',(#1952),#1943,.F.);
#1968=EDGE_CURVE('',#1897,#1905,#1819,.T.);
#1970=EDGE_CURVE('',#1917,#1905,#1861,.T.);
#1974=ADVANCED_FACE('',(#1973),#1965,.F.);
#1981=EDGE_CURVE('',#1898,#1906,#1826,.T.);
#1983=EDGE_CURVE('',#1905,#1906,#1869,.T.);
#1988=ADVANCED_FACE('',(#1987),#1979,.T.);
#1995=EDGE_CURVE('',#1900,#1908,#1833,.T.);
#1997=EDGE_CURVE('',#1906,#1908,#1876,.T.);
#2002=ADVANCED_FACE('',(#2001),#1993,.F.);
#2009=EDGE_CURVE('',#1902,#1910,#1847,.T.);
#2011=EDGE_CURVE('',#1908,#1910,#1884,.T.);
#2016=ADVANCED_FACE('',(#2015),#2007,.T.);
#2023=EDGE_CURVE('',#1910,#1918,#1891,.T.);
#2029=ADVANCED_FACE('',(#2028),#2021,.F.);
#2043=ADVANCED_FACE('',(#2042),#2034,.F.);
#2071=CIRCLE('',#2070,1.19E-1);
#2086=CIRCLE('',#2085,1.19E-1);
#2157=CIRCLE('',#2156,1.19E-1);
#2172=CIRCLE('',#2171,1.19E-1);
#2212=EDGE_CURVE('',#2201,#2202,#2056,.T.);
#2214=EDGE_CURVE('',#2190,#2202,#2063,.T.);
#2216=EDGE_CURVE('',#2188,#2190,#2071,.T.);
#2218=EDGE_CURVE('',#2186,#2188,#2078,.T.);
#2220=EDGE_CURVE('',#2185,#2186,#2086,.T.);
#2222=EDGE_CURVE('',#2201,#2185,#2093,.T.);
#2226=ADVANCED_FACE('',(#2225),#2211,.T.);
#2233=EDGE_CURVE('',#2201,#2205,#2100,.T.);
#2235=EDGE_CURVE('',#2205,#2206,#2142,.T.);
#2237=EDGE_CURVE('',#2202,#2206,#2128,.T.);
#2241=ADVANCED_FACE('',(#2240),#2231,.F.);
#2256=EDGE_CURVE('',#2185,#2193,#2107,.T.);
#2258=EDGE_CURVE('',#2205,#2193,#2149,.T.);
#2262=ADVANCED_FACE('',(#2261),#2253,.F.);
#2269=EDGE_CURVE('',#2186,#2194,#2114,.T.);
#2271=EDGE_CURVE('',#2193,#2194,#2157,.T.);
#2276=ADVANCED_FACE('',(#2275),#2267,.T.);
#2283=EDGE_CURVE('',#2188,#2196,#2121,.T.);
#2285=EDGE_CURVE('',#2194,#2196,#2164,.T.);
#2290=ADVANCED_FACE('',(#2289),#2281,.F.);
#2297=EDGE_CURVE('',#2190,#2198,#2135,.T.);
#2299=EDGE_CURVE('',#2196,#2198,#2172,.T.);
#2304=ADVANCED_FACE('',(#2303),#2295,.T.);
#2311=EDGE_CURVE('',#2198,#2206,#2179,.T.);
#2317=ADVANCED_FACE('',(#2316),#2309,.F.);
#2331=ADVANCED_FACE('',(#2330),#2322,.F.);
#2359=CIRCLE('',#2358,1.19E-1);
#2374=CIRCLE('',#2373,1.19E-1);
#2445=CIRCLE('',#2444,1.19E-1);
#2460=CIRCLE('',#2459,1.19E-1);
#2500=EDGE_CURVE('',#2489,#2490,#2344,.T.);
#2502=EDGE_CURVE('',#2478,#2490,#2351,.T.);
#2504=EDGE_CURVE('',#2476,#2478,#2359,.T.);
#2506=EDGE_CURVE('',#2474,#2476,#2366,.T.);
#2508=EDGE_CURVE('',#2473,#2474,#2374,.T.);
#2510=EDGE_CURVE('',#2489,#2473,#2381,.T.);
#2514=ADVANCED_FACE('',(#2513),#2499,.T.);
#2521=EDGE_CURVE('',#2489,#2493,#2388,.T.);
#2523=EDGE_CURVE('',#2493,#2494,#2430,.T.);
#2525=EDGE_CURVE('',#2490,#2494,#2416,.T.);
#2529=ADVANCED_FACE('',(#2528),#2519,.F.);
#2544=EDGE_CURVE('',#2473,#2481,#2395,.T.);
#2546=EDGE_CURVE('',#2493,#2481,#2437,.T.);
#2550=ADVANCED_FACE('',(#2549),#2541,.F.);
#2557=EDGE_CURVE('',#2474,#2482,#2402,.T.);
#2559=EDGE_CURVE('',#2481,#2482,#2445,.T.);
#2564=ADVANCED_FACE('',(#2563),#2555,.T.);
#2571=EDGE_CURVE('',#2476,#2484,#2409,.T.);
#2573=EDGE_CURVE('',#2482,#2484,#2452,.T.);
#2578=ADVANCED_FACE('',(#2577),#2569,.F.);
#2585=EDGE_CURVE('',#2478,#2486,#2423,.T.);
#2587=EDGE_CURVE('',#2484,#2486,#2460,.T.);
#2592=ADVANCED_FACE('',(#2591),#2583,.T.);
#2599=EDGE_CURVE('',#2486,#2494,#2467,.T.);
#2605=ADVANCED_FACE('',(#2604),#2597,.F.);
#2619=ADVANCED_FACE('',(#2618),#2610,.F.);
#2647=CIRCLE('',#2646,1.19E-1);
#2662=CIRCLE('',#2661,1.19E-1);
#2733=CIRCLE('',#2732,1.19E-1);
#2748=CIRCLE('',#2747,1.19E-1);
#2788=EDGE_CURVE('',#2777,#2778,#2632,.T.);
#2790=EDGE_CURVE('',#2766,#2778,#2639,.T.);
#2792=EDGE_CURVE('',#2764,#2766,#2647,.T.);
#2794=EDGE_CURVE('',#2762,#2764,#2654,.T.);
#2796=EDGE_CURVE('',#2761,#2762,#2662,.T.);
#2798=EDGE_CURVE('',#2777,#2761,#2669,.T.);
#2802=ADVANCED_FACE('',(#2801),#2787,.T.);
#2809=EDGE_CURVE('',#2777,#2781,#2676,.T.);
#2811=EDGE_CURVE('',#2781,#2782,#2718,.T.);
#2813=EDGE_CURVE('',#2778,#2782,#2704,.T.);
#2817=ADVANCED_FACE('',(#2816),#2807,.F.);
#2832=EDGE_CURVE('',#2761,#2769,#2683,.T.);
#2834=EDGE_CURVE('',#2781,#2769,#2725,.T.);
#2838=ADVANCED_FACE('',(#2837),#2829,.F.);
#2845=EDGE_CURVE('',#2762,#2770,#2690,.T.);
#2847=EDGE_CURVE('',#2769,#2770,#2733,.T.);
#2852=ADVANCED_FACE('',(#2851),#2843,.T.);
#2859=EDGE_CURVE('',#2764,#2772,#2697,.T.);
#2861=EDGE_CURVE('',#2770,#2772,#2740,.T.);
#2866=ADVANCED_FACE('',(#2865),#2857,.F.);
#2873=EDGE_CURVE('',#2766,#2774,#2711,.T.);
#2875=EDGE_CURVE('',#2772,#2774,#2748,.T.);
#2880=ADVANCED_FACE('',(#2879),#2871,.T.);
#2887=EDGE_CURVE('',#2774,#2782,#2755,.T.);
#2893=ADVANCED_FACE('',(#2892),#2885,.F.);
#2907=ADVANCED_FACE('',(#2906),#2898,.F.);
#2935=CIRCLE('',#2934,1.19E-1);
#2950=CIRCLE('',#2949,1.19E-1);
#3021=CIRCLE('',#3020,1.19E-1);
#3036=CIRCLE('',#3035,1.19E-1);
#3076=EDGE_CURVE('',#3065,#3066,#2920,.T.);
#3078=EDGE_CURVE('',#3065,#3049,#2927,.T.);
#3080=EDGE_CURVE('',#3049,#3050,#2935,.T.);
#3082=EDGE_CURVE('',#3050,#3052,#2942,.T.);
#3084=EDGE_CURVE('',#3052,#3054,#2950,.T.);
#3086=EDGE_CURVE('',#3054,#3066,#2957,.T.);
#3090=ADVANCED_FACE('',(#3089),#3075,.F.);
#3097=EDGE_CURVE('',#3066,#3070,#2964,.T.);
#3099=EDGE_CURVE('',#3068,#3070,#3006,.T.);
#3101=EDGE_CURVE('',#3065,#3068,#2999,.T.);
#3105=ADVANCED_FACE('',(#3104),#3095,.F.);
#3120=EDGE_CURVE('',#3054,#3062,#2971,.T.);
#3122=EDGE_CURVE('',#3062,#3070,#3013,.T.);
#3126=ADVANCED_FACE('',(#3125),#3117,.T.);
#3133=EDGE_CURVE('',#3052,#3060,#2978,.T.);
#3135=EDGE_CURVE('',#3060,#3062,#3021,.T.);
#3140=ADVANCED_FACE('',(#3139),#3131,.T.);
#3147=EDGE_CURVE('',#3050,#3058,#2985,.T.);
#3149=EDGE_CURVE('',#3058,#3060,#3028,.T.);
#3154=ADVANCED_FACE('',(#3153),#3145,.T.);
#3161=EDGE_CURVE('',#3049,#3057,#2992,.T.);
#3163=EDGE_CURVE('',#3057,#3058,#3036,.T.);
#3168=ADVANCED_FACE('',(#3167),#3159,.T.);
#3175=EDGE_CURVE('',#3068,#3057,#3043,.T.);
#3181=ADVANCED_FACE('',(#3180),#3173,.T.);
#3195=ADVANCED_FACE('',(#3194),#3186,.T.);
#3223=CIRCLE('',#3222,1.19E-1);
#3238=CIRCLE('',#3237,1.19E-1);
#3309=CIRCLE('',#3308,1.19E-1);
#3324=CIRCLE('',#3323,1.19E-1);
#3364=EDGE_CURVE('',#3353,#3354,#3208,.T.);
#3366=EDGE_CURVE('',#3353,#3337,#3215,.T.);
#3368=EDGE_CURVE('',#3337,#3338,#3223,.T.);
#3370=EDGE_CURVE('',#3338,#3340,#3230,.T.);
#3372=EDGE_CURVE('',#3340,#3342,#3238,.T.);
#3374=EDGE_CURVE('',#3342,#3354,#3245,.T.);
#3378=ADVANCED_FACE('',(#3377),#3363,.F.);
#3385=EDGE_CURVE('',#3354,#3358,#3252,.T.);
#3387=EDGE_CURVE('',#3356,#3358,#3294,.T.);
#3389=EDGE_CURVE('',#3353,#3356,#3287,.T.);
#3393=ADVANCED_FACE('',(#3392),#3383,.F.);
#3408=EDGE_CURVE('',#3342,#3350,#3259,.T.);
#3410=EDGE_CURVE('',#3350,#3358,#3301,.T.);
#3414=ADVANCED_FACE('',(#3413),#3405,.T.);
#3421=EDGE_CURVE('',#3340,#3348,#3266,.T.);
#3423=EDGE_CURVE('',#3348,#3350,#3309,.T.);
#3428=ADVANCED_FACE('',(#3427),#3419,.T.);
#3435=EDGE_CURVE('',#3338,#3346,#3273,.T.);
#3437=EDGE_CURVE('',#3346,#3348,#3316,.T.);
#3442=ADVANCED_FACE('',(#3441),#3433,.T.);
#3449=EDGE_CURVE('',#3337,#3345,#3280,.T.);
#3451=EDGE_CURVE('',#3345,#3346,#3324,.T.);
#3456=ADVANCED_FACE('',(#3455),#3447,.T.);
#3463=EDGE_CURVE('',#3356,#3345,#3331,.T.);
#3469=ADVANCED_FACE('',(#3468),#3461,.T.);
#3483=ADVANCED_FACE('',(#3482),#3474,.T.);
#3511=CIRCLE('',#3510,1.19E-1);
#3526=CIRCLE('',#3525,1.19E-1);
#3597=CIRCLE('',#3596,1.19E-1);
#3612=CIRCLE('',#3611,1.19E-1);
#3652=EDGE_CURVE('',#3641,#3642,#3496,.T.);
#3654=EDGE_CURVE('',#3641,#3625,#3503,.T.);
#3656=EDGE_CURVE('',#3625,#3626,#3511,.T.);
#3658=EDGE_CURVE('',#3626,#3628,#3518,.T.);
#3660=EDGE_CURVE('',#3628,#3630,#3526,.T.);
#3662=EDGE_CURVE('',#3630,#3642,#3533,.T.);
#3666=ADVANCED_FACE('',(#3665),#3651,.F.);
#3673=EDGE_CURVE('',#3642,#3646,#3540,.T.);
#3675=EDGE_CURVE('',#3644,#3646,#3582,.T.);
#3677=EDGE_CURVE('',#3641,#3644,#3575,.T.);
#3681=ADVANCED_FACE('',(#3680),#3671,.F.);
#3696=EDGE_CURVE('',#3630,#3638,#3547,.T.);
#3698=EDGE_CURVE('',#3638,#3646,#3589,.T.);
#3702=ADVANCED_FACE('',(#3701),#3693,.T.);
#3709=EDGE_CURVE('',#3628,#3636,#3554,.T.);
#3711=EDGE_CURVE('',#3636,#3638,#3597,.T.);
#3716=ADVANCED_FACE('',(#3715),#3707,.T.);
#3723=EDGE_CURVE('',#3626,#3634,#3561,.T.);
#3725=EDGE_CURVE('',#3634,#3636,#3604,.T.);
#3730=ADVANCED_FACE('',(#3729),#3721,.T.);
#3737=EDGE_CURVE('',#3625,#3633,#3568,.T.);
#3739=EDGE_CURVE('',#3633,#3634,#3612,.T.);
#3744=ADVANCED_FACE('',(#3743),#3735,.T.);
#3751=EDGE_CURVE('',#3644,#3633,#3619,.T.);
#3757=ADVANCED_FACE('',(#3756),#3749,.T.);
#3771=ADVANCED_FACE('',(#3770),#3762,.T.);
#3799=CIRCLE('',#3798,1.19E-1);
#3814=CIRCLE('',#3813,1.19E-1);
#3885=CIRCLE('',#3884,1.19E-1);
#3900=CIRCLE('',#3899,1.19E-1);
#3940=EDGE_CURVE('',#3929,#3930,#3784,.T.);
#3942=EDGE_CURVE('',#3929,#3913,#3791,.T.);
#3944=EDGE_CURVE('',#3913,#3914,#3799,.T.);
#3946=EDGE_CURVE('',#3914,#3916,#3806,.T.);
#3948=EDGE_CURVE('',#3916,#3918,#3814,.T.);
#3950=EDGE_CURVE('',#3918,#3930,#3821,.T.);
#3954=ADVANCED_FACE('',(#3953),#3939,.F.);
#3961=EDGE_CURVE('',#3930,#3934,#3828,.T.);
#3963=EDGE_CURVE('',#3932,#3934,#3870,.T.);
#3965=EDGE_CURVE('',#3929,#3932,#3863,.T.);
#3969=ADVANCED_FACE('',(#3968),#3959,.F.);
#3984=EDGE_CURVE('',#3918,#3926,#3835,.T.);
#3986=EDGE_CURVE('',#3926,#3934,#3877,.T.);
#3990=ADVANCED_FACE('',(#3989),#3981,.T.);
#3997=EDGE_CURVE('',#3916,#3924,#3842,.T.);
#3999=EDGE_CURVE('',#3924,#3926,#3885,.T.);
#4004=ADVANCED_FACE('',(#4003),#3995,.T.);
#4011=EDGE_CURVE('',#3914,#3922,#3849,.T.);
#4013=EDGE_CURVE('',#3922,#3924,#3892,.T.);
#4018=ADVANCED_FACE('',(#4017),#4009,.T.);
#4025=EDGE_CURVE('',#3913,#3921,#3856,.T.);
#4027=EDGE_CURVE('',#3921,#3922,#3900,.T.);
#4032=ADVANCED_FACE('',(#4031),#4023,.T.);
#4039=EDGE_CURVE('',#3932,#3921,#3907,.T.);
#4045=ADVANCED_FACE('',(#4044),#4037,.T.);
#4059=ADVANCED_FACE('',(#4058),#4050,.T.);
#4087=CIRCLE('',#4086,1.19E-1);
#4102=CIRCLE('',#4101,1.19E-1);
#4173=CIRCLE('',#4172,1.19E-1);
#4188=CIRCLE('',#4187,1.19E-1);
#4228=EDGE_CURVE('',#4217,#4218,#4072,.T.);
#4230=EDGE_CURVE('',#4206,#4218,#4079,.T.);
#4232=EDGE_CURVE('',#4204,#4206,#4087,.T.);
#4234=EDGE_CURVE('',#4202,#4204,#4094,.T.);
#4236=EDGE_CURVE('',#4201,#4202,#4102,.T.);
#4238=EDGE_CURVE('',#4217,#4201,#4109,.T.);
#4242=ADVANCED_FACE('',(#4241),#4227,.T.);
#4249=EDGE_CURVE('',#4217,#4220,#4116,.T.);
#4251=EDGE_CURVE('',#4220,#4222,#4158,.T.);
#4253=EDGE_CURVE('',#4218,#4222,#4144,.T.);
#4257=ADVANCED_FACE('',(#4256),#4247,.F.);
#4272=EDGE_CURVE('',#4201,#4209,#4123,.T.);
#4274=EDGE_CURVE('',#4220,#4209,#4165,.T.);
#4278=ADVANCED_FACE('',(#4277),#4269,.F.);
#4285=EDGE_CURVE('',#4202,#4210,#4130,.T.);
#4287=EDGE_CURVE('',#4209,#4210,#4173,.T.);
#4292=ADVANCED_FACE('',(#4291),#4283,.T.);
#4299=EDGE_CURVE('',#4204,#4212,#4137,.T.);
#4301=EDGE_CURVE('',#4210,#4212,#4180,.T.);
#4306=ADVANCED_FACE('',(#4305),#4297,.F.);
#4313=EDGE_CURVE('',#4206,#4214,#4151,.T.);
#4315=EDGE_CURVE('',#4212,#4214,#4188,.T.);
#4320=ADVANCED_FACE('',(#4319),#4311,.T.);
#4327=EDGE_CURVE('',#4214,#4222,#4195,.T.);
#4333=ADVANCED_FACE('',(#4332),#4325,.F.);
#4347=ADVANCED_FACE('',(#4346),#4338,.F.);
#4375=CIRCLE('',#4374,1.19E-1);
#4390=CIRCLE('',#4389,1.19E-1);
#4461=CIRCLE('',#4460,1.19E-1);
#4476=CIRCLE('',#4475,1.19E-1);
#4516=EDGE_CURVE('',#4505,#4506,#4360,.T.);
#4518=EDGE_CURVE('',#4494,#4506,#4367,.T.);
#4520=EDGE_CURVE('',#4492,#4494,#4375,.T.);
#4522=EDGE_CURVE('',#4490,#4492,#4382,.T.);
#4524=EDGE_CURVE('',#4489,#4490,#4390,.T.);
#4526=EDGE_CURVE('',#4505,#4489,#4397,.T.);
#4530=ADVANCED_FACE('',(#4529),#4515,.T.);
#4537=EDGE_CURVE('',#4505,#4508,#4404,.T.);
#4539=EDGE_CURVE('',#4508,#4510,#4446,.T.);
#4541=EDGE_CURVE('',#4506,#4510,#4432,.T.);
#4545=ADVANCED_FACE('',(#4544),#4535,.F.);
#4560=EDGE_CURVE('',#4489,#4497,#4411,.T.);
#4562=EDGE_CURVE('',#4508,#4497,#4453,.T.);
#4566=ADVANCED_FACE('',(#4565),#4557,.F.);
#4573=EDGE_CURVE('',#4490,#4498,#4418,.T.);
#4575=EDGE_CURVE('',#4497,#4498,#4461,.T.);
#4580=ADVANCED_FACE('',(#4579),#4571,.T.);
#4587=EDGE_CURVE('',#4492,#4500,#4425,.T.);
#4589=EDGE_CURVE('',#4498,#4500,#4468,.T.);
#4594=ADVANCED_FACE('',(#4593),#4585,.F.);
#4601=EDGE_CURVE('',#4494,#4502,#4439,.T.);
#4603=EDGE_CURVE('',#4500,#4502,#4476,.T.);
#4608=ADVANCED_FACE('',(#4607),#4599,.T.);
#4615=EDGE_CURVE('',#4502,#4510,#4483,.T.);
#4621=ADVANCED_FACE('',(#4620),#4613,.F.);
#4635=ADVANCED_FACE('',(#4634),#4626,.F.);
#4663=CIRCLE('',#4662,1.19E-1);
#4678=CIRCLE('',#4677,1.19E-1);
#4749=CIRCLE('',#4748,1.19E-1);
#4764=CIRCLE('',#4763,1.19E-1);
#4804=EDGE_CURVE('',#4793,#4794,#4648,.T.);
#4806=EDGE_CURVE('',#4782,#4794,#4655,.T.);
#4808=EDGE_CURVE('',#4780,#4782,#4663,.T.);
#4810=EDGE_CURVE('',#4778,#4780,#4670,.T.);
#4812=EDGE_CURVE('',#4777,#4778,#4678,.T.);
#4814=EDGE_CURVE('',#4793,#4777,#4685,.T.);
#4818=ADVANCED_FACE('',(#4817),#4803,.T.);
#4825=EDGE_CURVE('',#4793,#4796,#4692,.T.);
#4827=EDGE_CURVE('',#4796,#4798,#4734,.T.);
#4829=EDGE_CURVE('',#4794,#4798,#4720,.T.);
#4833=ADVANCED_FACE('',(#4832),#4823,.F.);
#4848=EDGE_CURVE('',#4777,#4785,#4699,.T.);
#4850=EDGE_CURVE('',#4796,#4785,#4741,.T.);
#4854=ADVANCED_FACE('',(#4853),#4845,.F.);
#4861=EDGE_CURVE('',#4778,#4786,#4706,.T.);
#4863=EDGE_CURVE('',#4785,#4786,#4749,.T.);
#4868=ADVANCED_FACE('',(#4867),#4859,.T.);
#4875=EDGE_CURVE('',#4780,#4788,#4713,.T.);
#4877=EDGE_CURVE('',#4786,#4788,#4756,.T.);
#4882=ADVANCED_FACE('',(#4881),#4873,.F.);
#4889=EDGE_CURVE('',#4782,#4790,#4727,.T.);
#4891=EDGE_CURVE('',#4788,#4790,#4764,.T.);
#4896=ADVANCED_FACE('',(#4895),#4887,.T.);
#4903=EDGE_CURVE('',#4790,#4798,#4771,.T.);
#4909=ADVANCED_FACE('',(#4908),#4901,.F.);
#4923=ADVANCED_FACE('',(#4922),#4914,.F.);
#4951=CIRCLE('',#4950,1.19E-1);
#4966=CIRCLE('',#4965,1.19E-1);
#5037=CIRCLE('',#5036,1.19E-1);
#5052=CIRCLE('',#5051,1.19E-1);
#5092=EDGE_CURVE('',#5081,#5082,#4936,.T.);
#5094=EDGE_CURVE('',#5070,#5082,#4943,.T.);
#5096=EDGE_CURVE('',#5068,#5070,#4951,.T.);
#5098=EDGE_CURVE('',#5066,#5068,#4958,.T.);
#5100=EDGE_CURVE('',#5065,#5066,#4966,.T.);
#5102=EDGE_CURVE('',#5081,#5065,#4973,.T.);
#5106=ADVANCED_FACE('',(#5105),#5091,.T.);
#5113=EDGE_CURVE('',#5081,#5084,#4980,.T.);
#5115=EDGE_CURVE('',#5084,#5086,#5022,.T.);
#5117=EDGE_CURVE('',#5082,#5086,#5008,.T.);
#5121=ADVANCED_FACE('',(#5120),#5111,.F.);
#5136=EDGE_CURVE('',#5065,#5073,#4987,.T.);
#5138=EDGE_CURVE('',#5084,#5073,#5029,.T.);
#5142=ADVANCED_FACE('',(#5141),#5133,.F.);
#5149=EDGE_CURVE('',#5066,#5074,#4994,.T.);
#5151=EDGE_CURVE('',#5073,#5074,#5037,.T.);
#5156=ADVANCED_FACE('',(#5155),#5147,.T.);
#5163=EDGE_CURVE('',#5068,#5076,#5001,.T.);
#5165=EDGE_CURVE('',#5074,#5076,#5044,.T.);
#5170=ADVANCED_FACE('',(#5169),#5161,.F.);
#5177=EDGE_CURVE('',#5070,#5078,#5015,.T.);
#5179=EDGE_CURVE('',#5076,#5078,#5052,.T.);
#5184=ADVANCED_FACE('',(#5183),#5175,.T.);
#5191=EDGE_CURVE('',#5078,#5086,#5059,.T.);
#5197=ADVANCED_FACE('',(#5196),#5189,.F.);
#5211=ADVANCED_FACE('',(#5210),#5202,.F.);
#5351=EDGE_CURVE('',#5340,#5341,#5224,.T.);
#5353=EDGE_CURVE('',#5340,#5328,#5231,.T.);
#5355=EDGE_CURVE('',#5328,#5329,#5238,.T.);
#5357=EDGE_CURVE('',#5329,#5331,#5245,.T.);
#5359=EDGE_CURVE('',#5331,#5341,#5252,.T.);
#5363=ADVANCED_FACE('',(#5362),#5350,.F.);
#5370=EDGE_CURVE('',#5343,#5341,#5259,.T.);
#5372=EDGE_CURVE('',#5343,#5345,#5294,.T.);
#5374=EDGE_CURVE('',#5345,#5340,#5287,.T.);
#5378=ADVANCED_FACE('',(#5377),#5368,.T.);
#5386=EDGE_CURVE('',#5331,#5337,#5266,.T.);
#5388=EDGE_CURVE('',#5337,#5343,#5301,.T.);
#5392=ADVANCED_FACE('',(#5391),#5383,.T.);
#5399=EDGE_CURVE('',#5329,#5335,#5273,.T.);
#5401=EDGE_CURVE('',#5335,#5337,#5308,.T.);
#5406=ADVANCED_FACE('',(#5405),#5397,.T.);
#5413=EDGE_CURVE('',#5328,#5334,#5280,.T.);
#5415=EDGE_CURVE('',#5334,#5335,#5315,.T.);
#5420=ADVANCED_FACE('',(#5419),#5411,.T.);
#5427=EDGE_CURVE('',#5345,#5334,#5322,.T.);
#5433=ADVANCED_FACE('',(#5432),#5425,.T.);
#5446=ADVANCED_FACE('',(#5445),#5438,.T.);
#5611=EDGE_CURVE('',#5592,#5593,#5459,.T.);
#5613=EDGE_CURVE('',#5592,#5584,#5466,.T.);
#5615=EDGE_CURVE('',#5584,#5597,#5473,.T.);
#5617=EDGE_CURVE('',#5596,#5597,#5480,.T.);
#5619=EDGE_CURVE('',#5596,#5588,#5487,.T.);
#5621=EDGE_CURVE('',#5588,#5593,#5494,.T.);
#5625=ADVANCED_FACE('',(#5624),#5610,.F.);
#5632=EDGE_CURVE('',#5593,#5601,#5501,.T.);
#5634=EDGE_CURVE('',#5600,#5601,#5543,.T.);
#5636=EDGE_CURVE('',#5592,#5600,#5536,.T.);
#5640=ADVANCED_FACE('',(#5639),#5630,.F.);
#5655=EDGE_CURVE('',#5588,#5589,#5508,.T.);
#5657=EDGE_CURVE('',#5589,#5601,#5550,.T.);
#5661=ADVANCED_FACE('',(#5660),#5652,.T.);
#5667=EDGE_CURVE('',#5596,#5604,#5515,.T.);
#5669=EDGE_CURVE('',#5604,#5589,#5557,.T.);
#5675=ADVANCED_FACE('',(#5674),#5666,.T.);
#5682=EDGE_CURVE('',#5597,#5605,#5522,.T.);
#5684=EDGE_CURVE('',#5604,#5605,#5564,.T.);
#5689=ADVANCED_FACE('',(#5688),#5680,.F.);
#5704=EDGE_CURVE('',#5584,#5585,#5529,.T.);
#5706=EDGE_CURVE('',#5585,#5605,#5571,.T.);
#5710=ADVANCED_FACE('',(#5709),#5701,.T.);
#5717=EDGE_CURVE('',#5600,#5585,#5578,.T.);
#5723=ADVANCED_FACE('',(#5722),#5715,.T.);
#5737=ADVANCED_FACE('',(#5736),#5728,.T.);
#5902=EDGE_CURVE('',#5883,#5884,#5750,.T.);
#5904=EDGE_CURVE('',#5883,#5875,#5757,.T.);
#5906=EDGE_CURVE('',#5875,#5888,#5764,.T.);
#5908=EDGE_CURVE('',#5887,#5888,#5771,.T.);
#5910=EDGE_CURVE('',#5887,#5879,#5778,.T.);
#5912=EDGE_CURVE('',#5879,#5884,#5785,.T.);
#5916=ADVANCED_FACE('',(#5915),#5901,.F.);
#5923=EDGE_CURVE('',#5884,#5892,#5792,.T.);
#5925=EDGE_CURVE('',#5891,#5892,#5834,.T.);
#5927=EDGE_CURVE('',#5883,#5891,#5827,.T.);
#5931=ADVANCED_FACE('',(#5930),#5921,.F.);
#5946=EDGE_CURVE('',#5879,#5880,#5799,.T.);
#5948=EDGE_CURVE('',#5880,#5892,#5841,.T.);
#5952=ADVANCED_FACE('',(#5951),#5943,.T.);
#5958=EDGE_CURVE('',#5887,#5895,#5806,.T.);
#5960=EDGE_CURVE('',#5895,#5880,#5848,.T.);
#5966=ADVANCED_FACE('',(#5965),#5957,.T.);
#5973=EDGE_CURVE('',#5888,#5896,#5813,.T.);
#5975=EDGE_CURVE('',#5895,#5896,#5855,.T.);
#5980=ADVANCED_FACE('',(#5979),#5971,.F.);
#5995=EDGE_CURVE('',#5875,#5876,#5820,.T.);
#5997=EDGE_CURVE('',#5876,#5896,#5862,.T.);
#6001=ADVANCED_FACE('',(#6000),#5992,.T.);
#6008=EDGE_CURVE('',#5891,#5876,#5869,.T.);
#6014=ADVANCED_FACE('',(#6013),#6006,.T.);
#6028=ADVANCED_FACE('',(#6027),#6019,.T.);
#6193=EDGE_CURVE('',#6174,#6175,#6041,.T.);
#6195=EDGE_CURVE('',#6174,#6166,#6048,.T.);
#6197=EDGE_CURVE('',#6166,#6179,#6055,.T.);
#6199=EDGE_CURVE('',#6178,#6179,#6062,.T.);
#6201=EDGE_CURVE('',#6178,#6170,#6069,.T.);
#6203=EDGE_CURVE('',#6170,#6175,#6076,.T.);
#6207=ADVANCED_FACE('',(#6206),#6192,.F.);
#6214=EDGE_CURVE('',#6175,#6183,#6083,.T.);
#6216=EDGE_CURVE('',#6182,#6183,#6125,.T.);
#6218=EDGE_CURVE('',#6174,#6182,#6118,.T.);
#6222=ADVANCED_FACE('',(#6221),#6212,.F.);
#6237=EDGE_CURVE('',#6170,#6171,#6090,.T.);
#6239=EDGE_CURVE('',#6171,#6183,#6132,.T.);
#6243=ADVANCED_FACE('',(#6242),#6234,.T.);
#6249=EDGE_CURVE('',#6178,#6186,#6097,.T.);
#6251=EDGE_CURVE('',#6186,#6171,#6139,.T.);
#6257=ADVANCED_FACE('',(#6256),#6248,.T.);
#6264=EDGE_CURVE('',#6179,#6187,#6104,.T.);
#6266=EDGE_CURVE('',#6186,#6187,#6146,.T.);
#6271=ADVANCED_FACE('',(#6270),#6262,.F.);
#6286=EDGE_CURVE('',#6166,#6167,#6111,.T.);
#6288=EDGE_CURVE('',#6167,#6187,#6153,.T.);
#6292=ADVANCED_FACE('',(#6291),#6283,.T.);
#6299=EDGE_CURVE('',#6182,#6167,#6160,.T.);
#6305=ADVANCED_FACE('',(#6304),#6297,.T.);
#6319=ADVANCED_FACE('',(#6318),#6310,.T.);
#6484=EDGE_CURVE('',#6465,#6466,#6332,.T.);
#6486=EDGE_CURVE('',#6465,#6461,#6339,.T.);
#6488=EDGE_CURVE('',#6461,#6470,#6346,.T.);
#6490=EDGE_CURVE('',#6469,#6470,#6353,.T.);
#6492=EDGE_CURVE('',#6469,#6457,#6360,.T.);
#6494=EDGE_CURVE('',#6457,#6466,#6367,.T.);
#6498=ADVANCED_FACE('',(#6497),#6483,.F.);
#6505=EDGE_CURVE('',#6466,#6474,#6374,.T.);
#6507=EDGE_CURVE('',#6473,#6474,#6416,.T.);
#6509=EDGE_CURVE('',#6465,#6473,#6409,.T.);
#6513=ADVANCED_FACE('',(#6512),#6503,.F.);
#6528=EDGE_CURVE('',#6457,#6458,#6381,.T.);
#6530=EDGE_CURVE('',#6458,#6474,#6423,.T.);
#6534=ADVANCED_FACE('',(#6533),#6525,.T.);
#6540=EDGE_CURVE('',#6469,#6477,#6388,.T.);
#6542=EDGE_CURVE('',#6477,#6458,#6430,.T.);
#6548=ADVANCED_FACE('',(#6547),#6539,.T.);
#6555=EDGE_CURVE('',#6470,#6478,#6395,.T.);
#6557=EDGE_CURVE('',#6477,#6478,#6437,.T.);
#6562=ADVANCED_FACE('',(#6561),#6553,.F.);
#6577=EDGE_CURVE('',#6461,#6462,#6402,.T.);
#6579=EDGE_CURVE('',#6462,#6478,#6444,.T.);
#6583=ADVANCED_FACE('',(#6582),#6574,.T.);
#6590=EDGE_CURVE('',#6473,#6462,#6451,.T.);
#6596=ADVANCED_FACE('',(#6595),#6588,.T.);
#6610=ADVANCED_FACE('',(#6609),#6601,.T.);
#6638=CIRCLE('',#6637,1.19E-1);
#6653=CIRCLE('',#6652,1.19E-1);
#6724=CIRCLE('',#6723,1.19E-1);
#6739=CIRCLE('',#6738,1.19E-1);
#6779=EDGE_CURVE('',#6768,#6769,#6623,.T.);
#6781=EDGE_CURVE('',#6768,#6752,#6630,.T.);
#6783=EDGE_CURVE('',#6752,#6753,#6638,.T.);
#6785=EDGE_CURVE('',#6753,#6755,#6645,.T.);
#6787=EDGE_CURVE('',#6755,#6757,#6653,.T.);
#6789=EDGE_CURVE('',#6757,#6769,#6660,.T.);
#6793=ADVANCED_FACE('',(#6792),#6778,.F.);
#6800=EDGE_CURVE('',#6769,#6773,#6667,.T.);
#6802=EDGE_CURVE('',#6771,#6773,#6709,.T.);
#6804=EDGE_CURVE('',#6768,#6771,#6702,.T.);
#6808=ADVANCED_FACE('',(#6807),#6798,.F.);
#6823=EDGE_CURVE('',#6757,#6765,#6674,.T.);
#6825=EDGE_CURVE('',#6765,#6773,#6716,.T.);
#6829=ADVANCED_FACE('',(#6828),#6820,.T.);
#6836=EDGE_CURVE('',#6755,#6763,#6681,.T.);
#6838=EDGE_CURVE('',#6763,#6765,#6724,.T.);
#6843=ADVANCED_FACE('',(#6842),#6834,.T.);
#6850=EDGE_CURVE('',#6753,#6761,#6688,.T.);
#6852=EDGE_CURVE('',#6761,#6763,#6731,.T.);
#6857=ADVANCED_FACE('',(#6856),#6848,.T.);
#6864=EDGE_CURVE('',#6752,#6760,#6695,.T.);
#6866=EDGE_CURVE('',#6760,#6761,#6739,.T.);
#6871=ADVANCED_FACE('',(#6870),#6862,.T.);
#6878=EDGE_CURVE('',#6771,#6760,#6746,.T.);
#6884=ADVANCED_FACE('',(#6883),#6876,.T.);
#6898=ADVANCED_FACE('',(#6897),#6889,.T.);
#6926=CIRCLE('',#6925,1.19E-1);
#6941=CIRCLE('',#6940,1.19E-1);
#7012=CIRCLE('',#7011,1.19E-1);
#7027=CIRCLE('',#7026,1.19E-1);
#7067=EDGE_CURVE('',#7056,#7057,#6911,.T.);
#7069=EDGE_CURVE('',#7045,#7057,#6918,.T.);
#7071=EDGE_CURVE('',#7043,#7045,#6926,.T.);
#7073=EDGE_CURVE('',#7041,#7043,#6933,.T.);
#7075=EDGE_CURVE('',#7040,#7041,#6941,.T.);
#7077=EDGE_CURVE('',#7056,#7040,#6948,.T.);
#7081=ADVANCED_FACE('',(#7080),#7066,.T.);
#7088=EDGE_CURVE('',#7056,#7059,#6955,.T.);
#7090=EDGE_CURVE('',#7059,#7061,#6997,.T.);
#7092=EDGE_CURVE('',#7057,#7061,#6983,.T.);
#7096=ADVANCED_FACE('',(#7095),#7086,.F.);
#7111=EDGE_CURVE('',#7040,#7048,#6962,.T.);
#7113=EDGE_CURVE('',#7059,#7048,#7004,.T.);
#7117=ADVANCED_FACE('',(#7116),#7108,.F.);
#7124=EDGE_CURVE('',#7041,#7049,#6969,.T.);
#7126=EDGE_CURVE('',#7048,#7049,#7012,.T.);
#7131=ADVANCED_FACE('',(#7130),#7122,.T.);
#7138=EDGE_CURVE('',#7043,#7051,#6976,.T.);
#7140=EDGE_CURVE('',#7049,#7051,#7019,.T.);
#7145=ADVANCED_FACE('',(#7144),#7136,.F.);
#7152=EDGE_CURVE('',#7045,#7053,#6990,.T.);
#7154=EDGE_CURVE('',#7051,#7053,#7027,.T.);
#7159=ADVANCED_FACE('',(#7158),#7150,.T.);
#7166=EDGE_CURVE('',#7053,#7061,#7034,.T.);
#7172=ADVANCED_FACE('',(#7171),#7164,.F.);
#7186=ADVANCED_FACE('',(#7185),#7177,.F.);
#7195=(LENGTH_UNIT()NAMED_UNIT(*)SI_UNIT(.MILLI.,.METRE.));
#7196=(NAMED_UNIT(*)PLANE_ANGLE_UNIT()SI_UNIT($,.RADIAN.));
#7199=(NAMED_UNIT(*)SI_UNIT($,.STERADIAN.)SOLID_ANGLE_UNIT());
#7201=(GEOMETRIC_REPRESENTATION_CONTEXT(3)GLOBAL_UNCERTAINTY_ASSIGNED_CONTEXT((
#7200))GLOBAL_UNIT_ASSIGNED_CONTEXT((#7195,#7198,#7199))REPRESENTATION_CONTEXT(
'ID1','3'));
#7205=AXIS2_PLACEMENT_3D('',#7202,#7203,#7204);
#7206=ADVANCED_BREP_SHAPE_REPRESENTATION('',(#7205,#317,#605,#893,#1181,#1469,
#1757,#2045,#2333,#2621,#2909,#3197,#3485,#3773,#4061,#4349,#4637,#4925,#5213,
#5448,#5739,#6030,#6321,#6612,#6900,#7188),#7201);
#7213=PRODUCT_DEFINITION('part definition','',#7212,#7209);
#7214=PRODUCT_DEFINITION_SHAPE('','SHAPE FOR FRAME.',#7213);
#7215=SHAPE_ASPECT('','solid data associated with FRAME',#7214,.F.);
#7216=PROPERTY_DEFINITION('',
'shape for solid data with which properties are associated',#7215);
#7217=SHAPE_REPRESENTATION('',(#7188),#7201);
#7218=SHAPE_DEFINITION_REPRESENTATION(#7216,#7217);
#7219=(LENGTH_UNIT()NAMED_UNIT(*)SI_UNIT(.MILLI.,.METRE.));
#7223=PROPERTY_DEFINITION('geometric validation property','area of FRAME',
#7215);
#7224=REPRESENTATION('surface area',(#7222),#7201);
#7225=PROPERTY_DEFINITION_REPRESENTATION(#7223,#7224);
#7226=(LENGTH_UNIT()NAMED_UNIT(*)SI_UNIT(.MILLI.,.METRE.));
#7230=PROPERTY_DEFINITION('geometric validation property','volume of FRAME',
#7215);
#7231=REPRESENTATION('volume',(#7229),#7201);
#7232=PROPERTY_DEFINITION_REPRESENTATION(#7230,#7231);
#7234=PROPERTY_DEFINITION('geometric validation property','centroid of FRAME',
#7215);
#7235=REPRESENTATION('centroid',(#7233),#7201);
#7236=PROPERTY_DEFINITION_REPRESENTATION(#7234,#7235);
#7237=(LENGTH_UNIT()NAMED_UNIT(*)SI_UNIT(.MILLI.,.METRE.));
#7241=PROPERTY_DEFINITION('geometric validation property','area of FRAME',
#7214);
#7242=REPRESENTATION('surface area',(#7240),#7201);
#7243=PROPERTY_DEFINITION_REPRESENTATION(#7241,#7242);
#7244=(LENGTH_UNIT()NAMED_UNIT(*)SI_UNIT(.MILLI.,.METRE.));
#7248=PROPERTY_DEFINITION('geometric validation property','volume of FRAME',
#7214);
#7249=REPRESENTATION('volume',(#7247),#7201);
#7250=PROPERTY_DEFINITION_REPRESENTATION(#7248,#7249);
#7252=PROPERTY_DEFINITION('geometric validation property','centroid of FRAME',
#7214);
#7253=REPRESENTATION('centroid',(#7251),#7201);
#7254=PROPERTY_DEFINITION_REPRESENTATION(#7252,#7253);
#7255=SHAPE_DEFINITION_REPRESENTATION(#7214,#7206);
#7256=SHAPE_DEFINITION_REPRESENTATION(#7257,#7258);
#7257=PRODUCT_DEFINITION_SHAPE('','SHAPE FOR RTJ0020G_ASM.',#13951);
#7258=SHAPE_REPRESENTATION('',(#7268,#13904,#13932,#13946),#13942);
#7259=NEXT_ASSEMBLY_USAGE_OCCURRENCE('0','Next assembly relationship','FRAME',
#13951,#7213,$);
#7260=PRODUCT_DEFINITION_SHAPE('Placement #0',
'Placement of FRAME with respect to RTJ0020G_ASM',#7259);
#7262=PROPERTY_DEFINITION('geometric validation property','centroid of FRAME',
#7260);
#7263=REPRESENTATION('centroid',(#7261),#7201);
#7264=PROPERTY_DEFINITION_REPRESENTATION(#7262,#7263);
#7272=COLOUR_RGB('',1.E0,6.2E-1,5.2E-1);
#7299=CIRCLE('',#7298,1.19E-1);
#7314=CIRCLE('',#7313,1.19E-1);
#7343=CIRCLE('',#7342,1.19E-1);
#7358=CIRCLE('',#7357,1.19E-1);
#7387=CIRCLE('',#7386,1.19E-1);
#7402=CIRCLE('',#7401,1.19E-1);
#7431=CIRCLE('',#7430,1.19E-1);
#7446=CIRCLE('',#7445,1.19E-1);
#7482=CIRCLE('',#7481,1.19E-1);
#7497=CIRCLE('',#7496,1.19E-1);
#7526=CIRCLE('',#7525,1.19E-1);
#7541=CIRCLE('',#7540,1.19E-1);
#7570=CIRCLE('',#7569,1.19E-1);
#7585=CIRCLE('',#7584,1.19E-1);
#7614=CIRCLE('',#7613,1.19E-1);
#7629=CIRCLE('',#7628,1.19E-1);
#7658=CIRCLE('',#7657,1.19E-1);
#7673=CIRCLE('',#7672,1.19E-1);
#7709=CIRCLE('',#7708,1.19E-1);
#7724=CIRCLE('',#7723,1.19E-1);
#7753=CIRCLE('',#7752,1.19E-1);
#7768=CIRCLE('',#7767,1.19E-1);
#7797=CIRCLE('',#7796,1.19E-1);
#7812=CIRCLE('',#7811,1.19E-1);
#7841=CIRCLE('',#7840,1.19E-1);
#7856=CIRCLE('',#7855,1.19E-1);
#7885=CIRCLE('',#7884,1.19E-1);
#7900=CIRCLE('',#7899,1.19E-1);
#7936=CIRCLE('',#7935,1.19E-1);
#7951=CIRCLE('',#7950,1.19E-1);
#7980=CIRCLE('',#7979,1.19E-1);
#7995=CIRCLE('',#7994,1.19E-1);
#8024=CIRCLE('',#8023,1.19E-1);
#8039=CIRCLE('',#8038,1.19E-1);
#8068=CIRCLE('',#8067,1.19E-1);
#8083=CIRCLE('',#8082,1.19E-1);
#8112=CIRCLE('',#8111,1.19E-1);
#8127=CIRCLE('',#8126,1.19E-1);
#8163=CIRCLE('',#8162,1.19E-1);
#8178=CIRCLE('',#8177,1.19E-1);
#8424=CIRCLE('',#8423,1.19E-1);
#8439=CIRCLE('',#8438,1.19E-1);
#8657=CIRCLE('',#8656,1.19E-1);
#8672=CIRCLE('',#8671,1.19E-1);
#8722=CIRCLE('',#8721,1.19E-1);
#8737=CIRCLE('',#8736,1.19E-1);
#8787=CIRCLE('',#8786,1.19E-1);
#8802=CIRCLE('',#8801,1.19E-1);
#8852=CIRCLE('',#8851,1.19E-1);
#8867=CIRCLE('',#8866,1.19E-1);
#8917=CIRCLE('',#8916,1.19E-1);
#8932=CIRCLE('',#8931,1.19E-1);
#9122=CIRCLE('',#9121,1.19E-1);
#9137=CIRCLE('',#9136,1.19E-1);
#9215=CIRCLE('',#9214,1.19E-1);
#9230=CIRCLE('',#9229,1.19E-1);
#9280=CIRCLE('',#9279,1.19E-1);
#9295=CIRCLE('',#9294,1.19E-1);
#9345=CIRCLE('',#9344,1.19E-1);
#9360=CIRCLE('',#9359,1.19E-1);
#9410=CIRCLE('',#9409,1.19E-1);
#9425=CIRCLE('',#9424,1.19E-1);
#9615=CIRCLE('',#9614,1.19E-1);
#9630=CIRCLE('',#9629,1.19E-1);
#9736=CIRCLE('',#9735,1.19E-1);
#9751=CIRCLE('',#9750,1.19E-1);
#9801=CIRCLE('',#9800,1.19E-1);
#9816=CIRCLE('',#9815,1.19E-1);
#9866=CIRCLE('',#9865,1.19E-1);
#9881=CIRCLE('',#9880,1.19E-1);
#9931=CIRCLE('',#9930,1.19E-1);
#9946=CIRCLE('',#9945,1.19E-1);
#10276=CIRCLE('',#10275,1.19E-1);
#10291=CIRCLE('',#10290,1.19E-1);
#10341=CIRCLE('',#10340,1.19E-1);
#10356=CIRCLE('',#10355,1.19E-1);
#10406=CIRCLE('',#10405,1.19E-1);
#10421=CIRCLE('',#10420,1.19E-1);
#10471=CIRCLE('',#10470,1.19E-1);
#10486=CIRCLE('',#10485,1.19E-1);
#11184=EDGE_CURVE('',#10595,#10596,#7277,.T.);
#11186=EDGE_CURVE('',#10595,#10607,#7284,.T.);
#11188=EDGE_CURVE('',#10607,#10608,#7291,.T.);
#11190=EDGE_CURVE('',#11050,#10608,#7299,.T.);
#11192=EDGE_CURVE('',#11048,#11050,#7306,.T.);
#11194=EDGE_CURVE('',#10604,#11048,#7314,.T.);
#11196=EDGE_CURVE('',#10603,#10604,#7321,.T.);
#11198=EDGE_CURVE('',#10603,#10615,#7328,.T.);
#11200=EDGE_CURVE('',#10615,#10616,#7335,.T.);
#11202=EDGE_CURVE('',#11054,#10616,#7343,.T.);
#11204=EDGE_CURVE('',#11052,#11054,#7350,.T.);
#11206=EDGE_CURVE('',#10612,#11052,#7358,.T.);
#11208=EDGE_CURVE('',#10611,#10612,#7365,.T.);
#11210=EDGE_CURVE('',#10611,#10623,#7372,.T.);
#11212=EDGE_CURVE('',#10623,#10624,#7379,.T.);
#11214=EDGE_CURVE('',#11058,#10624,#7387,.T.);
#11216=EDGE_CURVE('',#11056,#11058,#7394,.T.);
#11218=EDGE_CURVE('',#10620,#11056,#7402,.T.);
#11220=EDGE_CURVE('',#10619,#10620,#7409,.T.);
#11222=EDGE_CURVE('',#10619,#10631,#7416,.T.);
#11224=EDGE_CURVE('',#10631,#10632,#7423,.T.);
#11226=EDGE_CURVE('',#11062,#10632,#7431,.T.);
#11228=EDGE_CURVE('',#11060,#11062,#7438,.T.);
#11230=EDGE_CURVE('',#10628,#11060,#7446,.T.);
#11232=EDGE_CURVE('',#10627,#10628,#7453,.T.);
#11234=EDGE_CURVE('',#10627,#10578,#7460,.T.);
#11236=EDGE_CURVE('',#10578,#10707,#7467,.T.);
#11238=EDGE_CURVE('',#10707,#10708,#7474,.T.);
#11240=EDGE_CURVE('',#10708,#11100,#7482,.T.);
#11242=EDGE_CURVE('',#11100,#11102,#7489,.T.);
#11244=EDGE_CURVE('',#11102,#10712,#7497,.T.);
#11246=EDGE_CURVE('',#10711,#10712,#7504,.T.);
#11248=EDGE_CURVE('',#10711,#10715,#7511,.T.);
#11250=EDGE_CURVE('',#10715,#10716,#7518,.T.);
#11252=EDGE_CURVE('',#10716,#11104,#7526,.T.);
#11254=EDGE_CURVE('',#11104,#11106,#7533,.T.);
#11256=EDGE_CURVE('',#11106,#10720,#7541,.T.);
#11258=EDGE_CURVE('',#10719,#10720,#7548,.T.);
#11260=EDGE_CURVE('',#10719,#10723,#7555,.T.);
#11262=EDGE_CURVE('',#10723,#10724,#7562,.T.);
#11264=EDGE_CURVE('',#10724,#11108,#7570,.T.);
#11266=EDGE_CURVE('',#11108,#11110,#7577,.T.);
#11268=EDGE_CURVE('',#11110,#10728,#7585,.T.);
#11270=EDGE_CURVE('',#10727,#10728,#7592,.T.);
#11272=EDGE_CURVE('',#10727,#10731,#7599,.T.);
#11274=EDGE_CURVE('',#10731,#10732,#7606,.T.);
#11276=EDGE_CURVE('',#10732,#11112,#7614,.T.);
#11278=EDGE_CURVE('',#11112,#11114,#7621,.T.);
#11280=EDGE_CURVE('',#11114,#10736,#7629,.T.);
#11282=EDGE_CURVE('',#10735,#10736,#7636,.T.);
#11284=EDGE_CURVE('',#10735,#10820,#7643,.T.);
#11286=EDGE_CURVE('',#10820,#11140,#7650,.T.);
#11288=EDGE_CURVE('',#11140,#11142,#7658,.T.);
#11290=EDGE_CURVE('',#11142,#11144,#7665,.T.);
#11292=EDGE_CURVE('',#11144,#11146,#7673,.T.);
#11294=EDGE_CURVE('',#10822,#11146,#7680,.T.);
#11296=EDGE_CURVE('',#10822,#10580,#7687,.T.);
#11298=EDGE_CURVE('',#10580,#10667,#7694,.T.);
#11300=EDGE_CURVE('',#10667,#10668,#7701,.T.);
#11302=EDGE_CURVE('',#10668,#11080,#7709,.T.);
#11304=EDGE_CURVE('',#11080,#11082,#7716,.T.);
#11306=EDGE_CURVE('',#11082,#10672,#7724,.T.);
#11308=EDGE_CURVE('',#10671,#10672,#7731,.T.);
#11310=EDGE_CURVE('',#10671,#10659,#7738,.T.);
#11312=EDGE_CURVE('',#10659,#10660,#7745,.T.);
#11314=EDGE_CURVE('',#10660,#11076,#7753,.T.);
#11316=EDGE_CURVE('',#11076,#11078,#7760,.T.);
#11318=EDGE_CURVE('',#11078,#10664,#7768,.T.);
#11320=EDGE_CURVE('',#10663,#10664,#7775,.T.);
#11322=EDGE_CURVE('',#10663,#10651,#7782,.T.);
#11324=EDGE_CURVE('',#10651,#10652,#7789,.T.);
#11326=EDGE_CURVE('',#10652,#11072,#7797,.T.);
#11328=EDGE_CURVE('',#11072,#11074,#7804,.T.);
#11330=EDGE_CURVE('',#11074,#10656,#7812,.T.);
#11332=EDGE_CURVE('',#10655,#10656,#7819,.T.);
#11334=EDGE_CURVE('',#10655,#10643,#7826,.T.);
#11336=EDGE_CURVE('',#10643,#10644,#7833,.T.);
#11338=EDGE_CURVE('',#10644,#11068,#7841,.T.);
#11340=EDGE_CURVE('',#11068,#11070,#7848,.T.);
#11342=EDGE_CURVE('',#11070,#10648,#7856,.T.);
#11344=EDGE_CURVE('',#10647,#10648,#7863,.T.);
#11346=EDGE_CURVE('',#10647,#10635,#7870,.T.);
#11348=EDGE_CURVE('',#10635,#10636,#7877,.T.);
#11350=EDGE_CURVE('',#10636,#11064,#7885,.T.);
#11352=EDGE_CURVE('',#11064,#11066,#7892,.T.);
#11354=EDGE_CURVE('',#11066,#10640,#7900,.T.);
#11356=EDGE_CURVE('',#10639,#10640,#7907,.T.);
#11358=EDGE_CURVE('',#10639,#10582,#7914,.T.);
#11360=EDGE_CURVE('',#10582,#10824,#7921,.T.);
#11362=EDGE_CURVE('',#10824,#11138,#7928,.T.);
#11364=EDGE_CURVE('',#11136,#11138,#7936,.T.);
#11366=EDGE_CURVE('',#11134,#11136,#7943,.T.);
#11368=EDGE_CURVE('',#11132,#11134,#7951,.T.);
#11370=EDGE_CURVE('',#10826,#11132,#7958,.T.);
#11372=EDGE_CURVE('',#10826,#10703,#7965,.T.);
#11374=EDGE_CURVE('',#10703,#10704,#7972,.T.);
#11376=EDGE_CURVE('',#11098,#10704,#7980,.T.);
#11378=EDGE_CURVE('',#11096,#11098,#7987,.T.);
#11380=EDGE_CURVE('',#10700,#11096,#7995,.T.);
#11382=EDGE_CURVE('',#10699,#10700,#8002,.T.);
#11384=EDGE_CURVE('',#10699,#10695,#8009,.T.);
#11386=EDGE_CURVE('',#10695,#10696,#8016,.T.);
#11388=EDGE_CURVE('',#11094,#10696,#8024,.T.);
#11390=EDGE_CURVE('',#11092,#11094,#8031,.T.);
#11392=EDGE_CURVE('',#10692,#11092,#8039,.T.);
#11394=EDGE_CURVE('',#10691,#10692,#8046,.T.);
#11396=EDGE_CURVE('',#10691,#10687,#8053,.T.);
#11398=EDGE_CURVE('',#10687,#10688,#8060,.T.);
#11400=EDGE_CURVE('',#11090,#10688,#8068,.T.);
#11402=EDGE_CURVE('',#11088,#11090,#8075,.T.);
#11404=EDGE_CURVE('',#10684,#11088,#8083,.T.);
#11406=EDGE_CURVE('',#10683,#10684,#8090,.T.);
#11408=EDGE_CURVE('',#10683,#10679,#8097,.T.);
#11410=EDGE_CURVE('',#10679,#10680,#8104,.T.);
#11412=EDGE_CURVE('',#11086,#10680,#8112,.T.);
#11414=EDGE_CURVE('',#11084,#11086,#8119,.T.);
#11416=EDGE_CURVE('',#10676,#11084,#8127,.T.);
#11418=EDGE_CURVE('',#10675,#10676,#8134,.T.);
#11420=EDGE_CURVE('',#10675,#10576,#8141,.T.);
#11422=EDGE_CURVE('',#10576,#10599,#8148,.T.);
#11424=EDGE_CURVE('',#10599,#10600,#8155,.T.);
#11426=EDGE_CURVE('',#11046,#10600,#8163,.T.);
#11428=EDGE_CURVE('',#11044,#11046,#8170,.T.);
#11430=EDGE_CURVE('',#10596,#11044,#8178,.T.);
#11434=EDGE_CURVE('',#10739,#10740,#8185,.T.);
#11436=EDGE_CURVE('',#10739,#10746,#8192,.T.);
#11438=EDGE_CURVE('',#10744,#10746,#8199,.T.);
#11440=EDGE_CURVE('',#10742,#10744,#8206,.T.);
#11442=EDGE_CURVE('',#10740,#10742,#8213,.T.);
#11446=ADVANCED_FACE('',(#11433,#11445),#11183,.F.);
#11453=EDGE_CURVE('',#10596,#10901,#8220,.T.);
#11455=EDGE_CURVE('',#10749,#10901,#8416,.T.);
#11457=EDGE_CURVE('',#10595,#10749,#8353,.T.);
#11461=ADVANCED_FACE('',(#11460),#11451,.F.);
#11468=EDGE_CURVE('',#11044,#10902,#8227,.T.);
#11470=EDGE_CURVE('',#10901,#10902,#8424,.T.);
#11475=ADVANCED_FACE('',(#11474),#11466,.F.);
#11482=EDGE_CURVE('',#11046,#10904,#8234,.T.);
#11484=EDGE_CURVE('',#10902,#10904,#8431,.T.);
#11489=ADVANCED_FACE('',(#11488),#11480,.F.);
#11496=EDGE_CURVE('',#10600,#10906,#8241,.T.);
#11498=EDGE_CURVE('',#10904,#10906,#8439,.T.);
#11503=ADVANCED_FACE('',(#11502),#11494,.F.);
#11510=EDGE_CURVE('',#10599,#10750,#8255,.T.);
#11512=EDGE_CURVE('',#10906,#10750,#8446,.T.);
#11517=ADVANCED_FACE('',(#11516),#11508,.F.);
#11523=EDGE_CURVE('',#10749,#10750,#8248,.T.);
#11527=EDGE_CURVE('',#10576,#10569,#8262,.T.);
#11529=EDGE_CURVE('',#10569,#10570,#9672,.T.);
#11531=EDGE_CURVE('',#10578,#10570,#9446,.T.);
#11534=EDGE_CURVE('',#10627,#10765,#8269,.T.);
#11536=EDGE_CURVE('',#10765,#10766,#8276,.T.);
#11538=EDGE_CURVE('',#10631,#10766,#8283,.T.);
#11541=EDGE_CURVE('',#10619,#10761,#8290,.T.);
#11543=EDGE_CURVE('',#10761,#10762,#8297,.T.);
#11545=EDGE_CURVE('',#10623,#10762,#8304,.T.);
#11548=EDGE_CURVE('',#10611,#10757,#8311,.T.);
#11550=EDGE_CURVE('',#10757,#10758,#8318,.T.);
#11552=EDGE_CURVE('',#10615,#10758,#8325,.T.);
#11555=EDGE_CURVE('',#10603,#10753,#8332,.T.);
#11557=EDGE_CURVE('',#10753,#10754,#8339,.T.);
#11559=EDGE_CURVE('',#10607,#10754,#8346,.T.);
#11565=EDGE_CURVE('',#10837,#10838,#8360,.T.);
#11567=EDGE_CURVE('',#10838,#10846,#8367,.T.);
#11569=EDGE_CURVE('',#10845,#10846,#8374,.T.);
#11571=EDGE_CURVE('',#10837,#10845,#8381,.T.);
#11575=EDGE_CURVE('',#10841,#10842,#8388,.T.);
#11577=EDGE_CURVE('',#10842,#10850,#8395,.T.);
#11579=EDGE_CURVE('',#10849,#10850,#8402,.T.);
#11581=EDGE_CURVE('',#10841,#10849,#8409,.T.);
#11585=ADVANCED_FACE('',(#11564,#11574,#11584),#11522,.T.);
#11599=ADVANCED_FACE('',(#11598),#11590,.F.);
#11605=EDGE_CURVE('',#10675,#10804,#8453,.T.);
#11607=EDGE_CURVE('',#10804,#10806,#8460,.T.);
#11609=EDGE_CURVE('',#10679,#10806,#8467,.T.);
#11612=EDGE_CURVE('',#10683,#10808,#8474,.T.);
#11614=EDGE_CURVE('',#10808,#10810,#8481,.T.);
#11616=EDGE_CURVE('',#10687,#10810,#8488,.T.);
#11619=EDGE_CURVE('',#10691,#10812,#8495,.T.);
#11621=EDGE_CURVE('',#10812,#10814,#8502,.T.);
#11623=EDGE_CURVE('',#10695,#10814,#8509,.T.);
#11626=EDGE_CURVE('',#10699,#10816,#8516,.T.);
#11628=EDGE_CURVE('',#10816,#10818,#8523,.T.);
#11630=EDGE_CURVE('',#10703,#10818,#8530,.T.);
#11633=EDGE_CURVE('',#10826,#11152,#8537,.T.);
#11635=EDGE_CURVE('',#11152,#11154,#8544,.T.);
#11637=EDGE_CURVE('',#10824,#11154,#8551,.T.);
#11640=EDGE_CURVE('',#10582,#10574,#8558,.T.);
#11642=EDGE_CURVE('',#10574,#10569,#9679,.T.);
#11648=EDGE_CURVE('',#10885,#10886,#8565,.T.);
#11650=EDGE_CURVE('',#10886,#10894,#8572,.T.);
#11652=EDGE_CURVE('',#10893,#10894,#8579,.T.);
#11654=EDGE_CURVE('',#10885,#10893,#8586,.T.);
#11658=EDGE_CURVE('',#10889,#10890,#8593,.T.);
#11660=EDGE_CURVE('',#10890,#10898,#8600,.T.);
#11662=EDGE_CURVE('',#10897,#10898,#8607,.T.);
#11664=EDGE_CURVE('',#10889,#10897,#8614,.T.);
#11668=ADVANCED_FACE('',(#11647,#11657,#11667),#11604,.T.);
#11675=EDGE_CURVE('',#10676,#10981,#8621,.T.);
#11677=EDGE_CURVE('',#10804,#10981,#8649,.T.);
#11682=ADVANCED_FACE('',(#11681),#11673,.F.);
#11689=EDGE_CURVE('',#11084,#10982,#8628,.T.);
#11691=EDGE_CURVE('',#10981,#10982,#8657,.T.);
#11696=ADVANCED_FACE('',(#11695),#11687,.F.);
#11703=EDGE_CURVE('',#11086,#10984,#8635,.T.);
#11705=EDGE_CURVE('',#10982,#10984,#8664,.T.);
#11710=ADVANCED_FACE('',(#11709),#11701,.F.);
#11717=EDGE_CURVE('',#10680,#10986,#8642,.T.);
#11719=EDGE_CURVE('',#10984,#10986,#8672,.T.);
#11724=ADVANCED_FACE('',(#11723),#11715,.F.);
#11732=EDGE_CURVE('',#10986,#10806,#8679,.T.);
#11737=ADVANCED_FACE('',(#11736),#11729,.F.);
#11751=ADVANCED_FACE('',(#11750),#11742,.F.);
#11758=EDGE_CURVE('',#10684,#10989,#8686,.T.);
#11760=EDGE_CURVE('',#10808,#10989,#8714,.T.);
#11765=ADVANCED_FACE('',(#11764),#11756,.F.);
#11772=EDGE_CURVE('',#11088,#10990,#8693,.T.);
#11774=EDGE_CURVE('',#10989,#10990,#8722,.T.);
#11779=ADVANCED_FACE('',(#11778),#11770,.F.);
#11786=EDGE_CURVE('',#11090,#10992,#8700,.T.);
#11788=EDGE_CURVE('',#10990,#10992,#8729,.T.);
#11793=ADVANCED_FACE('',(#11792),#11784,.F.);
#11800=EDGE_CURVE('',#10688,#10994,#8707,.T.);
#11802=EDGE_CURVE('',#10992,#10994,#8737,.T.);
#11807=ADVANCED_FACE('',(#11806),#11798,.F.);
#11815=EDGE_CURVE('',#10994,#10810,#8744,.T.);
#11820=ADVANCED_FACE('',(#11819),#11812,.F.);
#11834=ADVANCED_FACE('',(#11833),#11825,.F.);
#11841=EDGE_CURVE('',#10692,#10997,#8751,.T.);
#11843=EDGE_CURVE('',#10812,#10997,#8779,.T.);
#11848=ADVANCED_FACE('',(#11847),#11839,.F.);
#11855=EDGE_CURVE('',#11092,#10998,#8758,.T.);
#11857=EDGE_CURVE('',#10997,#10998,#8787,.T.);
#11862=ADVANCED_FACE('',(#11861),#11853,.F.);
#11869=EDGE_CURVE('',#11094,#11000,#8765,.T.);
#11871=EDGE_CURVE('',#10998,#11000,#8794,.T.);
#11876=ADVANCED_FACE('',(#11875),#11867,.F.);
#11883=EDGE_CURVE('',#10696,#11002,#8772,.T.);
#11885=EDGE_CURVE('',#11000,#11002,#8802,.T.);
#11890=ADVANCED_FACE('',(#11889),#11881,.F.);
#11898=EDGE_CURVE('',#11002,#10814,#8809,.T.);
#11903=ADVANCED_FACE('',(#11902),#11895,.F.);
#11917=ADVANCED_FACE('',(#11916),#11908,.F.);
#11924=EDGE_CURVE('',#10700,#11005,#8816,.T.);
#11926=EDGE_CURVE('',#10816,#11005,#8844,.T.);
#11931=ADVANCED_FACE('',(#11930),#11922,.F.);
#11938=EDGE_CURVE('',#11096,#11006,#8823,.T.);
#11940=EDGE_CURVE('',#11005,#11006,#8852,.T.);
#11945=ADVANCED_FACE('',(#11944),#11936,.F.);
#11952=EDGE_CURVE('',#11098,#11008,#8830,.T.);
#11954=EDGE_CURVE('',#11006,#11008,#8859,.T.);
#11959=ADVANCED_FACE('',(#11958),#11950,.F.);
#11966=EDGE_CURVE('',#10704,#11010,#8837,.T.);
#11968=EDGE_CURVE('',#11008,#11010,#8867,.T.);
#11973=ADVANCED_FACE('',(#11972),#11964,.F.);
#11981=EDGE_CURVE('',#11010,#10818,#8874,.T.);
#11986=ADVANCED_FACE('',(#11985),#11978,.F.);
#12000=ADVANCED_FACE('',(#11999),#11991,.F.);
#12007=EDGE_CURVE('',#11132,#11117,#8881,.T.);
#12009=EDGE_CURVE('',#11152,#11117,#8909,.T.);
#12014=ADVANCED_FACE('',(#12013),#12005,.F.);
#12021=EDGE_CURVE('',#11134,#11118,#8888,.T.);
#12023=EDGE_CURVE('',#11117,#11118,#8917,.T.);
#12028=ADVANCED_FACE('',(#12027),#12019,.F.);
#12035=EDGE_CURVE('',#11136,#11120,#8895,.T.);
#12037=EDGE_CURVE('',#11118,#11120,#8924,.T.);
#12042=ADVANCED_FACE('',(#12041),#12033,.F.);
#12049=EDGE_CURVE('',#11138,#11122,#8902,.T.);
#12051=EDGE_CURVE('',#11120,#11122,#8932,.T.);
#12056=ADVANCED_FACE('',(#12055),#12047,.F.);
#12064=EDGE_CURVE('',#11122,#11154,#8939,.T.);
#12069=ADVANCED_FACE('',(#12068),#12061,.F.);
#12083=ADVANCED_FACE('',(#12082),#12074,.F.);
#12089=EDGE_CURVE('',#10785,#10786,#8946,.T.);
#12091=EDGE_CURVE('',#10635,#10785,#8953,.T.);
#12094=EDGE_CURVE('',#10647,#10790,#8960,.T.);
#12096=EDGE_CURVE('',#10789,#10790,#8967,.T.);
#12098=EDGE_CURVE('',#10643,#10789,#8974,.T.);
#12101=EDGE_CURVE('',#10655,#10794,#8981,.T.);
#12103=EDGE_CURVE('',#10793,#10794,#8988,.T.);
#12105=EDGE_CURVE('',#10651,#10793,#8995,.T.);
#12108=EDGE_CURVE('',#10663,#10798,#9002,.T.);
#12110=EDGE_CURVE('',#10797,#10798,#9009,.T.);
#12112=EDGE_CURVE('',#10659,#10797,#9016,.T.);
#12115=EDGE_CURVE('',#10671,#10802,#9023,.T.);
#12117=EDGE_CURVE('',#10801,#10802,#9030,.T.);
#12119=EDGE_CURVE('',#10667,#10801,#9037,.T.);
#12122=EDGE_CURVE('',#10580,#10572,#9044,.T.);
#12124=EDGE_CURVE('',#10572,#10574,#9686,.T.);
#12128=EDGE_CURVE('',#10639,#10786,#9051,.T.);
#12132=EDGE_CURVE('',#10869,#10870,#9058,.T.);
#12134=EDGE_CURVE('',#10870,#10878,#9065,.T.);
#12136=EDGE_CURVE('',#10877,#10878,#9072,.T.);
#12138=EDGE_CURVE('',#10869,#10877,#9079,.T.);
#12142=EDGE_CURVE('',#10873,#10874,#9086,.T.);
#12144=EDGE_CURVE('',#10874,#10882,#9093,.T.);
#12146=EDGE_CURVE('',#10881,#10882,#9100,.T.);
#12148=EDGE_CURVE('',#10873,#10881,#9107,.T.);
#12152=ADVANCED_FACE('',(#12131,#12141,#12151),#12088,.T.);
#12159=EDGE_CURVE('',#10946,#10786,#9114,.T.);
#12161=EDGE_CURVE('',#10944,#10946,#9122,.T.);
#12163=EDGE_CURVE('',#10942,#10944,#9129,.T.);
#12165=EDGE_CURVE('',#10941,#10942,#9137,.T.);
#12167=EDGE_CURVE('',#10785,#10941,#9144,.T.);
#12171=ADVANCED_FACE('',(#12170),#12157,.T.);
#12178=EDGE_CURVE('',#10640,#10946,#9151,.T.);
#12184=ADVANCED_FACE('',(#12183),#12176,.T.);
#12191=EDGE_CURVE('',#11066,#10944,#9158,.T.);
#12197=ADVANCED_FACE('',(#12196),#12189,.F.);
#12204=EDGE_CURVE('',#11064,#10942,#9165,.T.);
#12210=ADVANCED_FACE('',(#12209),#12202,.T.);
#12217=EDGE_CURVE('',#10636,#10941,#9172,.T.);
#12223=ADVANCED_FACE('',(#12222),#12215,.F.);
#12235=ADVANCED_FACE('',(#12234),#12228,.T.);
#12242=EDGE_CURVE('',#10648,#10954,#9179,.T.);
#12244=EDGE_CURVE('',#10954,#10790,#9207,.T.);
#12249=ADVANCED_FACE('',(#12248),#12240,.T.);
#12256=EDGE_CURVE('',#11070,#10952,#9186,.T.);
#12258=EDGE_CURVE('',#10952,#10954,#9215,.T.);
#12263=ADVANCED_FACE('',(#12262),#12254,.F.);
#12270=EDGE_CURVE('',#11068,#10950,#9193,.T.);
#12272=EDGE_CURVE('',#10950,#10952,#9222,.T.);
#12277=ADVANCED_FACE('',(#12276),#12268,.T.);
#12284=EDGE_CURVE('',#10644,#10949,#9200,.T.);
#12286=EDGE_CURVE('',#10949,#10950,#9230,.T.);
#12291=ADVANCED_FACE('',(#12290),#12282,.F.);
#12299=EDGE_CURVE('',#10789,#10949,#9237,.T.);
#12304=ADVANCED_FACE('',(#12303),#12296,.T.);
#12318=ADVANCED_FACE('',(#12317),#12309,.T.);
#12325=EDGE_CURVE('',#10656,#10962,#9244,.T.);
#12327=EDGE_CURVE('',#10962,#10794,#9272,.T.);
#12332=ADVANCED_FACE('',(#12331),#12323,.T.);
#12339=EDGE_CURVE('',#11074,#10960,#9251,.T.);
#12341=EDGE_CURVE('',#10960,#10962,#9280,.T.);
#12346=ADVANCED_FACE('',(#12345),#12337,.F.);
#12353=EDGE_CURVE('',#11072,#10958,#9258,.T.);
#12355=EDGE_CURVE('',#10958,#10960,#9287,.T.);
#12360=ADVANCED_FACE('',(#12359),#12351,.T.);
#12367=EDGE_CURVE('',#10652,#10957,#9265,.T.);
#12369=EDGE_CURVE('',#10957,#10958,#9295,.T.);
#12374=ADVANCED_FACE('',(#12373),#12365,.F.);
#12382=EDGE_CURVE('',#10793,#10957,#9302,.T.);
#12387=ADVANCED_FACE('',(#12386),#12379,.T.);
#12401=ADVANCED_FACE('',(#12400),#12392,.T.);
#12408=EDGE_CURVE('',#10664,#10970,#9309,.T.);
#12410=EDGE_CURVE('',#10970,#10798,#9337,.T.);
#12415=ADVANCED_FACE('',(#12414),#12406,.T.);
#12422=EDGE_CURVE('',#11078,#10968,#9316,.T.);
#12424=EDGE_CURVE('',#10968,#10970,#9345,.T.);
#12429=ADVANCED_FACE('',(#12428),#12420,.F.);
#12436=EDGE_CURVE('',#11076,#10966,#9323,.T.);
#12438=EDGE_CURVE('',#10966,#10968,#9352,.T.);
#12443=ADVANCED_FACE('',(#12442),#12434,.T.);
#12450=EDGE_CURVE('',#10660,#10965,#9330,.T.);
#12452=EDGE_CURVE('',#10965,#10966,#9360,.T.);
#12457=ADVANCED_FACE('',(#12456),#12448,.F.);
#12465=EDGE_CURVE('',#10797,#10965,#9367,.T.);
#12470=ADVANCED_FACE('',(#12469),#12462,.T.);
#12484=ADVANCED_FACE('',(#12483),#12475,.T.);
#12491=EDGE_CURVE('',#10672,#10978,#9374,.T.);
#12493=EDGE_CURVE('',#10978,#10802,#9402,.T.);
#12498=ADVANCED_FACE('',(#12497),#12489,.T.);
#12505=EDGE_CURVE('',#11082,#10976,#9381,.T.);
#12507=EDGE_CURVE('',#10976,#10978,#9410,.T.);
#12512=ADVANCED_FACE('',(#12511),#12503,.F.);
#12519=EDGE_CURVE('',#11080,#10974,#9388,.T.);
#12521=EDGE_CURVE('',#10974,#10976,#9417,.T.);
#12526=ADVANCED_FACE('',(#12525),#12517,.T.);
#12533=EDGE_CURVE('',#10668,#10973,#9395,.T.);
#12535=EDGE_CURVE('',#10973,#10974,#9425,.T.);
#12540=ADVANCED_FACE('',(#12539),#12531,.F.);
#12548=EDGE_CURVE('',#10801,#10973,#9432,.T.);
#12553=ADVANCED_FACE('',(#12552),#12545,.T.);
#12567=ADVANCED_FACE('',(#12566),#12558,.T.);
#12573=EDGE_CURVE('',#10707,#10768,#9439,.T.);
#12577=EDGE_CURVE('',#10570,#10572,#9693,.T.);
#12581=EDGE_CURVE('',#10822,#11150,#9453,.T.);
#12583=EDGE_CURVE('',#11148,#11150,#9460,.T.);
#12585=EDGE_CURVE('',#10820,#11148,#9467,.T.);
#12588=EDGE_CURVE('',#10735,#10782,#9474,.T.);
#12590=EDGE_CURVE('',#10780,#10782,#9481,.T.);
#12592=EDGE_CURVE('',#10731,#10780,#9488,.T.);
#12595=EDGE_CURVE('',#10727,#10778,#9495,.T.);
#12597=EDGE_CURVE('',#10776,#10778,#9502,.T.);
#12599=EDGE_CURVE('',#10723,#10776,#9509,.T.);
#12602=EDGE_CURVE('',#10719,#10774,#9516,.T.);
#12604=EDGE_CURVE('',#10772,#10774,#9523,.T.);
#12606=EDGE_CURVE('',#10715,#10772,#9530,.T.);
#12609=EDGE_CURVE('',#10711,#10770,#9537,.T.);
#12611=EDGE_CURVE('',#10768,#10770,#9544,.T.);
#12615=EDGE_CURVE('',#10853,#10854,#9551,.T.);
#12617=EDGE_CURVE('',#10854,#10862,#9558,.T.);
#12619=EDGE_CURVE('',#10861,#10862,#9565,.T.);
#12621=EDGE_CURVE('',#10853,#10861,#9572,.T.);
#12625=EDGE_CURVE('',#10857,#10858,#9579,.T.);
#12627=EDGE_CURVE('',#10858,#10866,#9586,.T.);
#12629=EDGE_CURVE('',#10865,#10866,#9593,.T.);
#12631=EDGE_CURVE('',#10857,#10865,#9600,.T.);
#12635=ADVANCED_FACE('',(#12614,#12624,#12634),#12572,.T.);
#12643=EDGE_CURVE('',#10768,#11013,#9637,.T.);
#12645=EDGE_CURVE('',#10708,#11013,#9665,.T.);
#12649=ADVANCED_FACE('',(#12648),#12640,.T.);
#12656=EDGE_CURVE('',#11018,#10770,#9607,.T.);
#12658=EDGE_CURVE('',#11016,#11018,#9615,.T.);
#12660=EDGE_CURVE('',#11014,#11016,#9622,.T.);
#12662=EDGE_CURVE('',#11013,#11014,#9630,.T.);
#12667=ADVANCED_FACE('',(#12666),#12654,.T.);
#12674=EDGE_CURVE('',#10712,#11018,#9644,.T.);
#12680=ADVANCED_FACE('',(#12679),#12672,.T.);
#12687=EDGE_CURVE('',#11102,#11016,#9651,.T.);
#12693=ADVANCED_FACE('',(#12692),#12685,.F.);
#12700=EDGE_CURVE('',#11100,#11014,#9658,.T.);
#12706=ADVANCED_FACE('',(#12705),#12698,.T.);
#12718=ADVANCED_FACE('',(#12717),#12711,.F.);
#12730=ADVANCED_FACE('',(#12729),#12723,.T.);
#12744=EDGE_CURVE('',#11146,#11130,#9700,.T.);
#12746=EDGE_CURVE('',#11130,#11150,#9728,.T.);
#12751=ADVANCED_FACE('',(#12750),#12742,.T.);
#12758=EDGE_CURVE('',#11144,#11128,#9707,.T.);
#12760=EDGE_CURVE('',#11128,#11130,#9736,.T.);
#12765=ADVANCED_FACE('',(#12764),#12756,.F.);
#12772=EDGE_CURVE('',#11142,#11126,#9714,.T.);
#12774=EDGE_CURVE('',#11126,#11128,#9743,.T.);
#12779=ADVANCED_FACE('',(#12778),#12770,.T.);
#12786=EDGE_CURVE('',#11140,#11125,#9721,.T.);
#12788=EDGE_CURVE('',#11125,#11126,#9751,.T.);
#12793=ADVANCED_FACE('',(#12792),#12784,.F.);
#12801=EDGE_CURVE('',#11148,#11125,#9758,.T.);
#12806=ADVANCED_FACE('',(#12805),#12798,.T.);
#12820=ADVANCED_FACE('',(#12819),#12811,.T.);
#12827=EDGE_CURVE('',#10736,#11042,#9765,.T.);
#12829=EDGE_CURVE('',#11042,#10782,#9793,.T.);
#12834=ADVANCED_FACE('',(#12833),#12825,.T.);
#12841=EDGE_CURVE('',#11114,#11040,#9772,.T.);
#12843=EDGE_CURVE('',#11040,#11042,#9801,.T.);
#12848=ADVANCED_FACE('',(#12847),#12839,.F.);
#12855=EDGE_CURVE('',#11112,#11038,#9779,.T.);
#12857=EDGE_CURVE('',#11038,#11040,#9808,.T.);
#12862=ADVANCED_FACE('',(#12861),#12853,.T.);
#12869=EDGE_CURVE('',#10732,#11037,#9786,.T.);
#12871=EDGE_CURVE('',#11037,#11038,#9816,.T.);
#12876=ADVANCED_FACE('',(#12875),#12867,.F.);
#12884=EDGE_CURVE('',#10780,#11037,#9823,.T.);
#12889=ADVANCED_FACE('',(#12888),#12881,.T.);
#12903=ADVANCED_FACE('',(#12902),#12894,.T.);
#12910=EDGE_CURVE('',#10728,#11034,#9830,.T.);
#12912=EDGE_CURVE('',#11034,#10778,#9858,.T.);
#12917=ADVANCED_FACE('',(#12916),#12908,.T.);
#12924=EDGE_CURVE('',#11110,#11032,#9837,.T.);
#12926=EDGE_CURVE('',#11032,#11034,#9866,.T.);
#12931=ADVANCED_FACE('',(#12930),#12922,.F.);
#12938=EDGE_CURVE('',#11108,#11030,#9844,.T.);
#12940=EDGE_CURVE('',#11030,#11032,#9873,.T.);
#12945=ADVANCED_FACE('',(#12944),#12936,.T.);
#12952=EDGE_CURVE('',#10724,#11029,#9851,.T.);
#12954=EDGE_CURVE('',#11029,#11030,#9881,.T.);
#12959=ADVANCED_FACE('',(#12958),#12950,.F.);
#12967=EDGE_CURVE('',#10776,#11029,#9888,.T.);
#12972=ADVANCED_FACE('',(#12971),#12964,.T.);
#12986=ADVANCED_FACE('',(#12985),#12977,.T.);
#12993=EDGE_CURVE('',#10720,#11026,#9895,.T.);
#12995=EDGE_CURVE('',#11026,#10774,#9923,.T.);
#13000=ADVANCED_FACE('',(#12999),#12991,.T.);
#13007=EDGE_CURVE('',#11106,#11024,#9902,.T.);
#13009=EDGE_CURVE('',#11024,#11026,#9931,.T.);
#13014=ADVANCED_FACE('',(#13013),#13005,.F.);
#13021=EDGE_CURVE('',#11104,#11022,#9909,.T.);
#13023=EDGE_CURVE('',#11022,#11024,#9938,.T.);
#13028=ADVANCED_FACE('',(#13027),#13019,.T.);
#13035=EDGE_CURVE('',#10716,#11021,#9916,.T.);
#13037=EDGE_CURVE('',#11021,#11022,#9946,.T.);
#13042=ADVANCED_FACE('',(#13041),#13033,.F.);
#13050=EDGE_CURVE('',#10772,#11021,#9953,.T.);
#13055=ADVANCED_FACE('',(#13054),#13047,.T.);
#13069=ADVANCED_FACE('',(#13068),#13060,.T.);
#13076=EDGE_CURVE('',#11169,#10837,#9960,.T.);
#13078=EDGE_CURVE('',#10890,#11169,#9967,.T.);
#13081=EDGE_CURVE('',#11165,#10889,#9974,.T.);
#13083=EDGE_CURVE('',#10838,#11165,#9981,.T.);
#13087=ADVANCED_FACE('',(#13086),#13074,.T.);
#13094=EDGE_CURVE('',#10833,#10841,#9988,.T.);
#13096=EDGE_CURVE('',#10854,#10833,#9995,.T.);
#13099=EDGE_CURVE('',#10829,#10853,#10002,.T.);
#13101=EDGE_CURVE('',#10842,#10829,#10009,.T.);
#13105=ADVANCED_FACE('',(#13104),#13092,.T.);
#13112=EDGE_CURVE('',#11157,#10857,#10016,.T.);
#13114=EDGE_CURVE('',#10870,#11157,#10023,.T.);
#13117=EDGE_CURVE('',#11161,#10869,#10030,.T.);
#13119=EDGE_CURVE('',#10858,#11161,#10037,.T.);
#13123=ADVANCED_FACE('',(#13122),#13110,.T.);
#13130=EDGE_CURVE('',#11177,#10873,#10044,.T.);
#13132=EDGE_CURVE('',#10886,#11177,#10051,.T.);
#13135=EDGE_CURVE('',#11173,#10885,#10058,.T.);
#13137=EDGE_CURVE('',#10874,#11173,#10065,.T.);
#13141=ADVANCED_FACE('',(#13140),#13128,.T.);
#13148=EDGE_CURVE('',#11170,#10845,#10100,.T.);
#13150=EDGE_CURVE('',#11169,#11170,#10072,.T.);
#13155=ADVANCED_FACE('',(#13154),#13146,.F.);
#13162=EDGE_CURVE('',#10846,#11166,#10079,.T.);
#13164=EDGE_CURVE('',#11166,#10897,#10086,.T.);
#13167=EDGE_CURVE('',#10898,#11170,#10093,.T.);
#13172=ADVANCED_FACE('',(#13171),#13160,.F.);
#13179=EDGE_CURVE('',#10850,#10830,#10107,.T.);
#13181=EDGE_CURVE('',#10830,#10861,#10114,.T.);
#13184=EDGE_CURVE('',#10862,#10834,#10121,.T.);
#13186=EDGE_CURVE('',#10834,#10849,#10128,.T.);
#13190=ADVANCED_FACE('',(#13189),#13177,.F.);
#13197=EDGE_CURVE('',#10866,#11162,#10135,.T.);
#13199=EDGE_CURVE('',#11162,#10877,#10142,.T.);
#13202=EDGE_CURVE('',#10878,#11158,#10149,.T.);
#13204=EDGE_CURVE('',#11158,#10865,#10156,.T.);
#13208=ADVANCED_FACE('',(#13207),#13195,.F.);
#13215=EDGE_CURVE('',#10882,#11174,#10163,.T.);
#13217=EDGE_CURVE('',#11174,#10893,#10170,.T.);
#13220=EDGE_CURVE('',#10894,#11178,#10177,.T.);
#13222=EDGE_CURVE('',#11178,#10881,#10184,.T.);
#13226=ADVANCED_FACE('',(#13225),#13213,.F.);
#13234=EDGE_CURVE('',#11165,#11166,#10191,.T.);
#13239=ADVANCED_FACE('',(#13238),#13231,.F.);
#13251=ADVANCED_FACE('',(#13250),#13244,.F.);
#13263=ADVANCED_FACE('',(#13262),#13256,.F.);
#13271=EDGE_CURVE('',#10829,#10830,#10198,.T.);
#13276=ADVANCED_FACE('',(#13275),#13268,.F.);
#13288=ADVANCED_FACE('',(#13287),#13281,.F.);
#13296=EDGE_CURVE('',#10833,#10834,#10205,.T.);
#13301=ADVANCED_FACE('',(#13300),#13293,.F.);
#13313=ADVANCED_FACE('',(#13312),#13306,.F.);
#13321=EDGE_CURVE('',#11161,#11162,#10212,.T.);
#13326=ADVANCED_FACE('',(#13325),#13318,.F.);
#13338=ADVANCED_FACE('',(#13337),#13331,.F.);
#13346=EDGE_CURVE('',#11157,#11158,#10219,.T.);
#13351=ADVANCED_FACE('',(#13350),#13343,.F.);
#13363=ADVANCED_FACE('',(#13362),#13356,.F.);
#13371=EDGE_CURVE('',#11173,#11174,#10226,.T.);
#13376=ADVANCED_FACE('',(#13375),#13368,.F.);
#13388=ADVANCED_FACE('',(#13387),#13381,.F.);
#13396=EDGE_CURVE('',#11177,#11178,#10233,.T.);
#13401=ADVANCED_FACE('',(#13400),#13393,.F.);
#13413=ADVANCED_FACE('',(#13412),#13406,.F.);
#13420=EDGE_CURVE('',#10628,#10933,#10240,.T.);
#13422=EDGE_CURVE('',#10765,#10933,#10268,.T.);
#13427=ADVANCED_FACE('',(#13426),#13418,.F.);
#13434=EDGE_CURVE('',#11060,#10934,#10247,.T.);
#13436=EDGE_CURVE('',#10933,#10934,#10276,.T.);
#13441=ADVANCED_FACE('',(#13440),#13432,.F.);
#13448=EDGE_CURVE('',#11062,#10936,#10254,.T.);
#13450=EDGE_CURVE('',#10934,#10936,#10283,.T.);
#13455=ADVANCED_FACE('',(#13454),#13446,.F.);
#13462=EDGE_CURVE('',#10632,#10938,#10261,.T.);
#13464=EDGE_CURVE('',#10936,#10938,#10291,.T.);
#13469=ADVANCED_FACE('',(#13468),#13460,.F.);
#13477=EDGE_CURVE('',#10938,#10766,#10298,.T.);
#13482=ADVANCED_FACE('',(#13481),#13474,.F.);
#13496=ADVANCED_FACE('',(#13495),#13487,.F.);
#13503=EDGE_CURVE('',#10620,#10925,#10305,.T.);
#13505=EDGE_CURVE('',#10761,#10925,#10333,.T.);
#13510=ADVANCED_FACE('',(#13509),#13501,.F.);
#13517=EDGE_CURVE('',#11056,#10926,#10312,.T.);
#13519=EDGE_CURVE('',#10925,#10926,#10341,.T.);
#13524=ADVANCED_FACE('',(#13523),#13515,.F.);
#13531=EDGE_CURVE('',#11058,#10928,#10319,.T.);
#13533=EDGE_CURVE('',#10926,#10928,#10348,.T.);
#13538=ADVANCED_FACE('',(#13537),#13529,.F.);
#13545=EDGE_CURVE('',#10624,#10930,#10326,.T.);
#13547=EDGE_CURVE('',#10928,#10930,#10356,.T.);
#13552=ADVANCED_FACE('',(#13551),#13543,.F.);
#13560=EDGE_CURVE('',#10930,#10762,#10363,.T.);
#13565=ADVANCED_FACE('',(#13564),#13557,.F.);
#13579=ADVANCED_FACE('',(#13578),#13570,.F.);
#13586=EDGE_CURVE('',#10612,#10917,#10370,.T.);
#13588=EDGE_CURVE('',#10757,#10917,#10398,.T.);
#13593=ADVANCED_FACE('',(#13592),#13584,.F.);
#13600=EDGE_CURVE('',#11052,#10918,#10377,.T.);
#13602=EDGE_CURVE('',#10917,#10918,#10406,.T.);
#13607=ADVANCED_FACE('',(#13606),#13598,.F.);
#13614=EDGE_CURVE('',#11054,#10920,#10384,.T.);
#13616=EDGE_CURVE('',#10918,#10920,#10413,.T.);
#13621=ADVANCED_FACE('',(#13620),#13612,.F.);
#13628=EDGE_CURVE('',#10616,#10922,#10391,.T.);
#13630=EDGE_CURVE('',#10920,#10922,#10421,.T.);
#13635=ADVANCED_FACE('',(#13634),#13626,.F.);
#13643=EDGE_CURVE('',#10922,#10758,#10428,.T.);
#13648=ADVANCED_FACE('',(#13647),#13640,.F.);
#13662=ADVANCED_FACE('',(#13661),#13653,.F.);
#13669=EDGE_CURVE('',#10604,#10909,#10435,.T.);
#13671=EDGE_CURVE('',#10753,#10909,#10463,.T.);
#13676=ADVANCED_FACE('',(#13675),#13667,.F.);
#13683=EDGE_CURVE('',#11048,#10910,#10442,.T.);
#13685=EDGE_CURVE('',#10909,#10910,#10471,.T.);
#13690=ADVANCED_FACE('',(#13689),#13681,.F.);
#13697=EDGE_CURVE('',#11050,#10912,#10449,.T.);
#13699=EDGE_CURVE('',#10910,#10912,#10478,.T.);
#13704=ADVANCED_FACE('',(#13703),#13695,.F.);
#13711=EDGE_CURVE('',#10608,#10914,#10456,.T.);
#13713=EDGE_CURVE('',#10912,#10914,#10486,.T.);
#13718=ADVANCED_FACE('',(#13717),#13709,.F.);
#13726=EDGE_CURVE('',#10914,#10754,#10493,.T.);
#13731=ADVANCED_FACE('',(#13730),#13723,.F.);
#13745=ADVANCED_FACE('',(#13744),#13736,.F.);
#13752=EDGE_CURVE('',#10740,#10585,#10507,.T.);
#13754=EDGE_CURVE('',#10592,#10585,#10542,.T.);
#13756=EDGE_CURVE('',#10592,#10739,#10500,.T.);
#13760=ADVANCED_FACE('',(#13759),#13750,.F.);
#13767=EDGE_CURVE('',#10742,#10586,#10514,.T.);
#13769=EDGE_CURVE('',#10585,#10586,#10549,.T.);
#13774=ADVANCED_FACE('',(#13773),#13765,.F.);
#13781=EDGE_CURVE('',#10744,#10588,#10528,.T.);
#13783=EDGE_CURVE('',#10586,#10588,#10556,.T.);
#13788=ADVANCED_FACE('',(#13787),#13779,.F.);
#13795=EDGE_CURVE('',#10591,#10746,#10521,.T.);
#13797=EDGE_CURVE('',#10588,#10591,#10563,.T.);
#13802=ADVANCED_FACE('',(#13801),#13793,.F.);
#13810=EDGE_CURVE('',#10591,#10592,#10535,.T.);
#13815=ADVANCED_FACE('',(#13814),#13807,.F.);
#13828=ADVANCED_FACE('',(#13827),#13820,.F.);
#13837=(LENGTH_UNIT()NAMED_UNIT(*)SI_UNIT(.MILLI.,.METRE.));
#13838=(NAMED_UNIT(*)PLANE_ANGLE_UNIT()SI_UNIT($,.RADIAN.));
#13841=(NAMED_UNIT(*)SI_UNIT($,.STERADIAN.)SOLID_ANGLE_UNIT());
#13843=(GEOMETRIC_REPRESENTATION_CONTEXT(3)GLOBAL_UNCERTAINTY_ASSIGNED_CONTEXT((
#13842))GLOBAL_UNIT_ASSIGNED_CONTEXT((#13837,#13840,#13841))REPRESENTATION_CONTEXT('ID2','3'));
#13847=AXIS2_PLACEMENT_3D('',#13844,#13845,#13846);
#13848=ADVANCED_BREP_SHAPE_REPRESENTATION('',(#13847,#13830),#13843);
#13852=PRODUCT_DEFINITION('part definition','',#13851,#7209);
#13853=PRODUCT_DEFINITION_SHAPE('','SHAPE FOR BODY.',#13852);
#13854=SHAPE_ASPECT('','solid data associated with BODY',#13853,.F.);
#13855=PROPERTY_DEFINITION('',
'shape for solid data with which properties are associated',#13854);
#13856=SHAPE_REPRESENTATION('',(#13830),#13843);
#13857=SHAPE_DEFINITION_REPRESENTATION(#13855,#13856);
#13858=(LENGTH_UNIT()NAMED_UNIT(*)SI_UNIT(.MILLI.,.METRE.));
#13862=PROPERTY_DEFINITION('geometric validation property','area of BODY',
#13854);
#13863=REPRESENTATION('surface area',(#13861),#13843);
#13864=PROPERTY_DEFINITION_REPRESENTATION(#13862,#13863);
#13865=(LENGTH_UNIT()NAMED_UNIT(*)SI_UNIT(.MILLI.,.METRE.));
#13869=PROPERTY_DEFINITION('geometric validation property','volume of BODY',
#13854);
#13870=REPRESENTATION('volume',(#13868),#13843);
#13871=PROPERTY_DEFINITION_REPRESENTATION(#13869,#13870);
#13873=PROPERTY_DEFINITION('geometric validation property','centroid of BODY',
#13854);
#13874=REPRESENTATION('centroid',(#13872),#13843);
#13875=PROPERTY_DEFINITION_REPRESENTATION(#13873,#13874);
#13876=(LENGTH_UNIT()NAMED_UNIT(*)SI_UNIT(.MILLI.,.METRE.));
#13880=PROPERTY_DEFINITION('geometric validation property','area of BODY',
#13853);
#13881=REPRESENTATION('surface area',(#13879),#13843);
#13882=PROPERTY_DEFINITION_REPRESENTATION(#13880,#13881);
#13883=(LENGTH_UNIT()NAMED_UNIT(*)SI_UNIT(.MILLI.,.METRE.));
#13887=PROPERTY_DEFINITION('geometric validation property','volume of BODY',
#13853);
#13888=REPRESENTATION('volume',(#13886),#13843);
#13889=PROPERTY_DEFINITION_REPRESENTATION(#13887,#13888);
#13891=PROPERTY_DEFINITION('geometric validation property','centroid of BODY',
#13853);
#13892=REPRESENTATION('centroid',(#13890),#13843);
#13893=PROPERTY_DEFINITION_REPRESENTATION(#13891,#13892);
#13894=SHAPE_DEFINITION_REPRESENTATION(#13853,#13848);
#13895=NEXT_ASSEMBLY_USAGE_OCCURRENCE('1','Next assembly relationship','BODY',
#13951,#13852,$);
#13896=PRODUCT_DEFINITION_SHAPE('Placement #1',
'Placement of BODY with respect to RTJ0020G_ASM',#13895);
#13898=PROPERTY_DEFINITION('geometric validation property','centroid of BODY',
#13896);
#13899=REPRESENTATION('centroid',(#13897),#13843);
#13900=PROPERTY_DEFINITION_REPRESENTATION(#13898,#13899);
#13908=(LENGTH_UNIT()NAMED_UNIT(*)SI_UNIT(.MILLI.,.METRE.));
#13909=(NAMED_UNIT(*)PLANE_ANGLE_UNIT()SI_UNIT($,.RADIAN.));
#13912=(NAMED_UNIT(*)SI_UNIT($,.STERADIAN.)SOLID_ANGLE_UNIT());
#13914=(GEOMETRIC_REPRESENTATION_CONTEXT(3)GLOBAL_UNCERTAINTY_ASSIGNED_CONTEXT((
#13913))GLOBAL_UNIT_ASSIGNED_CONTEXT((#13908,#13911,#13912))REPRESENTATION_CONTEXT('ID3','3'));
#13918=AXIS2_PLACEMENT_3D('',#13915,#13916,#13917);
#13919=SHAPE_REPRESENTATION('',(#13918),#13914);
#13924=PRODUCT_DEFINITION('part definition','',#13923,#13920);
#13925=PRODUCT_DEFINITION_SHAPE('','SHAPE FOR PIN1_AREA.',#13924);
#13926=SHAPE_DEFINITION_REPRESENTATION(#13925,#13919);
#13927=NEXT_ASSEMBLY_USAGE_OCCURRENCE('2','Next assembly relationship',
'PIN1_AREA',#13951,#13924,$);
#13928=PRODUCT_DEFINITION_SHAPE('Placement #2',
'Placement of PIN1_AREA with respect to RTJ0020G_ASM',#13927);
#13936=(LENGTH_UNIT()NAMED_UNIT(*)SI_UNIT(.MILLI.,.METRE.));
#13937=(NAMED_UNIT(*)PLANE_ANGLE_UNIT()SI_UNIT($,.RADIAN.));
#13940=(NAMED_UNIT(*)SI_UNIT($,.STERADIAN.)SOLID_ANGLE_UNIT());
#13942=(GEOMETRIC_REPRESENTATION_CONTEXT(3)GLOBAL_UNCERTAINTY_ASSIGNED_CONTEXT((
#13941))GLOBAL_UNIT_ASSIGNED_CONTEXT((#13936,#13939,#13940))REPRESENTATION_CONTEXT('ID4','3'));
#13946=AXIS2_PLACEMENT_3D('',#13943,#13944,#13945);
#13951=PRODUCT_DEFINITION('part definition','',#13950,#13920);
#13952=(LENGTH_UNIT()NAMED_UNIT(*)SI_UNIT(.MILLI.,.METRE.));
#13956=PROPERTY_DEFINITION('geometric validation property',
'area of RTJ0020G_ASM',#7257);
#13957=REPRESENTATION('surface area',(#13955),#13942);
#13958=PROPERTY_DEFINITION_REPRESENTATION(#13956,#13957);
#13959=(LENGTH_UNIT()NAMED_UNIT(*)SI_UNIT(.MILLI.,.METRE.));
#13963=PROPERTY_DEFINITION('geometric validation property',
'volume of RTJ0020G_ASM',#7257);
#13964=REPRESENTATION('volume',(#13962),#13942);
#13965=PROPERTY_DEFINITION_REPRESENTATION(#13963,#13964);
#13967=PROPERTY_DEFINITION('geometric validation property',
'centroid of RTJ0020G_ASM',#7257);
#13968=REPRESENTATION('centroid',(#13966),#13942);
#13969=PROPERTY_DEFINITION_REPRESENTATION(#13967,#13968);
ENDSEC;
END-ISO-10303-21;
